Fitter report for C_2024_carrier
Fri Aug 02 09:39:41 2024
Quartus Prime Version 17.1.0 Build 590 10/25/2017 SJ Standard Edition


---------------------
; Table of Contents ;
---------------------
  1. Legal Notice
  2. Fitter Summary
  3. Fitter Settings
  4. Parallel Compilation
  5. Incremental Compilation Preservation Summary
  6. Incremental Compilation Partition Settings
  7. Incremental Compilation Placement Preservation
  8. Pin-Out File
  9. Fitter Resource Usage Summary
 10. Fitter Partition Statistics
 11. Input Pins
 12. Output Pins
 13. Dual Purpose and Dedicated Pins
 14. I/O Bank Usage
 15. All Package Pins
 16. PLL Summary
 17. PLL Usage
 18. I/O Assignment Warnings
 19. Fitter Resource Utilization by Entity
 20. Delay Chain Summary
 21. Pad To Core Delay Chain Fanout
 22. Control Signals
 23. Global & Other Fast Signals
 24. Fitter RAM Summary
 25. |C_2024_carrier|DDS_time_delay:u_DDS_time_delay|DDS_direct:u_DDS_direct|dds_ctrl_direct:dds_ctrl_direct_inst|rom_wave_sin:rom_ip_inst_1|altsyncram:altsyncram_component|altsyncram_8cb1:auto_generated|ALTSYNCRAM
 26. |C_2024_carrier|DDS_time_delay:u_DDS_time_delay|DDS_multi:u_DDS_multi|dds_ctrl_multi:dds_ctrl_multi_inst|rom_wave_sin:rom_ip_inst_1|altsyncram:altsyncram_component|altsyncram_8cb1:auto_generated|ALTSYNCRAM
 27. |C_2024_carrier|DDS_time_delay:u_DDS_time_delay|rom_delay_time:rom_delay_time_inst|altsyncram:altsyncram_component|altsyncram_jmd1:auto_generated|ALTSYNCRAM
 28. Routing Usage Summary
 29. LAB Logic Elements
 30. LAB-wide Signals
 31. LAB Signals Sourced
 32. LAB Signals Sourced Out
 33. LAB Distinct Inputs
 34. I/O Rules Summary
 35. I/O Rules Details
 36. I/O Rules Matrix
 37. Fitter Device Options
 38. Operating Settings and Conditions
 39. Fitter Messages
 40. Fitter Suppressed Messages



----------------
; Legal Notice ;
----------------
Copyright (C) 2017  Intel Corporation. All rights reserved.
Your use of Intel Corporation's design tools, logic functions 
and other software and tools, and its AMPP partner logic 
functions, and any output files from any of the foregoing 
(including device programming or simulation files), and any 
associated documentation or information are expressly subject 
to the terms and conditions of the Intel Program License 
Subscription Agreement, the Intel Quartus Prime License Agreement,
the Intel FPGA IP License Agreement, or other applicable license
agreement, including, without limitation, that your use is for
the sole purpose of programming logic devices manufactured by
Intel and sold by Intel or its authorized distributors.  Please
refer to the applicable agreement for further details.



+--------------------------------------------------------------------------------------+
; Fitter Summary                                                                       ;
+------------------------------------+-------------------------------------------------+
; Fitter Status                      ; Successful - Fri Aug 02 09:39:41 2024           ;
; Quartus Prime Version              ; 17.1.0 Build 590 10/25/2017 SJ Standard Edition ;
; Revision Name                      ; C_2024_carrier                                  ;
; Top-level Entity Name              ; C_2024_carrier                                  ;
; Family                             ; MAX 10                                          ;
; Device                             ; 10M08SAM153C8GES                                ;
; Timing Models                      ; Preliminary                                     ;
; Total logic elements               ; 1,414 / 8,064 ( 18 % )                          ;
;     Total combinational functions  ; 779 / 8,064 ( 10 % )                            ;
;     Dedicated logic registers      ; 1,138 / 8,064 ( 14 % )                          ;
; Total registers                    ; 1138                                            ;
; Total pins                         ; 24 / 112 ( 21 % )                               ;
; Total virtual pins                 ; 0                                               ;
; Total memory bits                  ; 165,392 / 387,072 ( 43 % )                      ;
; Embedded Multiplier 9-bit elements ; 0 / 48 ( 0 % )                                  ;
; Total PLLs                         ; 1 / 1 ( 100 % )                                 ;
; UFM blocks                         ; 0 / 1 ( 0 % )                                   ;
; ADC blocks                         ; 0 / 1 ( 0 % )                                   ;
+------------------------------------+-------------------------------------------------+


+------------------------------------------------------------------------------------------------------------------------------------------+
; Fitter Settings                                                                                                                          ;
+----------------------------------------------------------------------------+---------------------+---------------------------------------+
; Option                                                                     ; Setting             ; Default Value                         ;
+----------------------------------------------------------------------------+---------------------+---------------------------------------+
; Device                                                                     ; 10M08SAM153C8GES    ;                                       ;
; Minimum Core Junction Temperature                                          ; 0                   ;                                       ;
; Maximum Core Junction Temperature                                          ; 85                  ;                                       ;
; Fit Attempts to Skip                                                       ; 0                   ; 0.0                                   ;
; Device I/O Standard                                                        ; 3.3-V LVTTL         ;                                       ;
; Reserve all unused pins                                                    ; As input tri-stated ; As input tri-stated with weak pull-up ;
; Use smart compilation                                                      ; Off                 ; Off                                   ;
; Enable parallel Assembler and TimeQuest Timing Analyzer during compilation ; On                  ; On                                    ;
; Enable compact report table                                                ; Off                 ; Off                                   ;
; Auto Merge PLLs                                                            ; On                  ; On                                    ;
; Router Timing Optimization Level                                           ; Normal              ; Normal                                ;
; Perform Clocking Topology Analysis During Routing                          ; Off                 ; Off                                   ;
; Placement Effort Multiplier                                                ; 1.0                 ; 1.0                                   ;
; Router Effort Multiplier                                                   ; 1.0                 ; 1.0                                   ;
; Optimize Hold Timing                                                       ; All Paths           ; All Paths                             ;
; Optimize Multi-Corner Timing                                               ; On                  ; On                                    ;
; Power Optimization During Fitting                                          ; Normal compilation  ; Normal compilation                    ;
; SSN Optimization                                                           ; Off                 ; Off                                   ;
; Optimize Timing                                                            ; Normal compilation  ; Normal compilation                    ;
; Optimize Timing for ECOs                                                   ; Off                 ; Off                                   ;
; Regenerate Full Fit Report During ECO Compiles                             ; Off                 ; Off                                   ;
; Optimize IOC Register Placement for Timing                                 ; Normal              ; Normal                                ;
; Final Placement Optimizations                                              ; Automatically       ; Automatically                         ;
; Fitter Initial Placement Seed                                              ; 1                   ; 1                                     ;
; Periphery to Core Placement and Routing Optimization                       ; Off                 ; Off                                   ;
; PCI I/O                                                                    ; Off                 ; Off                                   ;
; Weak Pull-Up Resistor                                                      ; Off                 ; Off                                   ;
; Enable Bus-Hold Circuitry                                                  ; Off                 ; Off                                   ;
; Auto Packed Registers                                                      ; Auto                ; Auto                                  ;
; Auto Delay Chains                                                          ; On                  ; On                                    ;
; Auto Delay Chains for High Fanout Input Pins                               ; Off                 ; Off                                   ;
; Allow Single-ended Buffer for Differential-XSTL Input                      ; Off                 ; Off                                   ;
; Treat Bidirectional Pin as Output Pin                                      ; Off                 ; Off                                   ;
; Perform Physical Synthesis for Combinational Logic for Fitting             ; Off                 ; Off                                   ;
; Perform Physical Synthesis for Combinational Logic for Performance         ; Off                 ; Off                                   ;
; Perform Register Duplication for Performance                               ; Off                 ; Off                                   ;
; Perform Logic to Memory Mapping for Fitting                                ; Off                 ; Off                                   ;
; Perform Register Retiming for Performance                                  ; Off                 ; Off                                   ;
; Perform Asynchronous Signal Pipelining                                     ; Off                 ; Off                                   ;
; Fitter Effort                                                              ; Auto Fit            ; Auto Fit                              ;
; Physical Synthesis Effort Level                                            ; Normal              ; Normal                                ;
; Logic Cell Insertion - Logic Duplication                                   ; Auto                ; Auto                                  ;
; Auto Register Duplication                                                  ; Auto                ; Auto                                  ;
; Auto Global Clock                                                          ; On                  ; On                                    ;
; Auto Global Register Control Signals                                       ; On                  ; On                                    ;
; Synchronizer Identification                                                ; Auto                ; Auto                                  ;
; Enable Beneficial Skew Optimization                                        ; On                  ; On                                    ;
; Optimize Design for Metastability                                          ; On                  ; On                                    ;
; Force Fitter to Avoid Periphery Placement Warnings                         ; Off                 ; Off                                   ;
; Enable input tri-state on active configuration pins in user mode           ; Off                 ; Off                                   ;
+----------------------------------------------------------------------------+---------------------+---------------------------------------+


+------------------------------------------+
; Parallel Compilation                     ;
+----------------------------+-------------+
; Processors                 ; Number      ;
+----------------------------+-------------+
; Number detected on machine ; 32          ;
; Maximum allowed            ; 16          ;
;                            ;             ;
; Average used               ; 1.50        ;
; Maximum used               ; 16          ;
;                            ;             ;
; Usage by Processor         ; % Time Used ;
;     Processor 1            ; 100.0%      ;
;     Processor 2            ;   3.6%      ;
;     Processor 3            ;   3.5%      ;
;     Processor 4            ;   3.5%      ;
;     Processor 5            ;   3.4%      ;
;     Processor 6            ;   3.4%      ;
;     Processor 7            ;   3.4%      ;
;     Processor 8            ;   3.3%      ;
;     Processors 9-16        ;   3.3%      ;
+----------------------------+-------------+


+---------------------------------------------------------------------------------------------------+
; Incremental Compilation Preservation Summary                                                      ;
+---------------------+---------------------+----------------------------+--------------------------+
; Type                ; Total [A + B]       ; From Design Partitions [A] ; From Rapid Recompile [B] ;
+---------------------+---------------------+----------------------------+--------------------------+
; Placement (by node) ;                     ;                            ;                          ;
;     -- Requested    ; 0.00 % ( 0 / 2109 ) ; 0.00 % ( 0 / 2109 )        ; 0.00 % ( 0 / 2109 )      ;
;     -- Achieved     ; 0.00 % ( 0 / 2109 ) ; 0.00 % ( 0 / 2109 )        ; 0.00 % ( 0 / 2109 )      ;
;                     ;                     ;                            ;                          ;
; Routing (by net)    ;                     ;                            ;                          ;
;     -- Requested    ; 0.00 % ( 0 / 0 )    ; 0.00 % ( 0 / 0 )           ; 0.00 % ( 0 / 0 )         ;
;     -- Achieved     ; 0.00 % ( 0 / 0 )    ; 0.00 % ( 0 / 0 )           ; 0.00 % ( 0 / 0 )         ;
+---------------------+---------------------+----------------------------+--------------------------+


+----------------------------------------------------------------------------------------------------------------------------------------------------------------------------------------+
; Incremental Compilation Partition Settings                                                                                                                                             ;
+--------------------------------+----------------+-------------------+-------------------------+------------------------+------------------------------+--------------------------------+
; Partition Name                 ; Partition Type ; Netlist Type Used ; Preservation Level Used ; Netlist Type Requested ; Preservation Level Requested ; Contents                       ;
+--------------------------------+----------------+-------------------+-------------------------+------------------------+------------------------------+--------------------------------+
; Top                            ; User-created   ; Source File       ; N/A                     ; Source File            ; N/A                          ;                                ;
; sld_hub:auto_hub               ; Auto-generated ; Post-Synthesis    ; N/A                     ; Post-Synthesis         ; N/A                          ; sld_hub:auto_hub               ;
; sld_signaltap:auto_signaltap_0 ; Auto-generated ; Post-Synthesis    ; N/A                     ; Post-Synthesis         ; N/A                          ; sld_signaltap:auto_signaltap_0 ;
; hard_block:auto_generated_inst ; Auto-generated ; Source File       ; N/A                     ; Source File            ; N/A                          ; hard_block:auto_generated_inst ;
+--------------------------------+----------------+-------------------+-------------------------+------------------------+------------------------------+--------------------------------+


+------------------------------------------------------------------------------------------------------------------------------------+
; Incremental Compilation Placement Preservation                                                                                     ;
+--------------------------------+-----------------------+-------------------------+-------------------+---------------------+-------+
; Partition Name                 ; Preservation Achieved ; Preservation Level Used ; Netlist Type Used ; Preservation Method ; Notes ;
+--------------------------------+-----------------------+-------------------------+-------------------+---------------------+-------+
; Top                            ; 0.00 % ( 0 / 424 )    ; N/A                     ; Source File       ; N/A                 ;       ;
; sld_hub:auto_hub               ; 0.00 % ( 0 / 218 )    ; N/A                     ; Post-Synthesis    ; N/A                 ;       ;
; sld_signaltap:auto_signaltap_0 ; 0.00 % ( 0 / 1456 )   ; N/A                     ; Post-Synthesis    ; N/A                 ;       ;
; hard_block:auto_generated_inst ; 0.00 % ( 0 / 11 )     ; N/A                     ; Source File       ; N/A                 ;       ;
+--------------------------------+-----------------------+-------------------------+-------------------+---------------------+-------+


+--------------+
; Pin-Out File ;
+--------------+
The pin-out file can be found in D:/Quartus_code/C_2024_carrier/output_files/C_2024_carrier.pin.


+--------------------------------------------------------------------------+
; Fitter Resource Usage Summary                                            ;
+---------------------------------------------+----------------------------+
; Resource                                    ; Usage                      ;
+---------------------------------------------+----------------------------+
; Total logic elements                        ; 1,414 / 8,064 ( 18 % )     ;
;     -- Combinational with no register       ; 276                        ;
;     -- Register only                        ; 635                        ;
;     -- Combinational with a register        ; 503                        ;
;                                             ;                            ;
; Logic element usage by number of LUT inputs ;                            ;
;     -- 4 input functions                    ; 224                        ;
;     -- 3 input functions                    ; 362                        ;
;     -- <=2 input functions                  ; 193                        ;
;     -- Register only                        ; 635                        ;
;                                             ;                            ;
; Logic elements by mode                      ;                            ;
;     -- normal mode                          ; 585                        ;
;     -- arithmetic mode                      ; 194                        ;
;                                             ;                            ;
; Total registers*                            ; 1,138 / 8,597 ( 13 % )     ;
;     -- Dedicated logic registers            ; 1,138 / 8,064 ( 14 % )     ;
;     -- I/O registers                        ; 0 / 533 ( 0 % )            ;
;                                             ;                            ;
; Total LABs:  partially or completely used   ; 128 / 504 ( 25 % )         ;
; Virtual pins                                ; 0                          ;
; I/O pins                                    ; 24 / 112 ( 21 % )          ;
;     -- Clock pins                           ; 1 / 4 ( 25 % )             ;
;     -- Dedicated input pins                 ; 1 / 1 ( 100 % )            ;
;                                             ;                            ;
; M9Ks                                        ; 20 / 42 ( 48 % )           ;
; UFM blocks                                  ; 0 / 1 ( 0 % )              ;
; ADC blocks                                  ; 0 / 1 ( 0 % )              ;
; Total block memory bits                     ; 165,392 / 387,072 ( 43 % ) ;
; Total block memory implementation bits      ; 184,320 / 387,072 ( 48 % ) ;
; Embedded Multiplier 9-bit elements          ; 0 / 48 ( 0 % )             ;
; PLLs                                        ; 1 / 1 ( 100 % )            ;
; Global signals                              ; 6                          ;
;     -- Global clocks                        ; 6 / 10 ( 60 % )            ;
; JTAGs                                       ; 1 / 1 ( 100 % )            ;
; CRC blocks                                  ; 0 / 1 ( 0 % )              ;
; Remote update blocks                        ; 0 / 1 ( 0 % )              ;
; Oscillator blocks                           ; 0 / 1 ( 0 % )              ;
; Average interconnect usage (total/H/V)      ; 3.3% / 3.1% / 3.7%         ;
; Peak interconnect usage (total/H/V)         ; 4.9% / 4.8% / 5.1%         ;
; Maximum fan-out                             ; 733                        ;
; Highest non-global fan-out                  ; 98                         ;
; Total fan-out                               ; 6487                       ;
; Average fan-out                             ; 2.64                       ;
+---------------------------------------------+----------------------------+
*  Register count does not include registers inside RAM blocks or DSP blocks.



+---------------------------------------------------------------------------------------------------------------------------------------------------------+
; Fitter Partition Statistics                                                                                                                             ;
+---------------------------------------------+--------------------+--------------------+--------------------------------+--------------------------------+
; Statistic                                   ; Top                ; sld_hub:auto_hub   ; sld_signaltap:auto_signaltap_0 ; hard_block:auto_generated_inst ;
+---------------------------------------------+--------------------+--------------------+--------------------------------+--------------------------------+
; Difficulty Clustering Region                ; Low                ; Low                ; Low                            ; Low                            ;
;                                             ;                    ;                    ;                                ;                                ;
; Total logic elements                        ; 229 / 8064 ( 3 % ) ; 153 / 8064 ( 2 % ) ; 1032 / 8064 ( 13 % )           ; 0 / 8064 ( 0 % )               ;
;     -- Combinational with no register       ; 102                ; 62                 ; 112                            ; 0                              ;
;     -- Register only                        ; 17                 ; 26                 ; 592                            ; 0                              ;
;     -- Combinational with a register        ; 110                ; 65                 ; 328                            ; 0                              ;
;                                             ;                    ;                    ;                                ;                                ;
; Logic element usage by number of LUT inputs ;                    ;                    ;                                ;                                ;
;     -- 4 input functions                    ; 46                 ; 55                 ; 123                            ; 0                              ;
;     -- 3 input functions                    ; 124                ; 36                 ; 202                            ; 0                              ;
;     -- <=2 input functions                  ; 42                 ; 36                 ; 115                            ; 0                              ;
;     -- Register only                        ; 17                 ; 26                 ; 592                            ; 0                              ;
;                                             ;                    ;                    ;                                ;                                ;
; Logic elements by mode                      ;                    ;                    ;                                ;                                ;
;     -- normal mode                          ; 107                ; 119                ; 359                            ; 0                              ;
;     -- arithmetic mode                      ; 105                ; 8                  ; 81                             ; 0                              ;
;                                             ;                    ;                    ;                                ;                                ;
; Total registers                             ; 127                ; 91                 ; 920                            ; 0                              ;
;     -- Dedicated logic registers            ; 127 / 8064 ( 2 % ) ; 91 / 8064 ( 1 % )  ; 920 / 8064 ( 11 % )            ; 0 / 8064 ( 0 % )               ;
;     -- I/O registers                        ; 0                  ; 0                  ; 0                              ; 0                              ;
;                                             ;                    ;                    ;                                ;                                ;
; Total LABs:  partially or completely used   ; 25 / 504 ( 5 % )   ; 13 / 504 ( 3 % )   ; 93 / 504 ( 18 % )              ; 0 / 504 ( 0 % )                ;
;                                             ;                    ;                    ;                                ;                                ;
; Virtual pins                                ; 0                  ; 0                  ; 0                              ; 0                              ;
; I/O pins                                    ; 24                 ; 0                  ; 0                              ; 0                              ;
; Embedded Multiplier 9-bit elements          ; 0 / 48 ( 0 % )     ; 0 / 48 ( 0 % )     ; 0 / 48 ( 0 % )                 ; 0 / 48 ( 0 % )                 ;
; Total memory bits                           ; 66064              ; 0                  ; 99328                          ; 0                              ;
; Total RAM block bits                        ; 82944              ; 0                  ; 101376                         ; 0                              ;
; JTAG                                        ; 1 / 1 ( 100 % )    ; 0 / 1 ( 0 % )      ; 0 / 1 ( 0 % )                  ; 0 / 1 ( 0 % )                  ;
; PLL                                         ; 0 / 1 ( 0 % )      ; 0 / 1 ( 0 % )      ; 0 / 1 ( 0 % )                  ; 1 / 1 ( 100 % )                ;
; M9K                                         ; 9 / 42 ( 21 % )    ; 0 / 42 ( 0 % )     ; 11 / 42 ( 26 % )               ; 0 / 42 ( 0 % )                 ;
; Clock control block                         ; 3 / 12 ( 25 % )    ; 0 / 12 ( 0 % )     ; 1 / 12 ( 8 % )                 ; 2 / 12 ( 16 % )                ;
; User Flash Memory                           ; 1 / 1 ( 100 % )    ; 0 / 1 ( 0 % )      ; 0 / 1 ( 0 % )                  ; 0 / 1 ( 0 % )                  ;
; Analog-to-Digital Converter                 ; 1 / 1 ( 100 % )    ; 0 / 1 ( 0 % )      ; 0 / 1 ( 0 % )                  ; 0 / 1 ( 0 % )                  ;
;                                             ;                    ;                    ;                                ;                                ;
; Connections                                 ;                    ;                    ;                                ;                                ;
;     -- Input Connections                    ; 140                ; 134                ; 1225                           ; 2                              ;
;     -- Registered Input Connections         ; 135                ; 100                ; 985                            ; 0                              ;
;     -- Output Connections                   ; 538                ; 158                ; 34                             ; 771                            ;
;     -- Registered Output Connections        ; 77                 ; 158                ; 0                              ; 0                              ;
;                                             ;                    ;                    ;                                ;                                ;
; Internal Connections                        ;                    ;                    ;                                ;                                ;
;     -- Total Connections                    ; 1768               ; 875                ; 4548                           ; 780                            ;
;     -- Registered Connections               ; 682                ; 615                ; 2444                           ; 0                              ;
;                                             ;                    ;                    ;                                ;                                ;
; External Connections                        ;                    ;                    ;                                ;                                ;
;     -- Top                                  ; 0                  ; 123                ; 414                            ; 141                            ;
;     -- sld_hub:auto_hub                     ; 123                ; 20                 ; 149                            ; 0                              ;
;     -- sld_signaltap:auto_signaltap_0       ; 414                ; 149                ; 64                             ; 632                            ;
;     -- hard_block:auto_generated_inst       ; 141                ; 0                  ; 632                            ; 0                              ;
;                                             ;                    ;                    ;                                ;                                ;
; Partition Interface                         ;                    ;                    ;                                ;                                ;
;     -- Input Ports                          ; 8                  ; 45                 ; 264                            ; 2                              ;
;     -- Output Ports                         ; 98                 ; 62                 ; 113                            ; 3                              ;
;     -- Bidir Ports                          ; 0                  ; 0                  ; 0                              ; 0                              ;
;                                             ;                    ;                    ;                                ;                                ;
; Registered Ports                            ;                    ;                    ;                                ;                                ;
;     -- Registered Input Ports               ; 0                  ; 4                  ; 41                             ; 0                              ;
;     -- Registered Output Ports              ; 0                  ; 29                 ; 99                             ; 0                              ;
;                                             ;                    ;                    ;                                ;                                ;
; Port Connectivity                           ;                    ;                    ;                                ;                                ;
;     -- Input Ports driven by GND            ; 0                  ; 0                  ; 18                             ; 0                              ;
;     -- Output Ports driven by GND           ; 0                  ; 28                 ; 2                              ; 0                              ;
;     -- Input Ports driven by VCC            ; 0                  ; 0                  ; 15                             ; 0                              ;
;     -- Output Ports driven by VCC           ; 0                  ; 0                  ; 1                              ; 0                              ;
;     -- Input Ports with no Source           ; 0                  ; 25                 ; 101                            ; 0                              ;
;     -- Output Ports with no Source          ; 0                  ; 0                  ; 0                              ; 0                              ;
;     -- Input Ports with no Fanout           ; 0                  ; 30                 ; 115                            ; 0                              ;
;     -- Output Ports with no Fanout          ; 0                  ; 29                 ; 101                            ; 0                              ;
+---------------------------------------------+--------------------+--------------------+--------------------------------+--------------------------------+


+--------------------------------------------------------------------------------------------------------------------------------------------------------------------------------------------------------------------------------------------------------------------------------------------+
; Input Pins                                                                                                                                                                                                                                                                                 ;
+-----------+-------+----------+--------------+--------------+--------------+-----------------------+--------------------+--------+----------------+---------------+-----------------+----------+--------------+--------------+---------------------------+----------------------+-----------+
; Name      ; Pin # ; I/O Bank ; X coordinate ; Y coordinate ; Z coordinate ; Combinational Fan-Out ; Registered Fan-Out ; Global ; Input Register ; Power Up High ; PCI I/O Enabled ; Bus Hold ; Weak Pull Up ; I/O Standard ; Termination Control Block ; Location assigned by ; Slew Rate ;
+-----------+-------+----------+--------------+--------------+--------------+-----------------------+--------------------+--------+----------------+---------------+-----------------+----------+--------------+--------------+---------------------------+----------------------+-----------+
; spi_scl   ; B8    ; 8        ; 15           ; 25           ; 21           ; 2                     ; 0                  ; no     ; no             ; no            ; yes             ; no       ; Off          ; 3.3-V LVTTL  ; --                        ; User                 ; 0         ;
; spi_sdi   ; C8    ; 8        ; 15           ; 25           ; 14           ; 2                     ; 0                  ; no     ; no             ; no            ; yes             ; no       ; Off          ; 3.3-V LVTTL  ; --                        ; User                 ; 0         ;
; spi_sel   ; P6    ; 3        ; 9            ; 0            ; 28           ; 3                     ; 0                  ; no     ; no             ; no            ; yes             ; no       ; Off          ; 3.3-V LVTTL  ; --                        ; User                 ; 0         ;
; sys_clk   ; J5    ; 2        ; 0            ; 7            ; 21           ; 1                     ; 0                  ; no     ; no             ; no            ; yes             ; no       ; Off          ; 3.3-V LVTTL  ; --                        ; User                 ; 0         ;
; sys_rst_n ; J9    ; 5        ; 31           ; 6            ; 21           ; 3                     ; 0                  ; no     ; no             ; no            ; yes             ; no       ; Off          ; 3.3-V LVTTL  ; --                        ; User                 ; 0         ;
+-----------+-------+----------+--------------+--------------+--------------+-----------------------+--------------------+--------+----------------+---------------+-----------------+----------+--------------+--------------+---------------------------+----------------------+-----------+


+-----------------------------------------------------------------------------------------------------------------------------------------------------------------------------------------------------------------------------------------------------------------------------------------------------------------------------------------------------------------------------------------------------------------------------------------------+
; Output Pins                                                                                                                                                                                                                                                                                                                                                                                                                                   ;
+--------------------+-------+----------+--------------+--------------+--------------+-----------------+------------------------+---------------+-----------+-----------------+------------+---------------+----------+--------------+--------------+------------------+-------------+---------------------------+----------------------------+-----------------------------+----------------------+----------------------+---------------------+
; Name               ; Pin # ; I/O Bank ; X coordinate ; Y coordinate ; Z coordinate ; Output Register ; Output Enable Register ; Power Up High ; Slew Rate ; PCI I/O Enabled ; Open Drain ; TRI Primitive ; Bus Hold ; Weak Pull Up ; I/O Standard ; Current Strength ; Termination ; Termination Control Block ; Output Buffer Pre-emphasis ; Voltage Output Differential ; Location assigned by ; Output Enable Source ; Output Enable Group ;
+--------------------+-------+----------+--------------+--------------+--------------+-----------------+------------------------+---------------+-----------+-----------------+------------+---------------+----------+--------------+--------------+------------------+-------------+---------------------------+----------------------------+-----------------------------+----------------------+----------------------+---------------------+
; DAC_clk_direct     ; L6    ; 3        ; 6            ; 0            ; 21           ; no              ; no                     ; no            ; 2         ; no              ; no         ; no            ; no       ; Off          ; 3.3-V LVTTL  ; 8mA              ; Off         ; --                        ; no                         ; no                          ; User                 ; -                    ; -                   ;
; DAC_clk_multi      ; P12   ; 3        ; 11           ; 0            ; 14           ; no              ; no                     ; no            ; 2         ; no              ; no         ; no            ; no       ; Off          ; 3.3-V LVTTL  ; 8mA              ; Off         ; --                        ; no                         ; no                          ; User                 ; -                    ; -                   ;
; DAC_data_direct[0] ; B4    ; 8        ; 3            ; 10           ; 28           ; no              ; no                     ; no            ; 2         ; no              ; no         ; no            ; no       ; Off          ; 3.3-V LVTTL  ; 8mA              ; Off         ; --                        ; no                         ; no                          ; User                 ; -                    ; -                   ;
; DAC_data_direct[1] ; A5    ; 8        ; 3            ; 10           ; 7            ; no              ; no                     ; no            ; 2         ; no              ; no         ; no            ; no       ; Off          ; 3.3-V LVTTL  ; 8mA              ; Off         ; --                        ; no                         ; no                          ; User                 ; -                    ; -                   ;
; DAC_data_direct[2] ; P3    ; 3        ; 3            ; 0            ; 28           ; no              ; no                     ; no            ; 2         ; no              ; no         ; no            ; no       ; Off          ; 3.3-V LVTTL  ; 8mA              ; Off         ; --                        ; no                         ; no                          ; User                 ; -                    ; -                   ;
; DAC_data_direct[3] ; A7    ; 8        ; 3            ; 10           ; 0            ; no              ; no                     ; no            ; 2         ; no              ; no         ; no            ; no       ; Off          ; 3.3-V LVTTL  ; 8mA              ; Off         ; --                        ; no                         ; no                          ; User                 ; -                    ; -                   ;
; DAC_data_direct[4] ; M5    ; 3        ; 3            ; 0            ; 7            ; no              ; no                     ; no            ; 2         ; no              ; no         ; no            ; no       ; Off          ; 3.3-V LVTTL  ; 8mA              ; Off         ; --                        ; no                         ; no                          ; User                 ; -                    ; -                   ;
; DAC_data_direct[5] ; B6    ; 8        ; 6            ; 10           ; 0            ; no              ; no                     ; no            ; 2         ; no              ; no         ; no            ; no       ; Off          ; 3.3-V LVTTL  ; 8mA              ; Off         ; --                        ; no                         ; no                          ; User                 ; -                    ; -                   ;
; DAC_data_direct[6] ; R3    ; 3        ; 3            ; 0            ; 21           ; no              ; no                     ; no            ; 2         ; no              ; no         ; no            ; no       ; Off          ; 3.3-V LVTTL  ; 8mA              ; Off         ; --                        ; no                         ; no                          ; User                 ; -                    ; -                   ;
; DAC_data_direct[7] ; E7    ; 8        ; 6            ; 10           ; 28           ; no              ; no                     ; no            ; 2         ; no              ; no         ; no            ; no       ; Off          ; 3.3-V LVTTL  ; 8mA              ; Off         ; --                        ; no                         ; no                          ; User                 ; -                    ; -                   ;
; DAC_data_multi[0]  ; A11   ; 8        ; 6            ; 10           ; 14           ; no              ; no                     ; no            ; 2         ; no              ; no         ; no            ; no       ; Off          ; 3.3-V LVTTL  ; 8mA              ; Off         ; --                        ; no                         ; no                          ; User                 ; -                    ; -                   ;
; DAC_data_multi[1]  ; A13   ; 8        ; 13           ; 25           ; 28           ; no              ; no                     ; no            ; 2         ; no              ; no         ; no            ; no       ; Off          ; 3.3-V LVTTL  ; 8mA              ; Off         ; --                        ; no                         ; no                          ; User                 ; -                    ; -                   ;
; DAC_data_multi[2]  ; P9    ; 3        ; 9            ; 0            ; 14           ; no              ; no                     ; no            ; 2         ; no              ; no         ; no            ; no       ; Off          ; 3.3-V LVTTL  ; 8mA              ; Off         ; --                        ; no                         ; no                          ; User                 ; -                    ; -                   ;
; DAC_data_multi[3]  ; B11   ; 8        ; 11           ; 25           ; 21           ; no              ; no                     ; no            ; 2         ; no              ; no         ; no            ; no       ; Off          ; 3.3-V LVTTL  ; 8mA              ; Off         ; --                        ; no                         ; no                          ; User                 ; -                    ; -                   ;
; DAC_data_multi[4]  ; R9    ; 3        ; 9            ; 0            ; 7            ; no              ; no                     ; no            ; 2         ; no              ; no         ; no            ; no       ; Off          ; 3.3-V LVTTL  ; 8mA              ; Off         ; --                        ; no                         ; no                          ; User                 ; -                    ; -                   ;
; DAC_data_multi[5]  ; A14   ; 8        ; 13           ; 25           ; 0            ; no              ; no                     ; no            ; 2         ; no              ; no         ; no            ; no       ; Off          ; 3.3-V LVTTL  ; 8mA              ; Off         ; --                        ; no                         ; no                          ; User                 ; -                    ; -                   ;
; DAC_data_multi[6]  ; R11   ; 3        ; 11           ; 0            ; 21           ; no              ; no                     ; no            ; 2         ; no              ; no         ; no            ; no       ; Off          ; 3.3-V LVTTL  ; 8mA              ; Off         ; --                        ; no                         ; no                          ; User                 ; -                    ; -                   ;
; DAC_data_multi[7]  ; B13   ; 8        ; 15           ; 25           ; 28           ; no              ; no                     ; no            ; 2         ; no              ; no         ; no            ; no       ; Off          ; 3.3-V LVTTL  ; 8mA              ; Off         ; --                        ; no                         ; no                          ; User                 ; -                    ; -                   ;
; spi_sdo            ; R5    ; 3        ; 6            ; 0            ; 28           ; no              ; no                     ; no            ; 2         ; no              ; no         ; no            ; no       ; Off          ; 3.3-V LVTTL  ; 8mA              ; Off         ; --                        ; no                         ; no                          ; User                 ; -                    ; -                   ;
+--------------------+-------+----------+--------------+--------------+--------------+-----------------+------------------------+---------------+-----------+-----------------+------------+---------------+----------+--------------+--------------+------------------+-------------+---------------------------+----------------------------+-----------------------------+----------------------+----------------------+---------------------+


+-----------------------------------------------------------------------------------------------------------------------------------------+
; Dual Purpose and Dedicated Pins                                                                                                         ;
+----------+----------------------------------------------------+--------------------------------+---------------------+------------------+
; Location ; Pin Name                                           ; Reserved As                    ; User Signal Name    ; Pin Type         ;
+----------+----------------------------------------------------+--------------------------------+---------------------+------------------+
; G1       ; DIFFIO_RX_L11n, DIFFOUT_L11n, TMS, Low_Speed       ; Reserved as secondary function ; altera_reserved_tms ; Dual Purpose Pin ;
; J1       ; DIFFIO_RX_L11p, DIFFOUT_L11p, TCK, Low_Speed       ; Reserved as secondary function ; altera_reserved_tck ; Dual Purpose Pin ;
; H5       ; DIFFIO_RX_L12n, DIFFOUT_L12n, TDI, Low_Speed       ; Reserved as secondary function ; altera_reserved_tdi ; Dual Purpose Pin ;
; H4       ; DIFFIO_RX_L12p, DIFFOUT_L12p, TDO, Low_Speed       ; Reserved as secondary function ; altera_reserved_tdo ; Dual Purpose Pin ;
; B8       ; DIFFIO_RX_T16n, DIFFOUT_T16n, DEV_CLRn, Low_Speed  ; Use as regular IO              ; spi_scl             ; Dual Purpose Pin ;
; D8       ; CONFIG_SEL, Low_Speed                              ; Reserved as secondary function ; ~ALTERA_CONFIG_SEL~ ; Dual Purpose Pin ;
; E8       ; nCONFIG, Low_Speed                                 ; Reserved as secondary function ; ~ALTERA_nCONFIG~    ; Dual Purpose Pin ;
; E7       ; DIFFIO_RX_T22n, DIFFOUT_T22n, CRC_ERROR, Low_Speed ; Use as regular IO              ; DAC_data_direct[7]  ; Dual Purpose Pin ;
; D6       ; DIFFIO_RX_T24p, DIFFOUT_T24p, nSTATUS, Low_Speed   ; Reserved as secondary function ; ~ALTERA_nSTATUS~    ; Dual Purpose Pin ;
; E6       ; DIFFIO_RX_T24n, DIFFOUT_T24n, CONF_DONE, Low_Speed ; Reserved as secondary function ; ~ALTERA_CONF_DONE~  ; Dual Purpose Pin ;
+----------+----------------------------------------------------+--------------------------------+---------------------+------------------+


+------------------------------------------------------------+
; I/O Bank Usage                                             ;
+----------+------------------+---------------+--------------+
; I/O Bank ; Usage            ; VCCIO Voltage ; VREF Voltage ;
+----------+------------------+---------------+--------------+
; 1A       ; 0 / 8 ( 0 % )    ; 3.3V          ; --           ;
; 1B       ; 4 / 10 ( 40 % )  ; 3.3V          ; --           ;
; 2        ; 1 / 10 ( 10 % )  ; 3.3V          ; --           ;
; 3        ; 10 / 28 ( 36 % ) ; 3.3V          ; --           ;
; 5        ; 1 / 12 ( 8 % )   ; 3.3V          ; --           ;
; 6        ; 0 / 16 ( 0 % )   ; 3.3V          ; --           ;
; 8        ; 16 / 28 ( 57 % ) ; 3.3V          ; --           ;
+----------+------------------+---------------+--------------+


+-------------------------------------------------------------------------------------------------------------------------------------------------------------------------------+
; All Package Pins                                                                                                                                                              ;
+----------+------------+----------+--------------------------------------+--------+-----------------------+-----------+------------+-----------------+----------+--------------+
; Location ; Pad Number ; I/O Bank ; Pin Name/Usage                       ; Dir.   ; I/O Standard          ; Voltage   ; I/O Type   ; User Assignment ; Bus Hold ; Weak Pull Up ;
+----------+------------+----------+--------------------------------------+--------+-----------------------+-----------+------------+-----------------+----------+--------------+
; A1       ;            ;          ; GND                                  ; gnd    ;                       ;           ; --         ;                 ; --       ; --           ;
; A2       ; 248        ; 8        ; RESERVED_INPUT                       ;        ;                       ;           ; Column I/O ;                 ; no       ; Off          ;
; A3       ; 250        ; 8        ; RESERVED_INPUT                       ;        ;                       ;           ; Column I/O ;                 ; no       ; Off          ;
; A5       ; 243        ; 8        ; DAC_data_direct[1]                   ; output ; 3.3-V LVTTL           ;           ; Column I/O ; Y               ; no       ; Off          ;
; A7       ; 241        ; 8        ; DAC_data_direct[3]                   ; output ; 3.3-V LVTTL           ;           ; Column I/O ; Y               ; no       ; Off          ;
; A9       ; 237        ; 8        ; RESERVED_INPUT                       ;        ;                       ;           ; Column I/O ;                 ; no       ; Off          ;
; A11      ; 239        ; 8        ; DAC_data_multi[0]                    ; output ; 3.3-V LVTTL           ;           ; Column I/O ; Y               ; no       ; Off          ;
; A13      ; 231        ; 8        ; DAC_data_multi[1]                    ; output ; 3.3-V LVTTL           ;           ; Column I/O ; Y               ; no       ; Off          ;
; A14      ; 227        ; 8        ; DAC_data_multi[5]                    ; output ; 3.3-V LVTTL           ;           ; Column I/O ; Y               ; no       ; Off          ;
; A15      ;            ;          ; GND                                  ; gnd    ;                       ;           ; --         ;                 ; --       ; --           ;
; B1       ; 10         ; 1A       ; RESERVED_INPUT                       ;        ;                       ;           ; Row I/O    ;                 ; no       ; Off          ;
; B2       ;            ;          ; GND                                  ; gnd    ;                       ;           ; --         ;                 ; --       ; --           ;
; B3       ;            ; --       ; VCCA3                                ; power  ;                       ; 3.0V/3.3V ; --         ;                 ; --       ; --           ;
; B4       ; 245        ; 8        ; DAC_data_direct[0]                   ; output ; 3.3-V LVTTL           ;           ; Column I/O ; Y               ; no       ; Off          ;
; B5       ;            ; 8        ; VCCIO8                               ; power  ;                       ; 3.3V      ; --         ;                 ; --       ; --           ;
; B6       ; 238        ; 8        ; DAC_data_direct[5]                   ; output ; 3.3-V LVTTL           ;           ; Column I/O ; Y               ; no       ; Off          ;
; B7       ; 236        ; 8        ; RESERVED_INPUT                       ;        ;                       ;           ; Column I/O ;                 ; no       ; Off          ;
; B8       ; 226        ; 8        ; spi_scl                              ; input  ; 3.3-V LVTTL           ;           ; Column I/O ; Y               ; no       ; Off          ;
; B9       ;            ; 8        ; VCCIO8                               ; power  ;                       ; 3.3V      ; --         ;                 ; --       ; --           ;
; B10      ;            ; 8        ; VCCIO8                               ; power  ;                       ; 3.3V      ; --         ;                 ; --       ; --           ;
; B11      ; 235        ; 8        ; DAC_data_multi[3]                    ; output ; 3.3-V LVTTL           ;           ; Column I/O ; Y               ; no       ; Off          ;
; B12      ; 233        ; 8        ; RESERVED_INPUT                       ;        ;                       ;           ; Column I/O ;                 ; no       ; Off          ;
; B13      ; 225        ; 8        ; DAC_data_multi[7]                    ; output ; 3.3-V LVTTL           ;           ; Column I/O ; Y               ; no       ; Off          ;
; B14      ; 223        ; 8        ; RESERVED_INPUT                       ;        ;                       ;           ; Column I/O ;                 ; no       ; Off          ;
; B15      ; 221        ; 8        ; RESERVED_INPUT                       ;        ;                       ;           ; Column I/O ;                 ; no       ; Off          ;
; C1       ; 8          ; 1A       ; RESERVED_INPUT                       ;        ;                       ;           ; Row I/O    ;                 ; no       ; Off          ;
; C2       ; 2          ; 1A       ; RESERVED_INPUT                       ;        ;                       ;           ; Row I/O    ;                 ; no       ; Off          ;
; C8       ; 224        ; 8        ; spi_sdi                              ; input  ; 3.3-V LVTTL           ;           ; Column I/O ; Y               ; no       ; Off          ;
; C14      ; 179        ; 6        ; RESERVED_INPUT                       ;        ;                       ;           ; Row I/O    ;                 ; no       ; Off          ;
; C15      ; 177        ; 6        ; RESERVED_INPUT                       ;        ;                       ;           ; Row I/O    ;                 ; no       ; Off          ;
; D2       ; 0          ; 1A       ; RESERVED_INPUT                       ;        ;                       ;           ; Row I/O    ;                 ; no       ; Off          ;
; D4       ;            ;          ; ANAIN1                               ;        ;                       ;           ; --         ;                 ; --       ; --           ;
; D5       ;            ;          ; GND                                  ; gnd    ;                       ;           ; --         ;                 ; --       ; --           ;
; D6       ; 244        ; 8        ; ~ALTERA_nSTATUS~ / RESERVED_INPUT    ; input  ; 3.3 V Schmitt Trigger ;           ; Column I/O ; N               ; no       ; Off          ;
; D7       ; 240        ; 8        ; RESERVED_INPUT                       ;        ;                       ;           ; Column I/O ;                 ; no       ; Off          ;
; D8       ; 232        ; 8        ; ~ALTERA_CONFIG_SEL~ / RESERVED_INPUT ; input  ; 3.3-V LVTTL           ;           ; Column I/O ; N               ; no       ; Off          ;
; D9       ;            ;          ; GND                                  ; gnd    ;                       ;           ; --         ;                 ; --       ; --           ;
; D10      ; 222        ; 8        ; RESERVED_INPUT                       ;        ;                       ;           ; Column I/O ;                 ; no       ; Off          ;
; D11      ; 220        ; 8        ; RESERVED_INPUT                       ;        ;                       ;           ; Column I/O ;                 ; no       ; Off          ;
; D12      ; 190        ; 6        ; RESERVED_INPUT                       ;        ;                       ;           ; Row I/O    ;                 ; no       ; Off          ;
; D14      ;            ; --       ; VCCA2                                ; power  ;                       ; 3.0V/3.3V ; --         ;                 ; --       ; --           ;
; E1       ; 12         ; 1A       ; RESERVED_INPUT                       ;        ;                       ;           ; Row I/O    ;                 ; no       ; Off          ;
; E2       ; 14         ; 1A       ; RESERVED_INPUT                       ;        ;                       ;           ; Row I/O    ;                 ; no       ; Off          ;
; E4       ;            ;          ; REFGND                               ;        ;                       ;           ; --         ;                 ; --       ; --           ;
; E5       ;            ;          ; GND                                  ; gnd    ;                       ;           ; --         ;                 ; --       ; --           ;
; E6       ; 246        ; 8        ; ~ALTERA_CONF_DONE~ / RESERVED_INPUT  ; input  ; 3.3 V Schmitt Trigger ;           ; Column I/O ; N               ; no       ; Off          ;
; E7       ; 242        ; 8        ; DAC_data_direct[7]                   ; output ; 3.3-V LVTTL           ;           ; Column I/O ; Y               ; no       ; Off          ;
; E8       ; 234        ; 8        ; ~ALTERA_nCONFIG~ / RESERVED_INPUT    ; input  ; 3.3 V Schmitt Trigger ;           ; Column I/O ; N               ; no       ; Off          ;
; E9       ; 230        ; 8        ; RESERVED_INPUT                       ;        ;                       ;           ; Column I/O ;                 ; no       ; Off          ;
; E10      ; 228        ; 8        ; RESERVED_INPUT                       ;        ;                       ;           ; Column I/O ;                 ; no       ; Off          ;
; E11      ; 188        ; 6        ; RESERVED_INPUT                       ;        ;                       ;           ; Row I/O    ;                 ; no       ; Off          ;
; E12      ;            ;          ; GND                                  ; gnd    ;                       ;           ; --         ;                 ; --       ; --           ;
; E14      ; 175        ; 6        ; RESERVED_INPUT                       ;        ;                       ;           ; Row I/O    ;                 ; no       ; Off          ;
; E15      ; 173        ; 6        ; RESERVED_INPUT                       ;        ;                       ;           ; Row I/O    ;                 ; --       ; --           ;
; F2       ;            ; 1A       ; VCCIO1A                              ; power  ;                       ; 3.3V      ; --         ;                 ; --       ; --           ;
; F4       ;            ;          ; ADC_VREF                             ;        ;                       ;           ; --         ;                 ; --       ; --           ;
; F5       ; 4          ; 1A       ; RESERVED_INPUT                       ;        ;                       ;           ; Row I/O    ;                 ; no       ; Off          ;
; F11      ; 176        ; 6        ; RESERVED_INPUT                       ;        ;                       ;           ; Row I/O    ;                 ; no       ; Off          ;
; F12      ; 178        ; 6        ; RESERVED_INPUT                       ;        ;                       ;           ; Row I/O    ;                 ; no       ; Off          ;
; F14      ;            ; 6        ; VCCIO6                               ; power  ;                       ; 3.3V      ; --         ;                 ; --       ; --           ;
; G1       ; 20         ; 1B       ; altera_reserved_tms                  ; input  ; 3.3 V Schmitt Trigger ;           ; Row I/O    ; N               ; no       ; Off          ;
; G2       ; 21         ; 1B       ; RESERVED_INPUT                       ;        ;                       ;           ; Row I/O    ;                 ; --       ; --           ;
; G4       ;            ;          ; GND                                  ; gnd    ;                       ;           ; --         ;                 ; --       ; --           ;
; G5       ; 6          ; 1A       ; RESERVED_INPUT                       ;        ;                       ;           ; Row I/O    ;                 ; no       ; Off          ;
; G7       ; 18         ; 1B       ; RESERVED_INPUT                       ;        ;                       ;           ; Row I/O    ;                 ; no       ; Off          ;
; G8       ;            ; --       ; VCC_ONE                              ; power  ;                       ; 3.0V/3.3V ; --         ;                 ; --       ; --           ;
; G9       ;            ;          ; GND                                  ; gnd    ;                       ;           ; --         ;                 ; --       ; --           ;
; G11      ; 172        ; 6        ; RESERVED_INPUT                       ;        ;                       ;           ; Row I/O    ;                 ; no       ; Off          ;
; G12      ; 174        ; 6        ; RESERVED_INPUT                       ;        ;                       ;           ; Row I/O    ;                 ; no       ; Off          ;
; G14      ;            ; 6        ; VCCIO6                               ; power  ;                       ; 3.3V      ; --         ;                 ; --       ; --           ;
; G15      ; 158        ; 6        ; RESERVED_INPUT                       ;        ;                       ;           ; Row I/O    ;                 ; no       ; Off          ;
; H2       ;            ; 1B       ; VCCIO1B                              ; power  ;                       ; 3.3V      ; --         ;                 ; --       ; --           ;
; H3       ; 28         ; 1B       ; RESERVED_INPUT                       ;        ;                       ;           ; Row I/O    ;                 ; no       ; Off          ;
; H4       ; 26         ; 1B       ; altera_reserved_tdo                  ; output ; 3.3-V LVTTL           ;           ; Row I/O    ; N               ; no       ; Off          ;
; H5       ; 24         ; 1B       ; altera_reserved_tdi                  ; input  ; 3.3 V Schmitt Trigger ;           ; Row I/O    ; N               ; no       ; Off          ;
; H7       ;            ; --       ; VCC_ONE                              ; power  ;                       ; 3.0V/3.3V ; --         ;                 ; --       ; --           ;
; H8       ;            ;          ; GND                                  ; gnd    ;                       ;           ; --         ;                 ; --       ; --           ;
; H9       ;            ; --       ; VCC_ONE                              ; power  ;                       ; 3.0V/3.3V ; --         ;                 ; --       ; --           ;
; H11      ; 150        ; 6        ; RESERVED_INPUT                       ;        ;                       ;           ; Row I/O    ;                 ; no       ; Off          ;
; H12      ; 152        ; 6        ; RESERVED_INPUT                       ;        ;                       ;           ; Row I/O    ;                 ; no       ; Off          ;
; H13      ; 154        ; 6        ; RESERVED_INPUT                       ;        ;                       ;           ; Row I/O    ;                 ; no       ; Off          ;
; H14      ;            ;          ; GND                                  ; gnd    ;                       ;           ; --         ;                 ; --       ; --           ;
; J1       ; 22         ; 1B       ; altera_reserved_tck                  ; input  ; 3.3 V Schmitt Trigger ;           ; Row I/O    ; N               ; no       ; Off          ;
; J2       ; 30         ; 1B       ; RESERVED_INPUT                       ;        ;                       ;           ; Row I/O    ;                 ; no       ; Off          ;
; J4       ; 36         ; 2        ; RESERVED_INPUT                       ;        ;                       ;           ; Row I/O    ;                 ; no       ; Off          ;
; J5       ; 38         ; 2        ; sys_clk                              ; input  ; 3.3-V LVTTL           ;           ; Row I/O    ; Y               ; no       ; Off          ;
; J7       ;            ;          ; GND                                  ; gnd    ;                       ;           ; --         ;                 ; --       ; --           ;
; J8       ;            ; --       ; VCC_ONE                              ; power  ;                       ; 3.0V/3.3V ; --         ;                 ; --       ; --           ;
; J9       ; 140        ; 5        ; sys_rst_n                            ; input  ; 3.3-V LVTTL           ;           ; Row I/O    ; Y               ; no       ; Off          ;
; J11      ; 142        ; 5        ; RESERVED_INPUT                       ;        ;                       ;           ; Row I/O    ;                 ; no       ; Off          ;
; J12      ; 148        ; 6        ; RESERVED_INPUT                       ;        ;                       ;           ; Row I/O    ;                 ; no       ; Off          ;
; J14      ; 143        ; 5        ; RESERVED_INPUT                       ;        ;                       ;           ; Row I/O    ;                 ; no       ; Off          ;
; J15      ; 156        ; 6        ; RESERVED_INPUT                       ;        ;                       ;           ; Row I/O    ;                 ; no       ; Off          ;
; K2       ; 34         ; 1B       ; RESERVED_INPUT                       ;        ;                       ;           ; Row I/O    ;                 ; no       ; Off          ;
; K4       ; 42         ; 2        ; RESERVED_INPUT                       ;        ;                       ;           ; Row I/O    ;                 ; no       ; Off          ;
; K5       ; 40         ; 2        ; RESERVED_INPUT                       ;        ;                       ;           ; Row I/O    ;                 ; no       ; Off          ;
; K11      ; 132        ; 5        ; RESERVED_INPUT                       ;        ;                       ;           ; Row I/O    ;                 ; no       ; Off          ;
; K12      ; 134        ; 5        ; RESERVED_INPUT                       ;        ;                       ;           ; Row I/O    ;                 ; no       ; Off          ;
; K14      ; 141        ; 5        ; RESERVED_INPUT                       ;        ;                       ;           ; Row I/O    ;                 ; no       ; Off          ;
; L1       ; 32         ; 1B       ; RESERVED_INPUT                       ;        ;                       ;           ; Row I/O    ;                 ; no       ; Off          ;
; L2       ;            ; 2        ; VCCIO2                               ; power  ;                       ; 3.3V      ; --         ;                 ; --       ; --           ;
; L4       ; 46         ; 2        ; RESERVED_INPUT                       ;        ;                       ;           ; Row I/O    ;                 ; no       ; Off          ;
; L5       ; 44         ; 2        ; RESERVED_INPUT                       ;        ;                       ;           ; Row I/O    ;                 ; no       ; Off          ;
; L6       ; 64         ; 3        ; DAC_clk_direct                       ; output ; 3.3-V LVTTL           ;           ; Column I/O ; Y               ; no       ; Off          ;
; L7       ; 66         ; 3        ; RESERVED_INPUT                       ;        ;                       ;           ; Column I/O ;                 ; no       ; Off          ;
; L8       ; 72         ; 3        ; RESERVED_INPUT                       ;        ;                       ;           ; Column I/O ;                 ; no       ; Off          ;
; L9       ; 84         ; 3        ; RESERVED_INPUT                       ;        ;                       ;           ; Column I/O ;                 ; no       ; Off          ;
; L10      ; 88         ; 3        ; RESERVED_INPUT                       ;        ;                       ;           ; Column I/O ;                 ; no       ; Off          ;
; L11      ; 122        ; 5        ; RESERVED_INPUT                       ;        ;                       ;           ; Row I/O    ;                 ; no       ; Off          ;
; L12      ;            ;          ; GND                                  ; gnd    ;                       ;           ; --         ;                 ; --       ; --           ;
; L14      ;            ; 5        ; VCCIO5                               ; power  ;                       ; 3.3V      ; --         ;                 ; --       ; --           ;
; L15      ; 135        ; 5        ; RESERVED_INPUT                       ;        ;                       ;           ; Row I/O    ;                 ; --       ; --           ;
; M2       ;            ;          ; GND                                  ; gnd    ;                       ;           ; --         ;                 ; --       ; --           ;
; M4       ; 60         ; 3        ; RESERVED_INPUT                       ;        ;                       ;           ; Column I/O ;                 ; no       ; Off          ;
; M5       ; 62         ; 3        ; DAC_data_direct[4]                   ; output ; 3.3-V LVTTL           ;           ; Column I/O ; Y               ; no       ; Off          ;
; M6       ;            ;          ; GND                                  ; gnd    ;                       ;           ; --         ;                 ; --       ; --           ;
; M7       ; 74         ; 3        ; RESERVED_INPUT                       ;        ;                       ;           ; Column I/O ;                 ; no       ; Off          ;
; M8       ; 76         ; 3        ; RESERVED_INPUT                       ;        ;                       ;           ; Column I/O ;                 ; no       ; Off          ;
; M9       ; 86         ; 3        ; RESERVED_INPUT                       ;        ;                       ;           ; Column I/O ;                 ; no       ; Off          ;
; M10      ;            ;          ; GND                                  ; gnd    ;                       ;           ; --         ;                 ; --       ; --           ;
; M11      ; 90         ; 3        ; RESERVED_INPUT                       ;        ;                       ;           ; Column I/O ;                 ; no       ; Off          ;
; M12      ; 120        ; 5        ; RESERVED_INPUT                       ;        ;                       ;           ; Row I/O    ;                 ; no       ; Off          ;
; M14      ; 133        ; 5        ; RESERVED_INPUT                       ;        ;                       ;           ; Row I/O    ;                 ; no       ; Off          ;
; N1       ; 56         ; 2        ; RESERVED_INPUT                       ;        ;                       ;           ; Row I/O    ;                 ; no       ; Off          ;
; N2       ;            ; --       ; VCCA1                                ; power  ;                       ; 3.0V/3.3V ; --         ;                 ; --       ; --           ;
; N8       ; 78         ; 3        ; RESERVED_INPUT                       ;        ;                       ;           ; Column I/O ;                 ; no       ; Off          ;
; N14      ; 123        ; 5        ; RESERVED_INPUT                       ;        ;                       ;           ; Row I/O    ;                 ; no       ; Off          ;
; N15      ; 121        ; 5        ; RESERVED_INPUT                       ;        ;                       ;           ; Row I/O    ;                 ; no       ; Off          ;
; P1       ; 45         ; 2        ; RESERVED_INPUT                       ;        ;                       ;           ; Row I/O    ;                 ; --       ; --           ;
; P2       ; 58         ; 2        ; RESERVED_INPUT                       ;        ;                       ;           ; Row I/O    ;                 ; no       ; Off          ;
; P3       ; 61         ; 3        ; DAC_data_direct[2]                   ; output ; 3.3-V LVTTL           ;           ; Column I/O ; Y               ; no       ; Off          ;
; P4       ; 65         ; 3        ; RESERVED_INPUT                       ;        ;                       ;           ; Column I/O ;                 ; no       ; Off          ;
; P5       ;            ; 3        ; VCCIO3                               ; power  ;                       ; 3.3V      ; --         ;                 ; --       ; --           ;
; P6       ; 68         ; 3        ; spi_sel                              ; input  ; 3.3-V LVTTL           ;           ; Column I/O ; Y               ; no       ; Off          ;
; P7       ; 70         ; 3        ; RESERVED_INPUT                       ;        ;                       ;           ; Column I/O ;                 ; no       ; Off          ;
; P8       ; 71         ; 3        ; RESERVED_INPUT                       ;        ;                       ;           ; Column I/O ;                 ; no       ; Off          ;
; P9       ; 73         ; 3        ; DAC_data_multi[2]                    ; output ; 3.3-V LVTTL           ;           ; Column I/O ; Y               ; no       ; Off          ;
; P10      ;            ; 3        ; VCCIO3                               ; power  ;                       ; 3.3V      ; --         ;                 ; --       ; --           ;
; P11      ;            ; 3        ; VCCIO3                               ; power  ;                       ; 3.3V      ; --         ;                 ; --       ; --           ;
; P12      ; 79         ; 3        ; DAC_clk_multi                        ; output ; 3.3-V LVTTL           ;           ; Column I/O ; Y               ; no       ; Off          ;
; P13      ;            ; --       ; VCCA4                                ; power  ;                       ; 3.0V/3.3V ; --         ;                 ; --       ; --           ;
; P14      ; 92         ; 3        ; RESERVED_INPUT                       ;        ;                       ;           ; Column I/O ;                 ; no       ; Off          ;
; P15      ; 82         ; 3        ; RESERVED_INPUT                       ;        ;                       ;           ; Column I/O ;                 ; no       ; Off          ;
; R1       ;            ;          ; GND                                  ; gnd    ;                       ;           ; --         ;                 ; --       ; --           ;
; R2       ; 47         ; 2        ; RESERVED_INPUT                       ;        ;                       ;           ; Row I/O    ;                 ; no       ; Off          ;
; R3       ; 63         ; 3        ; DAC_data_direct[6]                   ; output ; 3.3-V LVTTL           ;           ; Column I/O ; Y               ; no       ; Off          ;
; R5       ; 67         ; 3        ; spi_sdo                              ; output ; 3.3-V LVTTL           ;           ; Column I/O ; Y               ; no       ; Off          ;
; R7       ; 69         ; 3        ; RESERVED_INPUT                       ;        ;                       ;           ; Column I/O ;                 ; no       ; Off          ;
; R9       ; 75         ; 3        ; DAC_data_multi[4]                    ; output ; 3.3-V LVTTL           ;           ; Column I/O ; Y               ; no       ; Off          ;
; R11      ; 77         ; 3        ; DAC_data_multi[6]                    ; output ; 3.3-V LVTTL           ;           ; Column I/O ; Y               ; no       ; Off          ;
; R13      ; 94         ; 3        ; RESERVED_INPUT                       ;        ;                       ;           ; Column I/O ;                 ; no       ; Off          ;
; R14      ; 80         ; 3        ; RESERVED_INPUT                       ;        ;                       ;           ; Column I/O ;                 ; no       ; Off          ;
; R15      ;            ;          ; GND                                  ; gnd    ;                       ;           ; --         ;                 ; --       ; --           ;
+----------+------------+----------+--------------------------------------+--------+-----------------------+-----------+------------+-----------------+----------+--------------+
Note: Pin directions (input, output or bidir) are based on device operating in user mode.


+--------------------------------------------------------------------------------------------------------------+
; PLL Summary                                                                                                  ;
+-------------------------------+------------------------------------------------------------------------------+
; Name                          ; pll_ip:pll_ip_inst|altpll:altpll_component|pll_ip_altpll:auto_generated|pll1 ;
+-------------------------------+------------------------------------------------------------------------------+
; SDC pin name                  ; pll_ip_inst|altpll_component|auto_generated|pll1                             ;
; PLL mode                      ; Normal                                                                       ;
; Compensate clock              ; clock0                                                                       ;
; Compensated input/output pins ; --                                                                           ;
; Switchover type               ; --                                                                           ;
; Input frequency 0             ; 12.0 MHz                                                                     ;
; Input frequency 1             ; --                                                                           ;
; Nominal PFD frequency         ; 12.0 MHz                                                                     ;
; Nominal VCO frequency         ; 480.0 MHz                                                                    ;
; VCO post scale K counter      ; 2                                                                            ;
; VCO frequency control         ; Auto                                                                         ;
; VCO phase shift step          ; 260 ps                                                                       ;
; VCO multiply                  ; --                                                                           ;
; VCO divide                    ; --                                                                           ;
; Freq min lock                 ; 7.5 MHz                                                                      ;
; Freq max lock                 ; 16.25 MHz                                                                    ;
; M VCO Tap                     ; 0                                                                            ;
; M Initial                     ; 1                                                                            ;
; M value                       ; 40                                                                           ;
; N value                       ; 1                                                                            ;
; Charge pump current           ; setting 1                                                                    ;
; Loop filter resistance        ; setting 20                                                                   ;
; Loop filter capacitance       ; setting 0                                                                    ;
; Bandwidth                     ; 450 kHz to 590 kHz                                                           ;
; Bandwidth type                ; Medium                                                                       ;
; Real time reconfigurable      ; Off                                                                          ;
; Scan chain MIF file           ; --                                                                           ;
; Preserve PLL counter order    ; Off                                                                          ;
; PLL location                  ; PLL_1                                                                        ;
; Inclk0 signal                 ; sys_clk                                                                      ;
; Inclk1 signal                 ; --                                                                           ;
; Inclk0 signal type            ; Dedicated Pin                                                                ;
; Inclk1 signal type            ; --                                                                           ;
+-------------------------------+------------------------------------------------------------------------------+


+------------------------------------------------------------------------------------------------------------------------------------------------------------------------------------------------------------------------------------------------------------------------------------------------------------------------------+
; PLL Usage                                                                                                                                                                                                                                                                                                                    ;
+------------------------------------------------------------------------------------------+--------------+------+-----+------------------+-------------+------------------+------------+---------+---------------+--------------+---------------+---------+---------+---------------------------------------------------------+
; Name                                                                                     ; Output Clock ; Mult ; Div ; Output Frequency ; Phase Shift ; Phase Shift Step ; Duty Cycle ; Counter ; Counter Value ; High / Low   ; Cascade Input ; Initial ; VCO Tap ; SDC Pin Name                                            ;
+------------------------------------------------------------------------------------------+--------------+------+-----+------------------+-------------+------------------+------------+---------+---------------+--------------+---------------+---------+---------+---------------------------------------------------------+
; pll_ip:pll_ip_inst|altpll:altpll_component|pll_ip_altpll:auto_generated|wire_pll1_clk[0] ; clock0       ; 10   ; 1   ; 120.0 MHz        ; 0 (0 ps)    ; 11.25 (260 ps)   ; 50/50      ; C0      ; 4             ; 2/2 Even     ; --            ; 1       ; 0       ; pll_ip_inst|altpll_component|auto_generated|pll1|clk[0] ;
; pll_ip:pll_ip_inst|altpll:altpll_component|pll_ip_altpll:auto_generated|wire_pll1_clk[1] ; clock1       ; 1    ; 6   ; 2.0 MHz          ; 0 (0 ps)    ; 0.19 (260 ps)    ; 50/50      ; C1      ; 240           ; 120/120 Even ; --            ; 1       ; 0       ; pll_ip_inst|altpll_component|auto_generated|pll1|clk[1] ;
+------------------------------------------------------------------------------------------+--------------+------+-----+------------------+-------------+------------------+------------+---------+---------------+--------------+---------------+---------+---------+---------------------------------------------------------+


+---------------------------------------------+
; I/O Assignment Warnings                     ;
+--------------------+------------------------+
; Pin Name           ; Reason                 ;
+--------------------+------------------------+
; spi_sdo            ; Missing drive strength ;
; DAC_data_direct[0] ; Missing drive strength ;
; DAC_data_direct[1] ; Missing drive strength ;
; DAC_data_direct[2] ; Missing drive strength ;
; DAC_data_direct[3] ; Missing drive strength ;
; DAC_data_direct[4] ; Missing drive strength ;
; DAC_data_direct[5] ; Missing drive strength ;
; DAC_data_direct[6] ; Missing drive strength ;
; DAC_data_direct[7] ; Missing drive strength ;
; DAC_clk_direct     ; Missing drive strength ;
; DAC_data_multi[0]  ; Missing drive strength ;
; DAC_data_multi[1]  ; Missing drive strength ;
; DAC_data_multi[2]  ; Missing drive strength ;
; DAC_data_multi[3]  ; Missing drive strength ;
; DAC_data_multi[4]  ; Missing drive strength ;
; DAC_data_multi[5]  ; Missing drive strength ;
; DAC_data_multi[6]  ; Missing drive strength ;
; DAC_data_multi[7]  ; Missing drive strength ;
; DAC_clk_multi      ; Missing drive strength ;
+--------------------+------------------------+


+-----------------------------------------------------------------------------------------------------------------------------------------------------------------------------------------------------------------------------------------------------------------------------------------------------------------------------------------------------------------------------------------------------------------------------------------------------------------------------------------------------------------------------------------------------------------------------------------------------------------------------------------------------------------------------------------------------------------------------------------------------------------------------------+
; Fitter Resource Utilization by Entity                                                                                                                                                                                                                                                                                                                                                                                                                                                                                                                                                                                                                                                                                                                                             ;
+-----------------------------------------------------------------------------------------------------------------------------------------+-------------+---------------------------+---------------+-------------+------+------------+--------------+---------+-----------+------+--------------+--------------+-------------------+------------------+------------+------------------------------------------------------------------------------------------------------------------------------------------------------------------------------------------------------------------------------------------------------------------------------------------------------------------------------------------------------------+-----------------------------------+--------------+
; Compilation Hierarchy Node                                                                                                              ; Logic Cells ; Dedicated Logic Registers ; I/O Registers ; Memory Bits ; M9Ks ; UFM Blocks ; DSP Elements ; DSP 9x9 ; DSP 18x18 ; Pins ; Virtual Pins ; LUT-Only LCs ; Register-Only LCs ; LUT/Register LCs ; ADC blocks ; Full Hierarchy Name                                                                                                                                                                                                                                                                                                                                        ; Entity Name                       ; Library Name ;
+-----------------------------------------------------------------------------------------------------------------------------------------+-------------+---------------------------+---------------+-------------+------+------------+--------------+---------+-----------+------+--------------+--------------+-------------------+------------------+------------+------------------------------------------------------------------------------------------------------------------------------------------------------------------------------------------------------------------------------------------------------------------------------------------------------------------------------------------------------------+-----------------------------------+--------------+
; |C_2024_carrier                                                                                                                         ; 1414 (3)    ; 1138 (0)                  ; 0 (0)         ; 165392      ; 20   ; 1          ; 0            ; 0       ; 0         ; 24   ; 0            ; 276 (3)      ; 635 (0)           ; 503 (0)          ; 0          ; |C_2024_carrier                                                                                                                                                                                                                                                                                                                                            ; C_2024_carrier                    ; work         ;
;    |DDS_time_delay:u_DDS_time_delay|                                                                                                    ; 189 (78)    ; 90 (7)                    ; 0 (0)         ; 66064       ; 9    ; 0          ; 0            ; 0       ; 0         ; 0    ; 0            ; 99 (71)      ; 15 (0)            ; 75 (7)           ; 0          ; |C_2024_carrier|DDS_time_delay:u_DDS_time_delay                                                                                                                                                                                                                                                                                                            ; DDS_time_delay                    ; work         ;
;       |DDS_direct:u_DDS_direct|                                                                                                         ; 65 (17)     ; 57 (9)                    ; 0 (0)         ; 32768       ; 4    ; 0          ; 0            ; 0       ; 0         ; 0    ; 0            ; 8 (8)        ; 14 (2)            ; 43 (7)           ; 0          ; |C_2024_carrier|DDS_time_delay:u_DDS_time_delay|DDS_direct:u_DDS_direct                                                                                                                                                                                                                                                                                    ; DDS_direct                        ; work         ;
;          |dds_ctrl_direct:dds_ctrl_direct_inst|                                                                                         ; 48 (48)     ; 48 (48)                   ; 0 (0)         ; 32768       ; 4    ; 0          ; 0            ; 0       ; 0         ; 0    ; 0            ; 0 (0)        ; 12 (12)           ; 36 (36)          ; 0          ; |C_2024_carrier|DDS_time_delay:u_DDS_time_delay|DDS_direct:u_DDS_direct|dds_ctrl_direct:dds_ctrl_direct_inst                                                                                                                                                                                                                                               ; dds_ctrl_direct                   ; work         ;
;             |rom_wave_sin:rom_ip_inst_1|                                                                                                ; 0 (0)       ; 0 (0)                     ; 0 (0)         ; 32768       ; 4    ; 0          ; 0            ; 0       ; 0         ; 0    ; 0            ; 0 (0)        ; 0 (0)             ; 0 (0)            ; 0          ; |C_2024_carrier|DDS_time_delay:u_DDS_time_delay|DDS_direct:u_DDS_direct|dds_ctrl_direct:dds_ctrl_direct_inst|rom_wave_sin:rom_ip_inst_1                                                                                                                                                                                                                    ; rom_wave_sin                      ; work         ;
;                |altsyncram:altsyncram_component|                                                                                        ; 0 (0)       ; 0 (0)                     ; 0 (0)         ; 32768       ; 4    ; 0          ; 0            ; 0       ; 0         ; 0    ; 0            ; 0 (0)        ; 0 (0)             ; 0 (0)            ; 0          ; |C_2024_carrier|DDS_time_delay:u_DDS_time_delay|DDS_direct:u_DDS_direct|dds_ctrl_direct:dds_ctrl_direct_inst|rom_wave_sin:rom_ip_inst_1|altsyncram:altsyncram_component                                                                                                                                                                                    ; altsyncram                        ; work         ;
;                   |altsyncram_8cb1:auto_generated|                                                                                      ; 0 (0)       ; 0 (0)                     ; 0 (0)         ; 32768       ; 4    ; 0          ; 0            ; 0       ; 0         ; 0    ; 0            ; 0 (0)        ; 0 (0)             ; 0 (0)            ; 0          ; |C_2024_carrier|DDS_time_delay:u_DDS_time_delay|DDS_direct:u_DDS_direct|dds_ctrl_direct:dds_ctrl_direct_inst|rom_wave_sin:rom_ip_inst_1|altsyncram:altsyncram_component|altsyncram_8cb1:auto_generated                                                                                                                                                     ; altsyncram_8cb1                   ; work         ;
;       |DDS_multi:u_DDS_multi|                                                                                                           ; 46 (34)     ; 26 (14)                   ; 0 (0)         ; 32768       ; 4    ; 0          ; 0            ; 0       ; 0         ; 0    ; 0            ; 20 (20)      ; 1 (1)             ; 25 (13)          ; 0          ; |C_2024_carrier|DDS_time_delay:u_DDS_time_delay|DDS_multi:u_DDS_multi                                                                                                                                                                                                                                                                                      ; DDS_multi                         ; work         ;
;          |dds_ctrl_multi:dds_ctrl_multi_inst|                                                                                           ; 12 (12)     ; 12 (12)                   ; 0 (0)         ; 32768       ; 4    ; 0          ; 0            ; 0       ; 0         ; 0    ; 0            ; 0 (0)        ; 0 (0)             ; 12 (12)          ; 0          ; |C_2024_carrier|DDS_time_delay:u_DDS_time_delay|DDS_multi:u_DDS_multi|dds_ctrl_multi:dds_ctrl_multi_inst                                                                                                                                                                                                                                                   ; dds_ctrl_multi                    ; work         ;
;             |rom_wave_sin:rom_ip_inst_1|                                                                                                ; 0 (0)       ; 0 (0)                     ; 0 (0)         ; 32768       ; 4    ; 0          ; 0            ; 0       ; 0         ; 0    ; 0            ; 0 (0)        ; 0 (0)             ; 0 (0)            ; 0          ; |C_2024_carrier|DDS_time_delay:u_DDS_time_delay|DDS_multi:u_DDS_multi|dds_ctrl_multi:dds_ctrl_multi_inst|rom_wave_sin:rom_ip_inst_1                                                                                                                                                                                                                        ; rom_wave_sin                      ; work         ;
;                |altsyncram:altsyncram_component|                                                                                        ; 0 (0)       ; 0 (0)                     ; 0 (0)         ; 32768       ; 4    ; 0          ; 0            ; 0       ; 0         ; 0    ; 0            ; 0 (0)        ; 0 (0)             ; 0 (0)            ; 0          ; |C_2024_carrier|DDS_time_delay:u_DDS_time_delay|DDS_multi:u_DDS_multi|dds_ctrl_multi:dds_ctrl_multi_inst|rom_wave_sin:rom_ip_inst_1|altsyncram:altsyncram_component                                                                                                                                                                                        ; altsyncram                        ; work         ;
;                   |altsyncram_8cb1:auto_generated|                                                                                      ; 0 (0)       ; 0 (0)                     ; 0 (0)         ; 32768       ; 4    ; 0          ; 0            ; 0       ; 0         ; 0    ; 0            ; 0 (0)        ; 0 (0)             ; 0 (0)            ; 0          ; |C_2024_carrier|DDS_time_delay:u_DDS_time_delay|DDS_multi:u_DDS_multi|dds_ctrl_multi:dds_ctrl_multi_inst|rom_wave_sin:rom_ip_inst_1|altsyncram:altsyncram_component|altsyncram_8cb1:auto_generated                                                                                                                                                         ; altsyncram_8cb1                   ; work         ;
;       |rom_delay_time:rom_delay_time_inst|                                                                                              ; 0 (0)       ; 0 (0)                     ; 0 (0)         ; 528         ; 1    ; 0          ; 0            ; 0       ; 0         ; 0    ; 0            ; 0 (0)        ; 0 (0)             ; 0 (0)            ; 0          ; |C_2024_carrier|DDS_time_delay:u_DDS_time_delay|rom_delay_time:rom_delay_time_inst                                                                                                                                                                                                                                                                         ; rom_delay_time                    ; work         ;
;          |altsyncram:altsyncram_component|                                                                                              ; 0 (0)       ; 0 (0)                     ; 0 (0)         ; 528         ; 1    ; 0          ; 0            ; 0       ; 0         ; 0    ; 0            ; 0 (0)        ; 0 (0)             ; 0 (0)            ; 0          ; |C_2024_carrier|DDS_time_delay:u_DDS_time_delay|rom_delay_time:rom_delay_time_inst|altsyncram:altsyncram_component                                                                                                                                                                                                                                         ; altsyncram                        ; work         ;
;             |altsyncram_jmd1:auto_generated|                                                                                            ; 0 (0)       ; 0 (0)                     ; 0 (0)         ; 528         ; 1    ; 0          ; 0            ; 0       ; 0         ; 0    ; 0            ; 0 (0)        ; 0 (0)             ; 0 (0)            ; 0          ; |C_2024_carrier|DDS_time_delay:u_DDS_time_delay|rom_delay_time:rom_delay_time_inst|altsyncram:altsyncram_component|altsyncram_jmd1:auto_generated                                                                                                                                                                                                          ; altsyncram_jmd1                   ; work         ;
;    |SPI_STM32F4:u_SPI_STM32F4|                                                                                                          ; 37 (0)      ; 36 (0)                    ; 0 (0)         ; 0           ; 0    ; 0          ; 0            ; 0       ; 0         ; 0    ; 0            ; 0 (0)        ; 2 (0)             ; 35 (0)           ; 0          ; |C_2024_carrier|SPI_STM32F4:u_SPI_STM32F4                                                                                                                                                                                                                                                                                                                  ; SPI_STM32F4                       ; work         ;
;       |SPI:u_SPI_inst|                                                                                                                  ; 37 (37)     ; 36 (36)                   ; 0 (0)         ; 0           ; 0    ; 0          ; 0            ; 0       ; 0         ; 0    ; 0            ; 0 (0)        ; 2 (2)             ; 35 (35)          ; 0          ; |C_2024_carrier|SPI_STM32F4:u_SPI_STM32F4|SPI:u_SPI_inst                                                                                                                                                                                                                                                                                                   ; SPI                               ; work         ;
;    |pll_ip:pll_ip_inst|                                                                                                                 ; 1 (0)       ; 1 (0)                     ; 0 (0)         ; 0           ; 0    ; 0          ; 0            ; 0       ; 0         ; 0    ; 0            ; 0 (0)        ; 0 (0)             ; 1 (0)            ; 0          ; |C_2024_carrier|pll_ip:pll_ip_inst                                                                                                                                                                                                                                                                                                                         ; pll_ip                            ; work         ;
;       |altpll:altpll_component|                                                                                                         ; 1 (0)       ; 1 (0)                     ; 0 (0)         ; 0           ; 0    ; 0          ; 0            ; 0       ; 0         ; 0    ; 0            ; 0 (0)        ; 0 (0)             ; 1 (0)            ; 0          ; |C_2024_carrier|pll_ip:pll_ip_inst|altpll:altpll_component                                                                                                                                                                                                                                                                                                 ; altpll                            ; work         ;
;          |pll_ip_altpll:auto_generated|                                                                                                 ; 1 (1)       ; 1 (1)                     ; 0 (0)         ; 0           ; 0    ; 0          ; 0            ; 0       ; 0         ; 0    ; 0            ; 0 (0)        ; 0 (0)             ; 1 (1)            ; 0          ; |C_2024_carrier|pll_ip:pll_ip_inst|altpll:altpll_component|pll_ip_altpll:auto_generated                                                                                                                                                                                                                                                                    ; pll_ip_altpll                     ; work         ;
;    |sld_hub:auto_hub|                                                                                                                   ; 153 (1)     ; 91 (0)                    ; 0 (0)         ; 0           ; 0    ; 0          ; 0            ; 0       ; 0         ; 0    ; 0            ; 62 (1)       ; 26 (0)            ; 65 (0)           ; 0          ; |C_2024_carrier|sld_hub:auto_hub                                                                                                                                                                                                                                                                                                                           ; sld_hub                           ; altera_sld   ;
;       |alt_sld_fab_with_jtag_input:\instrumentation_fabric_with_node_gen:fabric_gen_new_way:with_jtag_input_gen:instrumentation_fabric| ; 152 (0)     ; 91 (0)                    ; 0 (0)         ; 0           ; 0    ; 0          ; 0            ; 0       ; 0         ; 0    ; 0            ; 61 (0)       ; 26 (0)            ; 65 (0)           ; 0          ; |C_2024_carrier|sld_hub:auto_hub|alt_sld_fab_with_jtag_input:\instrumentation_fabric_with_node_gen:fabric_gen_new_way:with_jtag_input_gen:instrumentation_fabric                                                                                                                                                                                           ; alt_sld_fab_with_jtag_input       ; altera_sld   ;
;          |alt_sld_fab:instrumentation_fabric|                                                                                           ; 152 (0)     ; 91 (0)                    ; 0 (0)         ; 0           ; 0    ; 0          ; 0            ; 0       ; 0         ; 0    ; 0            ; 61 (0)       ; 26 (0)            ; 65 (0)           ; 0          ; |C_2024_carrier|sld_hub:auto_hub|alt_sld_fab_with_jtag_input:\instrumentation_fabric_with_node_gen:fabric_gen_new_way:with_jtag_input_gen:instrumentation_fabric|alt_sld_fab:instrumentation_fabric                                                                                                                                                        ; alt_sld_fab                       ; alt_sld_fab  ;
;             |alt_sld_fab_alt_sld_fab:alt_sld_fab|                                                                                       ; 152 (6)     ; 91 (5)                    ; 0 (0)         ; 0           ; 0    ; 0          ; 0            ; 0       ; 0         ; 0    ; 0            ; 61 (1)       ; 26 (4)            ; 65 (0)           ; 0          ; |C_2024_carrier|sld_hub:auto_hub|alt_sld_fab_with_jtag_input:\instrumentation_fabric_with_node_gen:fabric_gen_new_way:with_jtag_input_gen:instrumentation_fabric|alt_sld_fab:instrumentation_fabric|alt_sld_fab_alt_sld_fab:alt_sld_fab                                                                                                                    ; alt_sld_fab_alt_sld_fab           ; alt_sld_fab  ;
;                |alt_sld_fab_alt_sld_fab_sldfabric:sldfabric|                                                                            ; 147 (0)     ; 86 (0)                    ; 0 (0)         ; 0           ; 0    ; 0          ; 0            ; 0       ; 0         ; 0    ; 0            ; 60 (0)       ; 22 (0)            ; 65 (0)           ; 0          ; |C_2024_carrier|sld_hub:auto_hub|alt_sld_fab_with_jtag_input:\instrumentation_fabric_with_node_gen:fabric_gen_new_way:with_jtag_input_gen:instrumentation_fabric|alt_sld_fab:instrumentation_fabric|alt_sld_fab_alt_sld_fab:alt_sld_fab|alt_sld_fab_alt_sld_fab_sldfabric:sldfabric                                                                        ; alt_sld_fab_alt_sld_fab_sldfabric ; alt_sld_fab  ;
;                   |sld_jtag_hub:\jtag_hub_gen:real_sld_jtag_hub|                                                                        ; 147 (105)   ; 86 (58)                   ; 0 (0)         ; 0           ; 0    ; 0          ; 0            ; 0       ; 0         ; 0    ; 0            ; 60 (46)      ; 22 (20)           ; 65 (40)          ; 0          ; |C_2024_carrier|sld_hub:auto_hub|alt_sld_fab_with_jtag_input:\instrumentation_fabric_with_node_gen:fabric_gen_new_way:with_jtag_input_gen:instrumentation_fabric|alt_sld_fab:instrumentation_fabric|alt_sld_fab_alt_sld_fab:alt_sld_fab|alt_sld_fab_alt_sld_fab_sldfabric:sldfabric|sld_jtag_hub:\jtag_hub_gen:real_sld_jtag_hub                           ; sld_jtag_hub                      ; work         ;
;                      |sld_rom_sr:hub_info_reg|                                                                                          ; 21 (21)     ; 9 (9)                     ; 0 (0)         ; 0           ; 0    ; 0          ; 0            ; 0       ; 0         ; 0    ; 0            ; 12 (12)      ; 0 (0)             ; 9 (9)            ; 0          ; |C_2024_carrier|sld_hub:auto_hub|alt_sld_fab_with_jtag_input:\instrumentation_fabric_with_node_gen:fabric_gen_new_way:with_jtag_input_gen:instrumentation_fabric|alt_sld_fab:instrumentation_fabric|alt_sld_fab_alt_sld_fab:alt_sld_fab|alt_sld_fab_alt_sld_fab_sldfabric:sldfabric|sld_jtag_hub:\jtag_hub_gen:real_sld_jtag_hub|sld_rom_sr:hub_info_reg   ; sld_rom_sr                        ; work         ;
;                      |sld_shadow_jsm:shadow_jsm|                                                                                        ; 21 (21)     ; 19 (19)                   ; 0 (0)         ; 0           ; 0    ; 0          ; 0            ; 0       ; 0         ; 0    ; 0            ; 2 (2)        ; 2 (2)             ; 17 (17)          ; 0          ; |C_2024_carrier|sld_hub:auto_hub|alt_sld_fab_with_jtag_input:\instrumentation_fabric_with_node_gen:fabric_gen_new_way:with_jtag_input_gen:instrumentation_fabric|alt_sld_fab:instrumentation_fabric|alt_sld_fab_alt_sld_fab:alt_sld_fab|alt_sld_fab_alt_sld_fab_sldfabric:sldfabric|sld_jtag_hub:\jtag_hub_gen:real_sld_jtag_hub|sld_shadow_jsm:shadow_jsm ; sld_shadow_jsm                    ; altera_sld   ;
;    |sld_signaltap:auto_signaltap_0|                                                                                                     ; 1032 (100)  ; 920 (98)                  ; 0 (0)         ; 99328       ; 11   ; 0          ; 0            ; 0       ; 0         ; 0    ; 0            ; 112 (2)      ; 592 (98)          ; 328 (0)          ; 0          ; |C_2024_carrier|sld_signaltap:auto_signaltap_0                                                                                                                                                                                                                                                                                                             ; sld_signaltap                     ; work         ;
;       |sld_signaltap_impl:sld_signaltap_body|                                                                                           ; 932 (0)     ; 822 (0)                   ; 0 (0)         ; 99328       ; 11   ; 0          ; 0            ; 0       ; 0         ; 0    ; 0            ; 110 (0)      ; 494 (0)           ; 328 (0)          ; 0          ; |C_2024_carrier|sld_signaltap:auto_signaltap_0|sld_signaltap_impl:sld_signaltap_body                                                                                                                                                                                                                                                                       ; sld_signaltap_impl                ; work         ;
;          |sld_signaltap_implb:sld_signaltap_body|                                                                                       ; 932 (501)   ; 822 (468)                 ; 0 (0)         ; 99328       ; 11   ; 0          ; 0            ; 0       ; 0         ; 0    ; 0            ; 110 (33)     ; 494 (414)         ; 328 (56)         ; 0          ; |C_2024_carrier|sld_signaltap:auto_signaltap_0|sld_signaltap_impl:sld_signaltap_body|sld_signaltap_implb:sld_signaltap_body                                                                                                                                                                                                                                ; sld_signaltap_implb               ; work         ;
;             |altdpram:\stp_non_zero_ram_gen:attribute_mem_gen:attribute_mem|                                                            ; 66 (64)     ; 64 (64)                   ; 0 (0)         ; 0           ; 0    ; 0          ; 0            ; 0       ; 0         ; 0    ; 0            ; 2 (0)        ; 43 (43)           ; 21 (0)           ; 0          ; |C_2024_carrier|sld_signaltap:auto_signaltap_0|sld_signaltap_impl:sld_signaltap_body|sld_signaltap_implb:sld_signaltap_body|altdpram:\stp_non_zero_ram_gen:attribute_mem_gen:attribute_mem                                                                                                                                                                 ; altdpram                          ; work         ;
;                |lpm_decode:wdecoder|                                                                                                    ; 2 (0)       ; 0 (0)                     ; 0 (0)         ; 0           ; 0    ; 0          ; 0            ; 0       ; 0         ; 0    ; 0            ; 2 (0)        ; 0 (0)             ; 0 (0)            ; 0          ; |C_2024_carrier|sld_signaltap:auto_signaltap_0|sld_signaltap_impl:sld_signaltap_body|sld_signaltap_implb:sld_signaltap_body|altdpram:\stp_non_zero_ram_gen:attribute_mem_gen:attribute_mem|lpm_decode:wdecoder                                                                                                                                             ; lpm_decode                        ; work         ;
;                   |decode_3af:auto_generated|                                                                                           ; 2 (2)       ; 0 (0)                     ; 0 (0)         ; 0           ; 0    ; 0          ; 0            ; 0       ; 0         ; 0    ; 0            ; 2 (2)        ; 0 (0)             ; 0 (0)            ; 0          ; |C_2024_carrier|sld_signaltap:auto_signaltap_0|sld_signaltap_impl:sld_signaltap_body|sld_signaltap_implb:sld_signaltap_body|altdpram:\stp_non_zero_ram_gen:attribute_mem_gen:attribute_mem|lpm_decode:wdecoder|decode_3af:auto_generated                                                                                                                   ; decode_3af                        ; work         ;
;                |lpm_mux:mux|                                                                                                            ; 21 (0)      ; 0 (0)                     ; 0 (0)         ; 0           ; 0    ; 0          ; 0            ; 0       ; 0         ; 0    ; 0            ; 0 (0)        ; 0 (0)             ; 21 (0)           ; 0          ; |C_2024_carrier|sld_signaltap:auto_signaltap_0|sld_signaltap_impl:sld_signaltap_body|sld_signaltap_implb:sld_signaltap_body|altdpram:\stp_non_zero_ram_gen:attribute_mem_gen:attribute_mem|lpm_mux:mux                                                                                                                                                     ; lpm_mux                           ; work         ;
;                   |mux_f7c:auto_generated|                                                                                              ; 21 (21)     ; 0 (0)                     ; 0 (0)         ; 0           ; 0    ; 0          ; 0            ; 0       ; 0         ; 0    ; 0            ; 0 (0)        ; 0 (0)             ; 21 (21)          ; 0          ; |C_2024_carrier|sld_signaltap:auto_signaltap_0|sld_signaltap_impl:sld_signaltap_body|sld_signaltap_implb:sld_signaltap_body|altdpram:\stp_non_zero_ram_gen:attribute_mem_gen:attribute_mem|lpm_mux:mux|mux_f7c:auto_generated                                                                                                                              ; mux_f7c                           ; work         ;
;             |altsyncram:\stp_non_zero_ram_gen:stp_buffer_ram|                                                                           ; 0 (0)       ; 0 (0)                     ; 0 (0)         ; 99328       ; 11   ; 0          ; 0            ; 0       ; 0         ; 0    ; 0            ; 0 (0)        ; 0 (0)             ; 0 (0)            ; 0          ; |C_2024_carrier|sld_signaltap:auto_signaltap_0|sld_signaltap_impl:sld_signaltap_body|sld_signaltap_implb:sld_signaltap_body|altsyncram:\stp_non_zero_ram_gen:stp_buffer_ram                                                                                                                                                                                ; altsyncram                        ; work         ;
;                |altsyncram_ol14:auto_generated|                                                                                         ; 0 (0)       ; 0 (0)                     ; 0 (0)         ; 99328       ; 11   ; 0          ; 0            ; 0       ; 0         ; 0    ; 0            ; 0 (0)        ; 0 (0)             ; 0 (0)            ; 0          ; |C_2024_carrier|sld_signaltap:auto_signaltap_0|sld_signaltap_impl:sld_signaltap_body|sld_signaltap_implb:sld_signaltap_body|altsyncram:\stp_non_zero_ram_gen:stp_buffer_ram|altsyncram_ol14:auto_generated                                                                                                                                                 ; altsyncram_ol14                   ; work         ;
;             |lpm_shiftreg:segment_offset_config_deserialize|                                                                            ; 10 (10)     ; 10 (10)                   ; 0 (0)         ; 0           ; 0    ; 0          ; 0            ; 0       ; 0         ; 0    ; 0            ; 0 (0)        ; 10 (10)           ; 0 (0)            ; 0          ; |C_2024_carrier|sld_signaltap:auto_signaltap_0|sld_signaltap_impl:sld_signaltap_body|sld_signaltap_implb:sld_signaltap_body|lpm_shiftreg:segment_offset_config_deserialize                                                                                                                                                                                 ; lpm_shiftreg                      ; work         ;
;             |lpm_shiftreg:status_register|                                                                                              ; 17 (17)     ; 17 (17)                   ; 0 (0)         ; 0           ; 0    ; 0          ; 0            ; 0       ; 0         ; 0    ; 0            ; 0 (0)        ; 0 (0)             ; 17 (17)          ; 0          ; |C_2024_carrier|sld_signaltap:auto_signaltap_0|sld_signaltap_impl:sld_signaltap_body|sld_signaltap_implb:sld_signaltap_body|lpm_shiftreg:status_register                                                                                                                                                                                                   ; lpm_shiftreg                      ; work         ;
;             |serial_crc_16:\tdo_crc_gen:tdo_crc_calc|                                                                                   ; 14 (14)     ; 13 (13)                   ; 0 (0)         ; 0           ; 0    ; 0          ; 0            ; 0       ; 0         ; 0    ; 0            ; 1 (1)        ; 0 (0)             ; 13 (13)          ; 0          ; |C_2024_carrier|sld_signaltap:auto_signaltap_0|sld_signaltap_impl:sld_signaltap_body|sld_signaltap_implb:sld_signaltap_body|serial_crc_16:\tdo_crc_gen:tdo_crc_calc                                                                                                                                                                                        ; serial_crc_16                     ; work         ;
;             |sld_buffer_manager:sld_buffer_manager_inst|                                                                                ; 91 (91)     ; 59 (59)                   ; 0 (0)         ; 0           ; 0    ; 0          ; 0            ; 0       ; 0         ; 0    ; 0            ; 32 (32)      ; 10 (10)           ; 49 (49)          ; 0          ; |C_2024_carrier|sld_signaltap:auto_signaltap_0|sld_signaltap_impl:sld_signaltap_body|sld_signaltap_implb:sld_signaltap_body|sld_buffer_manager:sld_buffer_manager_inst                                                                                                                                                                                     ; sld_buffer_manager                ; work         ;
;             |sld_ela_control:ela_control|                                                                                               ; 21 (1)      ; 21 (1)                    ; 0 (0)         ; 0           ; 0    ; 0          ; 0            ; 0       ; 0         ; 0    ; 0            ; 0 (0)        ; 17 (0)            ; 4 (1)            ; 0          ; |C_2024_carrier|sld_signaltap:auto_signaltap_0|sld_signaltap_impl:sld_signaltap_body|sld_signaltap_implb:sld_signaltap_body|sld_ela_control:ela_control                                                                                                                                                                                                    ; sld_ela_control                   ; work         ;
;                |lpm_shiftreg:trigger_config_deserialize|                                                                                ; 4 (4)       ; 4 (4)                     ; 0 (0)         ; 0           ; 0    ; 0          ; 0            ; 0       ; 0         ; 0    ; 0            ; 0 (0)        ; 4 (4)             ; 0 (0)            ; 0          ; |C_2024_carrier|sld_signaltap:auto_signaltap_0|sld_signaltap_impl:sld_signaltap_body|sld_signaltap_implb:sld_signaltap_body|sld_ela_control:ela_control|lpm_shiftreg:trigger_config_deserialize                                                                                                                                                            ; lpm_shiftreg                      ; work         ;
;                |sld_ela_basic_multi_level_trigger:\basic_multi_level_mbpm_trigger_gen:multi_level_mbpm|                                 ; 5 (0)       ; 5 (0)                     ; 0 (0)         ; 0           ; 0    ; 0          ; 0            ; 0       ; 0         ; 0    ; 0            ; 0 (0)        ; 3 (0)             ; 2 (0)            ; 0          ; |C_2024_carrier|sld_signaltap:auto_signaltap_0|sld_signaltap_impl:sld_signaltap_body|sld_signaltap_implb:sld_signaltap_body|sld_ela_control:ela_control|sld_ela_basic_multi_level_trigger:\basic_multi_level_mbpm_trigger_gen:multi_level_mbpm                                                                                                             ; sld_ela_basic_multi_level_trigger ; work         ;
;                   |lpm_shiftreg:trigger_condition_deserialize|                                                                          ; 3 (3)       ; 3 (3)                     ; 0 (0)         ; 0           ; 0    ; 0          ; 0            ; 0       ; 0         ; 0    ; 0            ; 0 (0)        ; 3 (3)             ; 0 (0)            ; 0          ; |C_2024_carrier|sld_signaltap:auto_signaltap_0|sld_signaltap_impl:sld_signaltap_body|sld_signaltap_implb:sld_signaltap_body|sld_ela_control:ela_control|sld_ela_basic_multi_level_trigger:\basic_multi_level_mbpm_trigger_gen:multi_level_mbpm|lpm_shiftreg:trigger_condition_deserialize                                                                  ; lpm_shiftreg                      ; work         ;
;                   |sld_mbpmg:\trigger_modules_gen:0:trigger_match|                                                                      ; 2 (0)       ; 2 (0)                     ; 0 (0)         ; 0           ; 0    ; 0          ; 0            ; 0       ; 0         ; 0    ; 0            ; 0 (0)        ; 0 (0)             ; 2 (0)            ; 0          ; |C_2024_carrier|sld_signaltap:auto_signaltap_0|sld_signaltap_impl:sld_signaltap_body|sld_signaltap_implb:sld_signaltap_body|sld_ela_control:ela_control|sld_ela_basic_multi_level_trigger:\basic_multi_level_mbpm_trigger_gen:multi_level_mbpm|sld_mbpmg:\trigger_modules_gen:0:trigger_match                                                              ; sld_mbpmg                         ; work         ;
;                      |sld_sbpmg:\gen_sbpmg_pipeline_less_than_two:sm0:0:sm1|                                                            ; 2 (2)       ; 2 (2)                     ; 0 (0)         ; 0           ; 0    ; 0          ; 0            ; 0       ; 0         ; 0    ; 0            ; 0 (0)        ; 0 (0)             ; 2 (2)            ; 0          ; |C_2024_carrier|sld_signaltap:auto_signaltap_0|sld_signaltap_impl:sld_signaltap_body|sld_signaltap_implb:sld_signaltap_body|sld_ela_control:ela_control|sld_ela_basic_multi_level_trigger:\basic_multi_level_mbpm_trigger_gen:multi_level_mbpm|sld_mbpmg:\trigger_modules_gen:0:trigger_match|sld_sbpmg:\gen_sbpmg_pipeline_less_than_two:sm0:0:sm1        ; sld_sbpmg                         ; work         ;
;                |sld_ela_trigger_flow_mgr:\builtin:ela_trigger_flow_mgr_entity|                                                          ; 11 (1)      ; 11 (1)                    ; 0 (0)         ; 0           ; 0    ; 0          ; 0            ; 0       ; 0         ; 0    ; 0            ; 0 (0)        ; 10 (0)            ; 1 (1)            ; 0          ; |C_2024_carrier|sld_signaltap:auto_signaltap_0|sld_signaltap_impl:sld_signaltap_body|sld_signaltap_implb:sld_signaltap_body|sld_ela_control:ela_control|sld_ela_trigger_flow_mgr:\builtin:ela_trigger_flow_mgr_entity                                                                                                                                      ; sld_ela_trigger_flow_mgr          ; work         ;
;                   |lpm_shiftreg:trigger_config_deserialize|                                                                             ; 10 (10)     ; 10 (10)                   ; 0 (0)         ; 0           ; 0    ; 0          ; 0            ; 0       ; 0         ; 0    ; 0            ; 0 (0)        ; 10 (10)           ; 0 (0)            ; 0          ; |C_2024_carrier|sld_signaltap:auto_signaltap_0|sld_signaltap_impl:sld_signaltap_body|sld_signaltap_implb:sld_signaltap_body|sld_ela_control:ela_control|sld_ela_trigger_flow_mgr:\builtin:ela_trigger_flow_mgr_entity|lpm_shiftreg:trigger_config_deserialize                                                                                              ; lpm_shiftreg                      ; work         ;
;             |sld_offload_buffer_mgr:\stp_non_zero_depth_offload_gen:stp_offload_buff_mgr_inst|                                          ; 182 (12)    ; 162 (0)                   ; 0 (0)         ; 0           ; 0    ; 0          ; 0            ; 0       ; 0         ; 0    ; 0            ; 20 (12)      ; 0 (0)             ; 162 (0)          ; 0          ; |C_2024_carrier|sld_signaltap:auto_signaltap_0|sld_signaltap_impl:sld_signaltap_body|sld_signaltap_implb:sld_signaltap_body|sld_offload_buffer_mgr:\stp_non_zero_depth_offload_gen:stp_offload_buff_mgr_inst                                                                                                                                               ; sld_offload_buffer_mgr            ; work         ;
;                |lpm_counter:\adv_point_3_and_more:advance_pointer_counter|                                                              ; 9 (0)       ; 7 (0)                     ; 0 (0)         ; 0           ; 0    ; 0          ; 0            ; 0       ; 0         ; 0    ; 0            ; 2 (0)        ; 0 (0)             ; 7 (0)            ; 0          ; |C_2024_carrier|sld_signaltap:auto_signaltap_0|sld_signaltap_impl:sld_signaltap_body|sld_signaltap_implb:sld_signaltap_body|sld_offload_buffer_mgr:\stp_non_zero_depth_offload_gen:stp_offload_buff_mgr_inst|lpm_counter:\adv_point_3_and_more:advance_pointer_counter                                                                                     ; lpm_counter                       ; work         ;
;                   |cntr_hrh:auto_generated|                                                                                             ; 9 (9)       ; 7 (7)                     ; 0 (0)         ; 0           ; 0    ; 0          ; 0            ; 0       ; 0         ; 0    ; 0            ; 2 (2)        ; 0 (0)             ; 7 (7)            ; 0          ; |C_2024_carrier|sld_signaltap:auto_signaltap_0|sld_signaltap_impl:sld_signaltap_body|sld_signaltap_implb:sld_signaltap_body|sld_offload_buffer_mgr:\stp_non_zero_depth_offload_gen:stp_offload_buff_mgr_inst|lpm_counter:\adv_point_3_and_more:advance_pointer_counter|cntr_hrh:auto_generated                                                             ; cntr_hrh                          ; work         ;
;                |lpm_counter:read_pointer_counter|                                                                                       ; 10 (0)      ; 10 (0)                    ; 0 (0)         ; 0           ; 0    ; 0          ; 0            ; 0       ; 0         ; 0    ; 0            ; 0 (0)        ; 0 (0)             ; 10 (0)           ; 0          ; |C_2024_carrier|sld_signaltap:auto_signaltap_0|sld_signaltap_impl:sld_signaltap_body|sld_signaltap_implb:sld_signaltap_body|sld_offload_buffer_mgr:\stp_non_zero_depth_offload_gen:stp_offload_buff_mgr_inst|lpm_counter:read_pointer_counter                                                                                                              ; lpm_counter                       ; work         ;
;                   |cntr_uji:auto_generated|                                                                                             ; 10 (10)     ; 10 (10)                   ; 0 (0)         ; 0           ; 0    ; 0          ; 0            ; 0       ; 0         ; 0    ; 0            ; 0 (0)        ; 0 (0)             ; 10 (10)          ; 0          ; |C_2024_carrier|sld_signaltap:auto_signaltap_0|sld_signaltap_impl:sld_signaltap_body|sld_signaltap_implb:sld_signaltap_body|sld_offload_buffer_mgr:\stp_non_zero_depth_offload_gen:stp_offload_buff_mgr_inst|lpm_counter:read_pointer_counter|cntr_uji:auto_generated                                                                                      ; cntr_uji                          ; work         ;
;                |lpm_counter:status_advance_pointer_counter|                                                                             ; 7 (0)       ; 5 (0)                     ; 0 (0)         ; 0           ; 0    ; 0          ; 0            ; 0       ; 0         ; 0    ; 0            ; 2 (0)        ; 0 (0)             ; 5 (0)            ; 0          ; |C_2024_carrier|sld_signaltap:auto_signaltap_0|sld_signaltap_impl:sld_signaltap_body|sld_signaltap_implb:sld_signaltap_body|sld_offload_buffer_mgr:\stp_non_zero_depth_offload_gen:stp_offload_buff_mgr_inst|lpm_counter:status_advance_pointer_counter                                                                                                    ; lpm_counter                       ; work         ;
;                   |cntr_2rh:auto_generated|                                                                                             ; 7 (7)       ; 5 (5)                     ; 0 (0)         ; 0           ; 0    ; 0          ; 0            ; 0       ; 0         ; 0    ; 0            ; 2 (2)        ; 0 (0)             ; 5 (5)            ; 0          ; |C_2024_carrier|sld_signaltap:auto_signaltap_0|sld_signaltap_impl:sld_signaltap_body|sld_signaltap_implb:sld_signaltap_body|sld_offload_buffer_mgr:\stp_non_zero_depth_offload_gen:stp_offload_buff_mgr_inst|lpm_counter:status_advance_pointer_counter|cntr_2rh:auto_generated                                                                            ; cntr_2rh                          ; work         ;
;                |lpm_counter:status_read_pointer_counter|                                                                                ; 3 (0)       ; 1 (0)                     ; 0 (0)         ; 0           ; 0    ; 0          ; 0            ; 0       ; 0         ; 0    ; 0            ; 2 (0)        ; 0 (0)             ; 1 (0)            ; 0          ; |C_2024_carrier|sld_signaltap:auto_signaltap_0|sld_signaltap_impl:sld_signaltap_body|sld_signaltap_implb:sld_signaltap_body|sld_offload_buffer_mgr:\stp_non_zero_depth_offload_gen:stp_offload_buff_mgr_inst|lpm_counter:status_read_pointer_counter                                                                                                       ; lpm_counter                       ; work         ;
;                   |cntr_odi:auto_generated|                                                                                             ; 3 (3)       ; 1 (1)                     ; 0 (0)         ; 0           ; 0    ; 0          ; 0            ; 0       ; 0         ; 0    ; 0            ; 2 (2)        ; 0 (0)             ; 1 (1)            ; 0          ; |C_2024_carrier|sld_signaltap:auto_signaltap_0|sld_signaltap_impl:sld_signaltap_body|sld_signaltap_implb:sld_signaltap_body|sld_offload_buffer_mgr:\stp_non_zero_depth_offload_gen:stp_offload_buff_mgr_inst|lpm_counter:status_read_pointer_counter|cntr_odi:auto_generated                                                                               ; cntr_odi                          ; work         ;
;                |lpm_shiftreg:info_data_shift_out|                                                                                       ; 22 (22)     ; 21 (21)                   ; 0 (0)         ; 0           ; 0    ; 0          ; 0            ; 0       ; 0         ; 0    ; 0            ; 1 (1)        ; 0 (0)             ; 21 (21)          ; 0          ; |C_2024_carrier|sld_signaltap:auto_signaltap_0|sld_signaltap_impl:sld_signaltap_body|sld_signaltap_implb:sld_signaltap_body|sld_offload_buffer_mgr:\stp_non_zero_depth_offload_gen:stp_offload_buff_mgr_inst|lpm_shiftreg:info_data_shift_out                                                                                                              ; lpm_shiftreg                      ; work         ;
;                |lpm_shiftreg:ram_data_shift_out|                                                                                        ; 97 (97)     ; 97 (97)                   ; 0 (0)         ; 0           ; 0    ; 0          ; 0            ; 0       ; 0         ; 0    ; 0            ; 0 (0)        ; 0 (0)             ; 97 (97)          ; 0          ; |C_2024_carrier|sld_signaltap:auto_signaltap_0|sld_signaltap_impl:sld_signaltap_body|sld_signaltap_implb:sld_signaltap_body|sld_offload_buffer_mgr:\stp_non_zero_depth_offload_gen:stp_offload_buff_mgr_inst|lpm_shiftreg:ram_data_shift_out                                                                                                               ; lpm_shiftreg                      ; work         ;
;                |lpm_shiftreg:status_data_shift_out|                                                                                     ; 22 (22)     ; 21 (21)                   ; 0 (0)         ; 0           ; 0    ; 0          ; 0            ; 0       ; 0         ; 0    ; 0            ; 1 (1)        ; 0 (0)             ; 21 (21)          ; 0          ; |C_2024_carrier|sld_signaltap:auto_signaltap_0|sld_signaltap_impl:sld_signaltap_body|sld_signaltap_implb:sld_signaltap_body|sld_offload_buffer_mgr:\stp_non_zero_depth_offload_gen:stp_offload_buff_mgr_inst|lpm_shiftreg:status_data_shift_out                                                                                                            ; lpm_shiftreg                      ; work         ;
;             |sld_rom_sr:crc_rom_sr|                                                                                                     ; 30 (30)     ; 8 (8)                     ; 0 (0)         ; 0           ; 0    ; 0          ; 0            ; 0       ; 0         ; 0    ; 0            ; 22 (22)      ; 0 (0)             ; 8 (8)            ; 0          ; |C_2024_carrier|sld_signaltap:auto_signaltap_0|sld_signaltap_impl:sld_signaltap_body|sld_signaltap_implb:sld_signaltap_body|sld_rom_sr:crc_rom_sr                                                                                                                                                                                                          ; sld_rom_sr                        ; work         ;
+-----------------------------------------------------------------------------------------------------------------------------------------+-------------+---------------------------+---------------+-------------+------+------------+--------------+---------+-----------+------+--------------+--------------+-------------------+------------------+------------+------------------------------------------------------------------------------------------------------------------------------------------------------------------------------------------------------------------------------------------------------------------------------------------------------------------------------------------------------------+-----------------------------------+--------------+
Note: For table entries with two numbers listed, the numbers in parentheses indicate the number of resources of the given type used by the specific entity alone. The numbers listed outside of parentheses indicate the total resources of the given type used by the specific entity and all of its sub-entities in the hierarchy.


+----------------------------------------------------------------------------------------------------+
; Delay Chain Summary                                                                                ;
+--------------------+----------+---------------+---------------+-----------------------+-----+------+
; Name               ; Pin Type ; Pad to Core 0 ; Pad to Core 1 ; Pad to Input Register ; TCO ; TCOE ;
+--------------------+----------+---------------+---------------+-----------------------+-----+------+
; spi_sdo            ; Output   ; --            ; --            ; --                    ; --  ; --   ;
; DAC_data_direct[0] ; Output   ; --            ; --            ; --                    ; --  ; --   ;
; DAC_data_direct[1] ; Output   ; --            ; --            ; --                    ; --  ; --   ;
; DAC_data_direct[2] ; Output   ; --            ; --            ; --                    ; --  ; --   ;
; DAC_data_direct[3] ; Output   ; --            ; --            ; --                    ; --  ; --   ;
; DAC_data_direct[4] ; Output   ; --            ; --            ; --                    ; --  ; --   ;
; DAC_data_direct[5] ; Output   ; --            ; --            ; --                    ; --  ; --   ;
; DAC_data_direct[6] ; Output   ; --            ; --            ; --                    ; --  ; --   ;
; DAC_data_direct[7] ; Output   ; --            ; --            ; --                    ; --  ; --   ;
; DAC_clk_direct     ; Output   ; --            ; --            ; --                    ; --  ; --   ;
; DAC_data_multi[0]  ; Output   ; --            ; --            ; --                    ; --  ; --   ;
; DAC_data_multi[1]  ; Output   ; --            ; --            ; --                    ; --  ; --   ;
; DAC_data_multi[2]  ; Output   ; --            ; --            ; --                    ; --  ; --   ;
; DAC_data_multi[3]  ; Output   ; --            ; --            ; --                    ; --  ; --   ;
; DAC_data_multi[4]  ; Output   ; --            ; --            ; --                    ; --  ; --   ;
; DAC_data_multi[5]  ; Output   ; --            ; --            ; --                    ; --  ; --   ;
; DAC_data_multi[6]  ; Output   ; --            ; --            ; --                    ; --  ; --   ;
; DAC_data_multi[7]  ; Output   ; --            ; --            ; --                    ; --  ; --   ;
; DAC_clk_multi      ; Output   ; --            ; --            ; --                    ; --  ; --   ;
; sys_rst_n          ; Input    ; --            ; (6) 873 ps    ; --                    ; --  ; --   ;
; sys_clk            ; Input    ; --            ; --            ; --                    ; --  ; --   ;
; spi_sdi            ; Input    ; --            ; (6) 868 ps    ; --                    ; --  ; --   ;
; spi_sel            ; Input    ; (6) 868 ps    ; --            ; --                    ; --  ; --   ;
; spi_scl            ; Input    ; (6) 868 ps    ; --            ; --                    ; --  ; --   ;
+--------------------+----------+---------------+---------------+-----------------------+-----+------+


+----------------------------------------------------------------------------------------------------------------------------+
; Pad To Core Delay Chain Fanout                                                                                             ;
+----------------------------------------------------------------------------------------------+-------------------+---------+
; Source Pin / Fanout                                                                          ; Pad To Core Index ; Setting ;
+----------------------------------------------------------------------------------------------+-------------------+---------+
; sys_rst_n                                                                                    ;                   ;         ;
;      - pll_ip:pll_ip_inst|altpll:altpll_component|pll_ip_altpll:auto_generated|pll_lock_sync ; 1                 ; 6       ;
;      - rst_n~0                                                                               ; 1                 ; 6       ;
;      - pll_ip:pll_ip_inst|altpll:altpll_component|pll_ip_altpll:auto_generated|pll1          ; 1                 ; 6       ;
; sys_clk                                                                                      ;                   ;         ;
; spi_sdi                                                                                      ;                   ;         ;
;      - SPI_STM32F4:u_SPI_STM32F4|SPI:u_SPI_inst|Dout~0                                       ; 1                 ; 6       ;
;      - sld_signaltap:auto_signaltap_0|acq_data_in_reg[94]                                    ; 1                 ; 6       ;
; spi_sel                                                                                      ;                   ;         ;
;      - SPI_STM32F4:u_SPI_STM32F4|SPI:u_SPI_inst|r_spi_sel[0]~0                               ; 0                 ; 6       ;
;      - sld_signaltap:auto_signaltap_0|acq_trigger_in_reg[0]~feeder                           ; 0                 ; 6       ;
;      - sld_signaltap:auto_signaltap_0|acq_data_in_reg[96]~feeder                             ; 0                 ; 6       ;
; spi_scl                                                                                      ;                   ;         ;
;      - sld_signaltap:auto_signaltap_0|acq_data_in_reg[93]                                    ; 0                 ; 6       ;
;      - SPI_STM32F4:u_SPI_STM32F4|SPI:u_SPI_inst|r_spi_scl[0]~feeder                          ; 0                 ; 6       ;
+----------------------------------------------------------------------------------------------+-------------------+---------+


+--------------------------------------------------------------------------------------------------------------------------------------------------------------------------------------------------------------------------------------------------------------------------------------------------------------------------------------------------------------------------------------------------------------------------------------------------------------------------------------------------------+
; Control Signals                                                                                                                                                                                                                                                                                                                                                                                                                                                                                        ;
+-------------------------------------------------------------------------------------------------------------------------------------------------------------------------------------------------------------------------------------------------------------------------------------------------------------------------------------------------------------+--------------------+---------+----------------------------+--------+----------------------+------------------+---------------------------+
; Name                                                                                                                                                                                                                                                                                                                                                        ; Location           ; Fan-Out ; Usage                      ; Global ; Global Resource Used ; Global Line Name ; Enable Signal Source Name ;
+-------------------------------------------------------------------------------------------------------------------------------------------------------------------------------------------------------------------------------------------------------------------------------------------------------------------------------------------------------------+--------------------+---------+----------------------------+--------+----------------------+------------------+---------------------------+
; DDS_time_delay:u_DDS_time_delay|DDS_direct:u_DDS_direct|DDS_en                                                                                                                                                                                                                                                                                              ; FF_X22_Y13_N9      ; 60      ; Async. clear               ; yes    ; Global Clock         ; GCLK6            ; --                        ;
; DDS_time_delay:u_DDS_time_delay|DDS_direct:u_DDS_direct|always2~0                                                                                                                                                                                                                                                                                           ; LCCOMB_X22_Y13_N12 ; 1       ; Async. clear               ; no     ; --                   ; --               ; --                        ;
; DDS_time_delay:u_DDS_time_delay|DDS_direct:u_DDS_direct|f_word[12]~3                                                                                                                                                                                                                                                                                        ; LCCOMB_X19_Y9_N24  ; 5       ; Clock enable               ; no     ; --                   ; --               ; --                        ;
; SPI_STM32F4:u_SPI_STM32F4|SPI:u_SPI_inst|Dout[19]~1                                                                                                                                                                                                                                                                                                         ; LCCOMB_X23_Y15_N26 ; 32      ; Clock enable               ; no     ; --                   ; --               ; --                        ;
; altera_internal_jtag~TCKUTAP                                                                                                                                                                                                                                                                                                                                ; JTAG_X10_Y11_N0    ; 401     ; Clock                      ; yes    ; Global Clock         ; GCLK1            ; --                        ;
; altera_internal_jtag~TMSUTAP                                                                                                                                                                                                                                                                                                                                ; JTAG_X10_Y11_N0    ; 23      ; Sync. clear                ; no     ; --                   ; --               ; --                        ;
; pll_ip:pll_ip_inst|altpll:altpll_component|pll_ip_altpll:auto_generated|wire_pll1_clk[0]                                                                                                                                                                                                                                                                    ; PLL_1              ; 733     ; Clock                      ; yes    ; Global Clock         ; GCLK3            ; --                        ;
; pll_ip:pll_ip_inst|altpll:altpll_component|pll_ip_altpll:auto_generated|wire_pll1_clk[1]                                                                                                                                                                                                                                                                    ; PLL_1              ; 36      ; Clock                      ; yes    ; Global Clock         ; GCLK4            ; --                        ;
; pll_ip:pll_ip_inst|altpll:altpll_component|pll_ip_altpll:auto_generated|wire_pll1_locked                                                                                                                                                                                                                                                                    ; PLL_1              ; 2       ; Clock                      ; no     ; --                   ; --               ; --                        ;
; rst_n~0                                                                                                                                                                                                                                                                                                                                                     ; LCCOMB_X7_Y5_N10   ; 65      ; Async. clear               ; yes    ; Global Clock         ; GCLK0            ; --                        ;
; sld_hub:auto_hub|alt_sld_fab_with_jtag_input:\instrumentation_fabric_with_node_gen:fabric_gen_new_way:with_jtag_input_gen:instrumentation_fabric|alt_sld_fab:instrumentation_fabric|alt_sld_fab_alt_sld_fab:alt_sld_fab|alt_sld_fab_alt_sld_fab_sldfabric:sldfabric|sld_jtag_hub:\jtag_hub_gen:real_sld_jtag_hub|clr_reg                                    ; FF_X12_Y15_N5      ; 27      ; Async. clear               ; no     ; --                   ; --               ; --                        ;
; sld_hub:auto_hub|alt_sld_fab_with_jtag_input:\instrumentation_fabric_with_node_gen:fabric_gen_new_way:with_jtag_input_gen:instrumentation_fabric|alt_sld_fab:instrumentation_fabric|alt_sld_fab_alt_sld_fab:alt_sld_fab|alt_sld_fab_alt_sld_fab_sldfabric:sldfabric|sld_jtag_hub:\jtag_hub_gen:real_sld_jtag_hub|design_hash_proc~0                         ; LCCOMB_X14_Y16_N0  ; 4       ; Sync. load                 ; no     ; --                   ; --               ; --                        ;
; sld_hub:auto_hub|alt_sld_fab_with_jtag_input:\instrumentation_fabric_with_node_gen:fabric_gen_new_way:with_jtag_input_gen:instrumentation_fabric|alt_sld_fab:instrumentation_fabric|alt_sld_fab_alt_sld_fab:alt_sld_fab|alt_sld_fab_alt_sld_fab_sldfabric:sldfabric|sld_jtag_hub:\jtag_hub_gen:real_sld_jtag_hub|hub_info_reg_ena                           ; LCCOMB_X14_Y16_N20 ; 4       ; Clock enable               ; no     ; --                   ; --               ; --                        ;
; sld_hub:auto_hub|alt_sld_fab_with_jtag_input:\instrumentation_fabric_with_node_gen:fabric_gen_new_way:with_jtag_input_gen:instrumentation_fabric|alt_sld_fab:instrumentation_fabric|alt_sld_fab_alt_sld_fab:alt_sld_fab|alt_sld_fab_alt_sld_fab_sldfabric:sldfabric|sld_jtag_hub:\jtag_hub_gen:real_sld_jtag_hub|hub_info_reg_ena~0                         ; LCCOMB_X13_Y15_N4  ; 5       ; Clock enable               ; no     ; --                   ; --               ; --                        ;
; sld_hub:auto_hub|alt_sld_fab_with_jtag_input:\instrumentation_fabric_with_node_gen:fabric_gen_new_way:with_jtag_input_gen:instrumentation_fabric|alt_sld_fab:instrumentation_fabric|alt_sld_fab_alt_sld_fab:alt_sld_fab|alt_sld_fab_alt_sld_fab_sldfabric:sldfabric|sld_jtag_hub:\jtag_hub_gen:real_sld_jtag_hub|identity_contrib_shift_reg[0]~1            ; LCCOMB_X14_Y16_N6  ; 4       ; Clock enable               ; no     ; --                   ; --               ; --                        ;
; sld_hub:auto_hub|alt_sld_fab_with_jtag_input:\instrumentation_fabric_with_node_gen:fabric_gen_new_way:with_jtag_input_gen:instrumentation_fabric|alt_sld_fab:instrumentation_fabric|alt_sld_fab_alt_sld_fab:alt_sld_fab|alt_sld_fab_alt_sld_fab_sldfabric:sldfabric|sld_jtag_hub:\jtag_hub_gen:real_sld_jtag_hub|irf_reg[1][0]~0                            ; LCCOMB_X15_Y16_N14 ; 10      ; Clock enable               ; no     ; --                   ; --               ; --                        ;
; sld_hub:auto_hub|alt_sld_fab_with_jtag_input:\instrumentation_fabric_with_node_gen:fabric_gen_new_way:with_jtag_input_gen:instrumentation_fabric|alt_sld_fab:instrumentation_fabric|alt_sld_fab_alt_sld_fab:alt_sld_fab|alt_sld_fab_alt_sld_fab_sldfabric:sldfabric|sld_jtag_hub:\jtag_hub_gen:real_sld_jtag_hub|irf_reg[1][4]                              ; FF_X15_Y16_N19     ; 17      ; Clock enable               ; no     ; --                   ; --               ; --                        ;
; sld_hub:auto_hub|alt_sld_fab_with_jtag_input:\instrumentation_fabric_with_node_gen:fabric_gen_new_way:with_jtag_input_gen:instrumentation_fabric|alt_sld_fab:instrumentation_fabric|alt_sld_fab_alt_sld_fab:alt_sld_fab|alt_sld_fab_alt_sld_fab_sldfabric:sldfabric|sld_jtag_hub:\jtag_hub_gen:real_sld_jtag_hub|irf_reg[1][7]                              ; FF_X15_Y16_N17     ; 27      ; Clock enable               ; no     ; --                   ; --               ; --                        ;
; sld_hub:auto_hub|alt_sld_fab_with_jtag_input:\instrumentation_fabric_with_node_gen:fabric_gen_new_way:with_jtag_input_gen:instrumentation_fabric|alt_sld_fab:instrumentation_fabric|alt_sld_fab_alt_sld_fab:alt_sld_fab|alt_sld_fab_alt_sld_fab_sldfabric:sldfabric|sld_jtag_hub:\jtag_hub_gen:real_sld_jtag_hub|irsr_reg[2]~2                              ; LCCOMB_X16_Y16_N30 ; 9       ; Clock enable               ; no     ; --                   ; --               ; --                        ;
; sld_hub:auto_hub|alt_sld_fab_with_jtag_input:\instrumentation_fabric_with_node_gen:fabric_gen_new_way:with_jtag_input_gen:instrumentation_fabric|alt_sld_fab:instrumentation_fabric|alt_sld_fab_alt_sld_fab:alt_sld_fab|alt_sld_fab_alt_sld_fab_sldfabric:sldfabric|sld_jtag_hub:\jtag_hub_gen:real_sld_jtag_hub|mixer_addr_reg_internal[4]~15              ; LCCOMB_X13_Y16_N16 ; 5       ; Sync. load                 ; no     ; --                   ; --               ; --                        ;
; sld_hub:auto_hub|alt_sld_fab_with_jtag_input:\instrumentation_fabric_with_node_gen:fabric_gen_new_way:with_jtag_input_gen:instrumentation_fabric|alt_sld_fab:instrumentation_fabric|alt_sld_fab_alt_sld_fab:alt_sld_fab|alt_sld_fab_alt_sld_fab_sldfabric:sldfabric|sld_jtag_hub:\jtag_hub_gen:real_sld_jtag_hub|mixer_addr_reg_internal[4]~16              ; LCCOMB_X14_Y15_N2  ; 5       ; Clock enable               ; no     ; --                   ; --               ; --                        ;
; sld_hub:auto_hub|alt_sld_fab_with_jtag_input:\instrumentation_fabric_with_node_gen:fabric_gen_new_way:with_jtag_input_gen:instrumentation_fabric|alt_sld_fab:instrumentation_fabric|alt_sld_fab_alt_sld_fab:alt_sld_fab|alt_sld_fab_alt_sld_fab_sldfabric:sldfabric|sld_jtag_hub:\jtag_hub_gen:real_sld_jtag_hub|reset_ena_reg_proc~0                       ; LCCOMB_X13_Y15_N0  ; 3       ; Clock enable               ; no     ; --                   ; --               ; --                        ;
; sld_hub:auto_hub|alt_sld_fab_with_jtag_input:\instrumentation_fabric_with_node_gen:fabric_gen_new_way:with_jtag_input_gen:instrumentation_fabric|alt_sld_fab:instrumentation_fabric|alt_sld_fab_alt_sld_fab:alt_sld_fab|alt_sld_fab_alt_sld_fab_sldfabric:sldfabric|sld_jtag_hub:\jtag_hub_gen:real_sld_jtag_hub|sld_rom_sr:hub_info_reg|WORD_SR[1]~17      ; LCCOMB_X12_Y15_N18 ; 4       ; Clock enable               ; no     ; --                   ; --               ; --                        ;
; sld_hub:auto_hub|alt_sld_fab_with_jtag_input:\instrumentation_fabric_with_node_gen:fabric_gen_new_way:with_jtag_input_gen:instrumentation_fabric|alt_sld_fab:instrumentation_fabric|alt_sld_fab_alt_sld_fab:alt_sld_fab|alt_sld_fab_alt_sld_fab_sldfabric:sldfabric|sld_jtag_hub:\jtag_hub_gen:real_sld_jtag_hub|sld_rom_sr:hub_info_reg|word_counter[0]~13 ; LCCOMB_X12_Y12_N0  ; 5       ; Sync. clear                ; no     ; --                   ; --               ; --                        ;
; sld_hub:auto_hub|alt_sld_fab_with_jtag_input:\instrumentation_fabric_with_node_gen:fabric_gen_new_way:with_jtag_input_gen:instrumentation_fabric|alt_sld_fab:instrumentation_fabric|alt_sld_fab_alt_sld_fab:alt_sld_fab|alt_sld_fab_alt_sld_fab_sldfabric:sldfabric|sld_jtag_hub:\jtag_hub_gen:real_sld_jtag_hub|sld_rom_sr:hub_info_reg|word_counter[0]~20 ; LCCOMB_X12_Y15_N20 ; 5       ; Clock enable               ; no     ; --                   ; --               ; --                        ;
; sld_hub:auto_hub|alt_sld_fab_with_jtag_input:\instrumentation_fabric_with_node_gen:fabric_gen_new_way:with_jtag_input_gen:instrumentation_fabric|alt_sld_fab:instrumentation_fabric|alt_sld_fab_alt_sld_fab:alt_sld_fab|alt_sld_fab_alt_sld_fab_sldfabric:sldfabric|sld_jtag_hub:\jtag_hub_gen:real_sld_jtag_hub|sld_shadow_jsm:shadow_jsm|state[0]         ; FF_X12_Y14_N7      ; 15      ; Async. clear               ; no     ; --                   ; --               ; --                        ;
; sld_hub:auto_hub|alt_sld_fab_with_jtag_input:\instrumentation_fabric_with_node_gen:fabric_gen_new_way:with_jtag_input_gen:instrumentation_fabric|alt_sld_fab:instrumentation_fabric|alt_sld_fab_alt_sld_fab:alt_sld_fab|alt_sld_fab_alt_sld_fab_sldfabric:sldfabric|sld_jtag_hub:\jtag_hub_gen:real_sld_jtag_hub|sld_shadow_jsm:shadow_jsm|state[11]        ; FF_X11_Y14_N9      ; 12      ; Clock enable               ; no     ; --                   ; --               ; --                        ;
; sld_hub:auto_hub|alt_sld_fab_with_jtag_input:\instrumentation_fabric_with_node_gen:fabric_gen_new_way:with_jtag_input_gen:instrumentation_fabric|alt_sld_fab:instrumentation_fabric|alt_sld_fab_alt_sld_fab:alt_sld_fab|alt_sld_fab_alt_sld_fab_sldfabric:sldfabric|sld_jtag_hub:\jtag_hub_gen:real_sld_jtag_hub|sld_shadow_jsm:shadow_jsm|state[3]         ; FF_X12_Y15_N9      ; 36      ; Sync. load                 ; no     ; --                   ; --               ; --                        ;
; sld_hub:auto_hub|alt_sld_fab_with_jtag_input:\instrumentation_fabric_with_node_gen:fabric_gen_new_way:with_jtag_input_gen:instrumentation_fabric|alt_sld_fab:instrumentation_fabric|alt_sld_fab_alt_sld_fab:alt_sld_fab|alt_sld_fab_alt_sld_fab_sldfabric:sldfabric|sld_jtag_hub:\jtag_hub_gen:real_sld_jtag_hub|sld_shadow_jsm:shadow_jsm|state[4]         ; FF_X13_Y15_N9      ; 32      ; Sync. load                 ; no     ; --                   ; --               ; --                        ;
; sld_hub:auto_hub|alt_sld_fab_with_jtag_input:\instrumentation_fabric_with_node_gen:fabric_gen_new_way:with_jtag_input_gen:instrumentation_fabric|alt_sld_fab:instrumentation_fabric|alt_sld_fab_alt_sld_fab:alt_sld_fab|alt_sld_fab_alt_sld_fab_sldfabric:sldfabric|sld_jtag_hub:\jtag_hub_gen:real_sld_jtag_hub|virtual_ir_dr_scan_proc~0                  ; LCCOMB_X12_Y14_N18 ; 3       ; Clock enable               ; no     ; --                   ; --               ; --                        ;
; sld_hub:auto_hub|alt_sld_fab_with_jtag_input:\instrumentation_fabric_with_node_gen:fabric_gen_new_way:with_jtag_input_gen:instrumentation_fabric|alt_sld_fab:instrumentation_fabric|alt_sld_fab_alt_sld_fab:alt_sld_fab|alt_sld_fab_alt_sld_fab_sldfabric:sldfabric|sld_jtag_hub:\jtag_hub_gen:real_sld_jtag_hub|virtual_ir_scan_reg                        ; FF_X12_Y14_N29     ; 34      ; Async. clear, Clock enable ; no     ; --                   ; --               ; --                        ;
; sld_hub:auto_hub|alt_sld_fab_with_jtag_input:\instrumentation_fabric_with_node_gen:fabric_gen_new_way:with_jtag_input_gen:instrumentation_fabric|alt_sld_fab:instrumentation_fabric|alt_sld_fab_alt_sld_fab:alt_sld_fab|sldfabric_ident_writedata[0]~0                                                                                                      ; LCCOMB_X14_Y16_N10 ; 4       ; Clock enable               ; no     ; --                   ; --               ; --                        ;
; sld_signaltap:auto_signaltap_0|sld_signaltap_impl:sld_signaltap_body|sld_signaltap_implb:sld_signaltap_body|altdpram:\stp_non_zero_ram_gen:attribute_mem_gen:attribute_mem|lpm_decode:wdecoder|decode_3af:auto_generated|eq_node[0]~1                                                                                                                       ; LCCOMB_X18_Y16_N2  ; 21      ; Clock enable               ; no     ; --                   ; --               ; --                        ;
; sld_signaltap:auto_signaltap_0|sld_signaltap_impl:sld_signaltap_body|sld_signaltap_implb:sld_signaltap_body|altdpram:\stp_non_zero_ram_gen:attribute_mem_gen:attribute_mem|lpm_decode:wdecoder|decode_3af:auto_generated|eq_node[1]~0                                                                                                                       ; LCCOMB_X18_Y16_N8  ; 21      ; Clock enable               ; no     ; --                   ; --               ; --                        ;
; sld_signaltap:auto_signaltap_0|sld_signaltap_impl:sld_signaltap_body|sld_signaltap_implb:sld_signaltap_body|buffer_write_enable_delayed                                                                                                                                                                                                                     ; FF_X18_Y16_N27     ; 14      ; Clock enable, Write enable ; no     ; --                   ; --               ; --                        ;
; sld_signaltap:auto_signaltap_0|sld_signaltap_impl:sld_signaltap_body|sld_signaltap_implb:sld_signaltap_body|collect_data                                                                                                                                                                                                                                    ; LCCOMB_X20_Y16_N4  ; 27      ; Clock enable               ; no     ; --                   ; --               ; --                        ;
; sld_signaltap:auto_signaltap_0|sld_signaltap_impl:sld_signaltap_body|sld_signaltap_implb:sld_signaltap_body|process_0~0                                                                                                                                                                                                                                     ; LCCOMB_X17_Y16_N12 ; 32      ; Sync. clear                ; no     ; --                   ; --               ; --                        ;
; sld_signaltap:auto_signaltap_0|sld_signaltap_impl:sld_signaltap_body|sld_signaltap_implb:sld_signaltap_body|process_0~1                                                                                                                                                                                                                                     ; LCCOMB_X17_Y16_N14 ; 32      ; Sync. load                 ; no     ; --                   ; --               ; --                        ;
; sld_signaltap:auto_signaltap_0|sld_signaltap_impl:sld_signaltap_body|sld_signaltap_implb:sld_signaltap_body|reset_all                                                                                                                                                                                                                                       ; FF_X20_Y13_N23     ; 218     ; Async. clear               ; yes    ; Global Clock         ; GCLK5            ; --                        ;
; sld_signaltap:auto_signaltap_0|sld_signaltap_impl:sld_signaltap_body|sld_signaltap_implb:sld_signaltap_body|serial_crc_16:\tdo_crc_gen:tdo_crc_calc|lfsr[0]~1                                                                                                                                                                                               ; LCCOMB_X18_Y18_N22 ; 13      ; Clock enable               ; no     ; --                   ; --               ; --                        ;
; sld_signaltap:auto_signaltap_0|sld_signaltap_impl:sld_signaltap_body|sld_signaltap_implb:sld_signaltap_body|sld_buffer_manager:sld_buffer_manager_inst|final_trigger_set~4                                                                                                                                                                                  ; LCCOMB_X20_Y16_N22 ; 22      ; Clock enable               ; no     ; --                   ; --               ; --                        ;
; sld_signaltap:auto_signaltap_0|sld_signaltap_impl:sld_signaltap_body|sld_signaltap_implb:sld_signaltap_body|sld_buffer_manager:sld_buffer_manager_inst|last_buffer_write_address_sig[0]~0                                                                                                                                                                   ; LCCOMB_X20_Y16_N20 ; 10      ; Clock enable               ; no     ; --                   ; --               ; --                        ;
; sld_signaltap:auto_signaltap_0|sld_signaltap_impl:sld_signaltap_body|sld_signaltap_implb:sld_signaltap_body|sld_offload_buffer_mgr:\stp_non_zero_depth_offload_gen:stp_offload_buff_mgr_inst|Equal2~1                                                                                                                                                       ; LCCOMB_X15_Y13_N8  ; 1       ; Clock enable               ; no     ; --                   ; --               ; --                        ;
; sld_signaltap:auto_signaltap_0|sld_signaltap_impl:sld_signaltap_body|sld_signaltap_implb:sld_signaltap_body|sld_offload_buffer_mgr:\stp_non_zero_depth_offload_gen:stp_offload_buff_mgr_inst|acq_buf_read_reset                                                                                                                                             ; LCCOMB_X20_Y14_N4  ; 10      ; Sync. load                 ; no     ; --                   ; --               ; --                        ;
; sld_signaltap:auto_signaltap_0|sld_signaltap_impl:sld_signaltap_body|sld_signaltap_implb:sld_signaltap_body|sld_offload_buffer_mgr:\stp_non_zero_depth_offload_gen:stp_offload_buff_mgr_inst|lpm_counter:\adv_point_3_and_more:advance_pointer_counter|cntr_hrh:auto_generated|counter_reg_bit[6]~0                                                         ; LCCOMB_X15_Y15_N30 ; 7       ; Sync. load                 ; no     ; --                   ; --               ; --                        ;
; sld_signaltap:auto_signaltap_0|sld_signaltap_impl:sld_signaltap_body|sld_signaltap_implb:sld_signaltap_body|sld_offload_buffer_mgr:\stp_non_zero_depth_offload_gen:stp_offload_buff_mgr_inst|lpm_counter:status_advance_pointer_counter|cntr_2rh:auto_generated|counter_reg_bit[4]~0                                                                        ; LCCOMB_X15_Y13_N28 ; 5       ; Sync. load                 ; no     ; --                   ; --               ; --                        ;
; sld_signaltap:auto_signaltap_0|sld_signaltap_impl:sld_signaltap_body|sld_signaltap_implb:sld_signaltap_body|sld_offload_buffer_mgr:\stp_non_zero_depth_offload_gen:stp_offload_buff_mgr_inst|lpm_counter:status_read_pointer_counter|cntr_odi:auto_generated|counter_reg_bit[0]~0                                                                           ; LCCOMB_X20_Y14_N2  ; 1       ; Sync. load                 ; no     ; --                   ; --               ; --                        ;
; sld_signaltap:auto_signaltap_0|sld_signaltap_impl:sld_signaltap_body|sld_signaltap_implb:sld_signaltap_body|sld_offload_buffer_mgr:\stp_non_zero_depth_offload_gen:stp_offload_buff_mgr_inst|read_pointer_counter_clk_ena                                                                                                                                   ; LCCOMB_X15_Y15_N12 ; 10      ; Clock enable               ; no     ; --                   ; --               ; --                        ;
; sld_signaltap:auto_signaltap_0|sld_signaltap_impl:sld_signaltap_body|sld_signaltap_implb:sld_signaltap_body|sld_rom_sr:crc_rom_sr|WORD_SR[2]~8                                                                                                                                                                                                              ; LCCOMB_X12_Y17_N4  ; 4       ; Sync. clear                ; no     ; --                   ; --               ; --                        ;
; sld_signaltap:auto_signaltap_0|sld_signaltap_impl:sld_signaltap_body|sld_signaltap_implb:sld_signaltap_body|sld_rom_sr:crc_rom_sr|WORD_SR[2]~9                                                                                                                                                                                                              ; LCCOMB_X12_Y17_N16 ; 4       ; Clock enable               ; no     ; --                   ; --               ; --                        ;
; sld_signaltap:auto_signaltap_0|sld_signaltap_impl:sld_signaltap_body|sld_signaltap_implb:sld_signaltap_body|sld_rom_sr:crc_rom_sr|word_counter[3]~5                                                                                                                                                                                                         ; LCCOMB_X12_Y17_N2  ; 4       ; Clock enable               ; no     ; --                   ; --               ; --                        ;
; sld_signaltap:auto_signaltap_0|sld_signaltap_impl:sld_signaltap_body|sld_signaltap_implb:sld_signaltap_body|status_shift_enable~1                                                                                                                                                                                                                           ; LCCOMB_X16_Y15_N2  ; 17      ; Clock enable               ; no     ; --                   ; --               ; --                        ;
; sld_signaltap:auto_signaltap_0|sld_signaltap_impl:sld_signaltap_body|sld_signaltap_implb:sld_signaltap_body|tdo_crc_len_reg[15]~34                                                                                                                                                                                                                          ; LCCOMB_X18_Y18_N20 ; 32      ; Clock enable               ; no     ; --                   ; --               ; --                        ;
; sld_signaltap:auto_signaltap_0|sld_signaltap_impl:sld_signaltap_body|sld_signaltap_implb:sld_signaltap_body|tdo_crc_val_shift_reg[0]~1                                                                                                                                                                                                                      ; LCCOMB_X19_Y15_N14 ; 16      ; Clock enable               ; no     ; --                   ; --               ; --                        ;
; sld_signaltap:auto_signaltap_0|sld_signaltap_impl:sld_signaltap_body|sld_signaltap_implb:sld_signaltap_body|trigger_setup_ena                                                                                                                                                                                                                               ; LCCOMB_X17_Y16_N0  ; 27      ; Clock enable               ; no     ; --                   ; --               ; --                        ;
; sys_clk                                                                                                                                                                                                                                                                                                                                                     ; PIN_J5             ; 1       ; Clock                      ; no     ; --                   ; --               ; --                        ;
; sys_rst_n                                                                                                                                                                                                                                                                                                                                                   ; PIN_J9             ; 3       ; Async. clear               ; no     ; --                   ; --               ; --                        ;
+-------------------------------------------------------------------------------------------------------------------------------------------------------------------------------------------------------------------------------------------------------------------------------------------------------------------------------------------------------------+--------------------+---------+----------------------------+--------+----------------------+------------------+---------------------------+


+-----------------------------------------------------------------------------------------------------------------------------------------------------------------------------------------------------------------------------------------------------------------+
; Global & Other Fast Signals                                                                                                                                                                                                                                     ;
+-----------------------------------------------------------------------------------------------------------------------+------------------+---------+--------------------------------------+----------------------+------------------+---------------------------+
; Name                                                                                                                  ; Location         ; Fan-Out ; Fan-Out Using Intentional Clock Skew ; Global Resource Used ; Global Line Name ; Enable Signal Source Name ;
+-----------------------------------------------------------------------------------------------------------------------+------------------+---------+--------------------------------------+----------------------+------------------+---------------------------+
; DDS_time_delay:u_DDS_time_delay|DDS_direct:u_DDS_direct|DDS_en                                                        ; FF_X22_Y13_N9    ; 60      ; 0                                    ; Global Clock         ; GCLK6            ; --                        ;
; altera_internal_jtag~TCKUTAP                                                                                          ; JTAG_X10_Y11_N0  ; 401     ; 0                                    ; Global Clock         ; GCLK1            ; --                        ;
; pll_ip:pll_ip_inst|altpll:altpll_component|pll_ip_altpll:auto_generated|wire_pll1_clk[0]                              ; PLL_1            ; 733     ; 0                                    ; Global Clock         ; GCLK3            ; --                        ;
; pll_ip:pll_ip_inst|altpll:altpll_component|pll_ip_altpll:auto_generated|wire_pll1_clk[1]                              ; PLL_1            ; 36      ; 0                                    ; Global Clock         ; GCLK4            ; --                        ;
; rst_n~0                                                                                                               ; LCCOMB_X7_Y5_N10 ; 65      ; 0                                    ; Global Clock         ; GCLK0            ; --                        ;
; sld_signaltap:auto_signaltap_0|sld_signaltap_impl:sld_signaltap_body|sld_signaltap_implb:sld_signaltap_body|reset_all ; FF_X20_Y13_N23   ; 218     ; 0                                    ; Global Clock         ; GCLK5            ; --                        ;
+-----------------------------------------------------------------------------------------------------------------------+------------------+---------+--------------------------------------+----------------------+------------------+---------------------------+


+---------------------------------------------------------------------------------------------------------------------------------------------------------------------------------------------------------------------------------------------------------------------------------------------------------------------------------------------------------------------------------------------------------------------------------------------------------------------------------------------------------------------------------------------------------------------------------------------------------------------------------------------------------------------------------------------------------------------------------------------------------------------------------------------------------------------------------------------------------------------------------------------------------------------------------------------------+
; Fitter RAM Summary                                                                                                                                                                                                                                                                                                                                                                                                                                                                                                                                                                                                                                                                                                                                                                                                                                                                                                                                ;
+-------------------------------------------------------------------------------------------------------------------------------------------------------------------------------------------------------+------+------------------+--------------+--------------+--------------+--------------+--------------+------------------------+-------------------------+------------------------+-------------------------+-------+-----------------------------+-----------------------------+-----------------------------+-----------------------------+---------------------+------+-----------------------------------------------------------+--------------------------------------------------------------------------------------------------------------------------------------------------------------------------+----------------------+------------------------+------------------------+----------+------------------------+---------------+
; Name                                                                                                                                                                                                  ; Type ; Mode             ; Clock Mode   ; Port A Depth ; Port A Width ; Port B Depth ; Port B Width ; Port A Input Registers ; Port A Output Registers ; Port B Input Registers ; Port B Output Registers ; Size  ; Implementation Port A Depth ; Implementation Port A Width ; Implementation Port B Depth ; Implementation Port B Width ; Implementation Bits ; M9Ks ; MIF                                                       ; Location                                                                                                                                                                 ; Mixed Width RDW Mode ; Port A RDW Mode        ; Port B RDW Mode        ; ECC Mode ; ECC Pipeline Registers ; Fits in MLABs ;
+-------------------------------------------------------------------------------------------------------------------------------------------------------------------------------------------------------+------+------------------+--------------+--------------+--------------+--------------+--------------+------------------------+-------------------------+------------------------+-------------------------+-------+-----------------------------+-----------------------------+-----------------------------+-----------------------------+---------------------+------+-----------------------------------------------------------+--------------------------------------------------------------------------------------------------------------------------------------------------------------------------+----------------------+------------------------+------------------------+----------+------------------------+---------------+
; DDS_time_delay:u_DDS_time_delay|DDS_direct:u_DDS_direct|dds_ctrl_direct:dds_ctrl_direct_inst|rom_wave_sin:rom_ip_inst_1|altsyncram:altsyncram_component|altsyncram_8cb1:auto_generated|ALTSYNCRAM     ; AUTO ; ROM              ; Single Clock ; 4096         ; 8            ; --           ; --           ; yes                    ; yes                     ; --                     ; --                      ; 32768 ; 4096                        ; 8                           ; --                          ; --                          ; 32768               ; 4    ; D:/Quartus_code/DDS_lite/ip/rom/sin.mif                   ; M9K_X5_Y5_N0, M9K_X5_Y6_N0, M9K_X8_Y3_N0, M9K_X8_Y4_N0                                                                                                                   ; Don't care           ; New data with NBE Read ; New data with NBE Read ; Off      ; No                     ; No - Unknown  ;
; DDS_time_delay:u_DDS_time_delay|DDS_multi:u_DDS_multi|dds_ctrl_multi:dds_ctrl_multi_inst|rom_wave_sin:rom_ip_inst_1|altsyncram:altsyncram_component|altsyncram_8cb1:auto_generated|ALTSYNCRAM         ; AUTO ; ROM              ; Single Clock ; 4096         ; 8            ; --           ; --           ; yes                    ; yes                     ; --                     ; --                      ; 32768 ; 4096                        ; 8                           ; --                          ; --                          ; 32768               ; 4    ; D:/Quartus_code/DDS_lite/ip/rom/sin.mif                   ; M9K_X8_Y6_N0, M9K_X8_Y5_N0, M9K_X8_Y7_N0, M9K_X26_Y6_N0                                                                                                                  ; Don't care           ; New data with NBE Read ; New data with NBE Read ; Off      ; No                     ; No - Unknown  ;
; DDS_time_delay:u_DDS_time_delay|rom_delay_time:rom_delay_time_inst|altsyncram:altsyncram_component|altsyncram_jmd1:auto_generated|ALTSYNCRAM                                                          ; AUTO ; ROM              ; Single Clock ; 66           ; 8            ; --           ; --           ; yes                    ; no                      ; --                     ; --                      ; 528   ; 66                          ; 8                           ; --                          ; --                          ; 528                 ; 1    ; D:\\Quartus_code\\C_2024_carrier\\ip\\rom\\delay_time.mif ; M9K_X26_Y17_N0                                                                                                                                                           ; Don't care           ; New data with NBE Read ; New data with NBE Read ; Off      ; No                     ; No - Unknown  ;
; sld_signaltap:auto_signaltap_0|sld_signaltap_impl:sld_signaltap_body|sld_signaltap_implb:sld_signaltap_body|altsyncram:\stp_non_zero_ram_gen:stp_buffer_ram|altsyncram_ol14:auto_generated|ALTSYNCRAM ; AUTO ; Simple Dual Port ; Dual Clocks  ; 1024         ; 97           ; 1024         ; 97           ; yes                    ; no                      ; yes                    ; no                      ; 99328 ; 1024                        ; 97                          ; 1024                        ; 97                          ; 99328               ; 11   ; None                                                      ; M9K_X8_Y9_N0, M9K_X8_Y8_N0, M9K_X26_Y11_N0, M9K_X26_Y10_N0, M9K_X26_Y8_N0, M9K_X26_Y12_N0, M9K_X26_Y13_N0, M9K_X26_Y9_N0, M9K_X26_Y16_N0, M9K_X26_Y15_N0, M9K_X26_Y14_N0 ; Don't care           ; New data with NBE Read ; New data with NBE Read ; Off      ; No                     ; No - Unknown  ;
+-------------------------------------------------------------------------------------------------------------------------------------------------------------------------------------------------------+------+------------------+--------------+--------------+--------------+--------------+--------------+------------------------+-------------------------+------------------------+-------------------------+-------+-----------------------------+-----------------------------+-----------------------------+-----------------------------+---------------------+------+-----------------------------------------------------------+--------------------------------------------------------------------------------------------------------------------------------------------------------------------------+----------------------+------------------------+------------------------+----------+------------------------+---------------+
Note: Fitter may spread logical memories into multiple blocks to improve timing. The actual required RAM blocks can be found in the Fitter Resource Usage section.


RAM content values are presented in the following format: (Binary) (Octal) (Decimal) (Hexadecimal) 
+------------------------------------------------------------------------------------------------------------------------------------------------------------------------------------------------------------------------------------------------------------------+
; |C_2024_carrier|DDS_time_delay:u_DDS_time_delay|DDS_direct:u_DDS_direct|dds_ctrl_direct:dds_ctrl_direct_inst|rom_wave_sin:rom_ip_inst_1|altsyncram:altsyncram_component|altsyncram_8cb1:auto_generated|ALTSYNCRAM                                                ;
+------------------------------------------------------------------------------------------------------------------------------------------------------------------------------------------------------------------------------------------------------------------+
;   Addr   ;              +0              ;              +1              ;              +2              ;              +3              ;              +4              ;              +5              ;              +6              ;              +7              ;
+----------+------------------------------+------------------------------+------------------------------+------------------------------+------------------------------+------------------------------+------------------------------+------------------------------+
;0;(10000000) (200) (128) (80)    ;(10000000) (200) (128) (80)   ;(10000000) (200) (128) (80)   ;(10000000) (200) (128) (80)   ;(10000000) (200) (128) (80)   ;(10000000) (200) (128) (80)   ;(10000001) (201) (129) (81)   ;(10000001) (201) (129) (81)   ;
;8;(10000001) (201) (129) (81)    ;(10000001) (201) (129) (81)   ;(10000001) (201) (129) (81)   ;(10000010) (202) (130) (82)   ;(10000010) (202) (130) (82)   ;(10000010) (202) (130) (82)   ;(10000010) (202) (130) (82)   ;(10000010) (202) (130) (82)   ;
;16;(10000011) (203) (131) (83)    ;(10000011) (203) (131) (83)   ;(10000011) (203) (131) (83)   ;(10000011) (203) (131) (83)   ;(10000011) (203) (131) (83)   ;(10000100) (204) (132) (84)   ;(10000100) (204) (132) (84)   ;(10000100) (204) (132) (84)   ;
;24;(10000100) (204) (132) (84)    ;(10000100) (204) (132) (84)   ;(10000101) (205) (133) (85)   ;(10000101) (205) (133) (85)   ;(10000101) (205) (133) (85)   ;(10000101) (205) (133) (85)   ;(10000101) (205) (133) (85)   ;(10000110) (206) (134) (86)   ;
;32;(10000110) (206) (134) (86)    ;(10000110) (206) (134) (86)   ;(10000110) (206) (134) (86)   ;(10000110) (206) (134) (86)   ;(10000111) (207) (135) (87)   ;(10000111) (207) (135) (87)   ;(10000111) (207) (135) (87)   ;(10000111) (207) (135) (87)   ;
;40;(10000111) (207) (135) (87)    ;(10001000) (210) (136) (88)   ;(10001000) (210) (136) (88)   ;(10001000) (210) (136) (88)   ;(10001000) (210) (136) (88)   ;(10001000) (210) (136) (88)   ;(10001000) (210) (136) (88)   ;(10001001) (211) (137) (89)   ;
;48;(10001001) (211) (137) (89)    ;(10001001) (211) (137) (89)   ;(10001001) (211) (137) (89)   ;(10001001) (211) (137) (89)   ;(10001010) (212) (138) (8A)   ;(10001010) (212) (138) (8A)   ;(10001010) (212) (138) (8A)   ;(10001010) (212) (138) (8A)   ;
;56;(10001010) (212) (138) (8A)    ;(10001011) (213) (139) (8B)   ;(10001011) (213) (139) (8B)   ;(10001011) (213) (139) (8B)   ;(10001011) (213) (139) (8B)   ;(10001011) (213) (139) (8B)   ;(10001100) (214) (140) (8C)   ;(10001100) (214) (140) (8C)   ;
;64;(10001100) (214) (140) (8C)    ;(10001100) (214) (140) (8C)   ;(10001100) (214) (140) (8C)   ;(10001101) (215) (141) (8D)   ;(10001101) (215) (141) (8D)   ;(10001101) (215) (141) (8D)   ;(10001101) (215) (141) (8D)   ;(10001101) (215) (141) (8D)   ;
;72;(10001110) (216) (142) (8E)    ;(10001110) (216) (142) (8E)   ;(10001110) (216) (142) (8E)   ;(10001110) (216) (142) (8E)   ;(10001110) (216) (142) (8E)   ;(10001111) (217) (143) (8F)   ;(10001111) (217) (143) (8F)   ;(10001111) (217) (143) (8F)   ;
;80;(10001111) (217) (143) (8F)    ;(10001111) (217) (143) (8F)   ;(10001111) (217) (143) (8F)   ;(10010000) (220) (144) (90)   ;(10010000) (220) (144) (90)   ;(10010000) (220) (144) (90)   ;(10010000) (220) (144) (90)   ;(10010000) (220) (144) (90)   ;
;88;(10010001) (221) (145) (91)    ;(10010001) (221) (145) (91)   ;(10010001) (221) (145) (91)   ;(10010001) (221) (145) (91)   ;(10010001) (221) (145) (91)   ;(10010010) (222) (146) (92)   ;(10010010) (222) (146) (92)   ;(10010010) (222) (146) (92)   ;
;96;(10010010) (222) (146) (92)    ;(10010010) (222) (146) (92)   ;(10010011) (223) (147) (93)   ;(10010011) (223) (147) (93)   ;(10010011) (223) (147) (93)   ;(10010011) (223) (147) (93)   ;(10010011) (223) (147) (93)   ;(10010100) (224) (148) (94)   ;
;104;(10010100) (224) (148) (94)    ;(10010100) (224) (148) (94)   ;(10010100) (224) (148) (94)   ;(10010100) (224) (148) (94)   ;(10010101) (225) (149) (95)   ;(10010101) (225) (149) (95)   ;(10010101) (225) (149) (95)   ;(10010101) (225) (149) (95)   ;
;112;(10010101) (225) (149) (95)    ;(10010101) (225) (149) (95)   ;(10010110) (226) (150) (96)   ;(10010110) (226) (150) (96)   ;(10010110) (226) (150) (96)   ;(10010110) (226) (150) (96)   ;(10010110) (226) (150) (96)   ;(10010111) (227) (151) (97)   ;
;120;(10010111) (227) (151) (97)    ;(10010111) (227) (151) (97)   ;(10010111) (227) (151) (97)   ;(10010111) (227) (151) (97)   ;(10011000) (230) (152) (98)   ;(10011000) (230) (152) (98)   ;(10011000) (230) (152) (98)   ;(10011000) (230) (152) (98)   ;
;128;(10011000) (230) (152) (98)    ;(10011001) (231) (153) (99)   ;(10011001) (231) (153) (99)   ;(10011001) (231) (153) (99)   ;(10011001) (231) (153) (99)   ;(10011001) (231) (153) (99)   ;(10011010) (232) (154) (9A)   ;(10011010) (232) (154) (9A)   ;
;136;(10011010) (232) (154) (9A)    ;(10011010) (232) (154) (9A)   ;(10011010) (232) (154) (9A)   ;(10011010) (232) (154) (9A)   ;(10011011) (233) (155) (9B)   ;(10011011) (233) (155) (9B)   ;(10011011) (233) (155) (9B)   ;(10011011) (233) (155) (9B)   ;
;144;(10011011) (233) (155) (9B)    ;(10011100) (234) (156) (9C)   ;(10011100) (234) (156) (9C)   ;(10011100) (234) (156) (9C)   ;(10011100) (234) (156) (9C)   ;(10011100) (234) (156) (9C)   ;(10011101) (235) (157) (9D)   ;(10011101) (235) (157) (9D)   ;
;152;(10011101) (235) (157) (9D)    ;(10011101) (235) (157) (9D)   ;(10011101) (235) (157) (9D)   ;(10011110) (236) (158) (9E)   ;(10011110) (236) (158) (9E)   ;(10011110) (236) (158) (9E)   ;(10011110) (236) (158) (9E)   ;(10011110) (236) (158) (9E)   ;
;160;(10011110) (236) (158) (9E)    ;(10011111) (237) (159) (9F)   ;(10011111) (237) (159) (9F)   ;(10011111) (237) (159) (9F)   ;(10011111) (237) (159) (9F)   ;(10011111) (237) (159) (9F)   ;(10100000) (240) (160) (A0)   ;(10100000) (240) (160) (A0)   ;
;168;(10100000) (240) (160) (A0)    ;(10100000) (240) (160) (A0)   ;(10100000) (240) (160) (A0)   ;(10100001) (241) (161) (A1)   ;(10100001) (241) (161) (A1)   ;(10100001) (241) (161) (A1)   ;(10100001) (241) (161) (A1)   ;(10100001) (241) (161) (A1)   ;
;176;(10100010) (242) (162) (A2)    ;(10100010) (242) (162) (A2)   ;(10100010) (242) (162) (A2)   ;(10100010) (242) (162) (A2)   ;(10100010) (242) (162) (A2)   ;(10100010) (242) (162) (A2)   ;(10100011) (243) (163) (A3)   ;(10100011) (243) (163) (A3)   ;
;184;(10100011) (243) (163) (A3)    ;(10100011) (243) (163) (A3)   ;(10100011) (243) (163) (A3)   ;(10100100) (244) (164) (A4)   ;(10100100) (244) (164) (A4)   ;(10100100) (244) (164) (A4)   ;(10100100) (244) (164) (A4)   ;(10100100) (244) (164) (A4)   ;
;192;(10100101) (245) (165) (A5)    ;(10100101) (245) (165) (A5)   ;(10100101) (245) (165) (A5)   ;(10100101) (245) (165) (A5)   ;(10100101) (245) (165) (A5)   ;(10100101) (245) (165) (A5)   ;(10100110) (246) (166) (A6)   ;(10100110) (246) (166) (A6)   ;
;200;(10100110) (246) (166) (A6)    ;(10100110) (246) (166) (A6)   ;(10100110) (246) (166) (A6)   ;(10100111) (247) (167) (A7)   ;(10100111) (247) (167) (A7)   ;(10100111) (247) (167) (A7)   ;(10100111) (247) (167) (A7)   ;(10100111) (247) (167) (A7)   ;
;208;(10100111) (247) (167) (A7)    ;(10101000) (250) (168) (A8)   ;(10101000) (250) (168) (A8)   ;(10101000) (250) (168) (A8)   ;(10101000) (250) (168) (A8)   ;(10101000) (250) (168) (A8)   ;(10101001) (251) (169) (A9)   ;(10101001) (251) (169) (A9)   ;
;216;(10101001) (251) (169) (A9)    ;(10101001) (251) (169) (A9)   ;(10101001) (251) (169) (A9)   ;(10101010) (252) (170) (AA)   ;(10101010) (252) (170) (AA)   ;(10101010) (252) (170) (AA)   ;(10101010) (252) (170) (AA)   ;(10101010) (252) (170) (AA)   ;
;224;(10101010) (252) (170) (AA)    ;(10101011) (253) (171) (AB)   ;(10101011) (253) (171) (AB)   ;(10101011) (253) (171) (AB)   ;(10101011) (253) (171) (AB)   ;(10101011) (253) (171) (AB)   ;(10101100) (254) (172) (AC)   ;(10101100) (254) (172) (AC)   ;
;232;(10101100) (254) (172) (AC)    ;(10101100) (254) (172) (AC)   ;(10101100) (254) (172) (AC)   ;(10101100) (254) (172) (AC)   ;(10101101) (255) (173) (AD)   ;(10101101) (255) (173) (AD)   ;(10101101) (255) (173) (AD)   ;(10101101) (255) (173) (AD)   ;
;240;(10101101) (255) (173) (AD)    ;(10101110) (256) (174) (AE)   ;(10101110) (256) (174) (AE)   ;(10101110) (256) (174) (AE)   ;(10101110) (256) (174) (AE)   ;(10101110) (256) (174) (AE)   ;(10101110) (256) (174) (AE)   ;(10101111) (257) (175) (AF)   ;
;248;(10101111) (257) (175) (AF)    ;(10101111) (257) (175) (AF)   ;(10101111) (257) (175) (AF)   ;(10101111) (257) (175) (AF)   ;(10110000) (260) (176) (B0)   ;(10110000) (260) (176) (B0)   ;(10110000) (260) (176) (B0)   ;(10110000) (260) (176) (B0)   ;
;256;(10110000) (260) (176) (B0)    ;(10110000) (260) (176) (B0)   ;(10110001) (261) (177) (B1)   ;(10110001) (261) (177) (B1)   ;(10110001) (261) (177) (B1)   ;(10110001) (261) (177) (B1)   ;(10110001) (261) (177) (B1)   ;(10110010) (262) (178) (B2)   ;
;264;(10110010) (262) (178) (B2)    ;(10110010) (262) (178) (B2)   ;(10110010) (262) (178) (B2)   ;(10110010) (262) (178) (B2)   ;(10110010) (262) (178) (B2)   ;(10110011) (263) (179) (B3)   ;(10110011) (263) (179) (B3)   ;(10110011) (263) (179) (B3)   ;
;272;(10110011) (263) (179) (B3)    ;(10110011) (263) (179) (B3)   ;(10110100) (264) (180) (B4)   ;(10110100) (264) (180) (B4)   ;(10110100) (264) (180) (B4)   ;(10110100) (264) (180) (B4)   ;(10110100) (264) (180) (B4)   ;(10110100) (264) (180) (B4)   ;
;280;(10110101) (265) (181) (B5)    ;(10110101) (265) (181) (B5)   ;(10110101) (265) (181) (B5)   ;(10110101) (265) (181) (B5)   ;(10110101) (265) (181) (B5)   ;(10110101) (265) (181) (B5)   ;(10110110) (266) (182) (B6)   ;(10110110) (266) (182) (B6)   ;
;288;(10110110) (266) (182) (B6)    ;(10110110) (266) (182) (B6)   ;(10110110) (266) (182) (B6)   ;(10110111) (267) (183) (B7)   ;(10110111) (267) (183) (B7)   ;(10110111) (267) (183) (B7)   ;(10110111) (267) (183) (B7)   ;(10110111) (267) (183) (B7)   ;
;296;(10110111) (267) (183) (B7)    ;(10111000) (270) (184) (B8)   ;(10111000) (270) (184) (B8)   ;(10111000) (270) (184) (B8)   ;(10111000) (270) (184) (B8)   ;(10111000) (270) (184) (B8)   ;(10111000) (270) (184) (B8)   ;(10111001) (271) (185) (B9)   ;
;304;(10111001) (271) (185) (B9)    ;(10111001) (271) (185) (B9)   ;(10111001) (271) (185) (B9)   ;(10111001) (271) (185) (B9)   ;(10111010) (272) (186) (BA)   ;(10111010) (272) (186) (BA)   ;(10111010) (272) (186) (BA)   ;(10111010) (272) (186) (BA)   ;
;312;(10111010) (272) (186) (BA)    ;(10111010) (272) (186) (BA)   ;(10111011) (273) (187) (BB)   ;(10111011) (273) (187) (BB)   ;(10111011) (273) (187) (BB)   ;(10111011) (273) (187) (BB)   ;(10111011) (273) (187) (BB)   ;(10111011) (273) (187) (BB)   ;
;320;(10111100) (274) (188) (BC)    ;(10111100) (274) (188) (BC)   ;(10111100) (274) (188) (BC)   ;(10111100) (274) (188) (BC)   ;(10111100) (274) (188) (BC)   ;(10111100) (274) (188) (BC)   ;(10111101) (275) (189) (BD)   ;(10111101) (275) (189) (BD)   ;
;328;(10111101) (275) (189) (BD)    ;(10111101) (275) (189) (BD)   ;(10111101) (275) (189) (BD)   ;(10111101) (275) (189) (BD)   ;(10111110) (276) (190) (BE)   ;(10111110) (276) (190) (BE)   ;(10111110) (276) (190) (BE)   ;(10111110) (276) (190) (BE)   ;
;336;(10111110) (276) (190) (BE)    ;(10111111) (277) (191) (BF)   ;(10111111) (277) (191) (BF)   ;(10111111) (277) (191) (BF)   ;(10111111) (277) (191) (BF)   ;(10111111) (277) (191) (BF)   ;(10111111) (277) (191) (BF)   ;(11000000) (300) (192) (C0)   ;
;344;(11000000) (300) (192) (C0)    ;(11000000) (300) (192) (C0)   ;(11000000) (300) (192) (C0)   ;(11000000) (300) (192) (C0)   ;(11000000) (300) (192) (C0)   ;(11000001) (301) (193) (C1)   ;(11000001) (301) (193) (C1)   ;(11000001) (301) (193) (C1)   ;
;352;(11000001) (301) (193) (C1)    ;(11000001) (301) (193) (C1)   ;(11000001) (301) (193) (C1)   ;(11000010) (302) (194) (C2)   ;(11000010) (302) (194) (C2)   ;(11000010) (302) (194) (C2)   ;(11000010) (302) (194) (C2)   ;(11000010) (302) (194) (C2)   ;
;360;(11000010) (302) (194) (C2)    ;(11000011) (303) (195) (C3)   ;(11000011) (303) (195) (C3)   ;(11000011) (303) (195) (C3)   ;(11000011) (303) (195) (C3)   ;(11000011) (303) (195) (C3)   ;(11000011) (303) (195) (C3)   ;(11000100) (304) (196) (C4)   ;
;368;(11000100) (304) (196) (C4)    ;(11000100) (304) (196) (C4)   ;(11000100) (304) (196) (C4)   ;(11000100) (304) (196) (C4)   ;(11000100) (304) (196) (C4)   ;(11000101) (305) (197) (C5)   ;(11000101) (305) (197) (C5)   ;(11000101) (305) (197) (C5)   ;
;376;(11000101) (305) (197) (C5)    ;(11000101) (305) (197) (C5)   ;(11000101) (305) (197) (C5)   ;(11000110) (306) (198) (C6)   ;(11000110) (306) (198) (C6)   ;(11000110) (306) (198) (C6)   ;(11000110) (306) (198) (C6)   ;(11000110) (306) (198) (C6)   ;
;384;(11000110) (306) (198) (C6)    ;(11000110) (306) (198) (C6)   ;(11000111) (307) (199) (C7)   ;(11000111) (307) (199) (C7)   ;(11000111) (307) (199) (C7)   ;(11000111) (307) (199) (C7)   ;(11000111) (307) (199) (C7)   ;(11000111) (307) (199) (C7)   ;
;392;(11001000) (310) (200) (C8)    ;(11001000) (310) (200) (C8)   ;(11001000) (310) (200) (C8)   ;(11001000) (310) (200) (C8)   ;(11001000) (310) (200) (C8)   ;(11001000) (310) (200) (C8)   ;(11001001) (311) (201) (C9)   ;(11001001) (311) (201) (C9)   ;
;400;(11001001) (311) (201) (C9)    ;(11001001) (311) (201) (C9)   ;(11001001) (311) (201) (C9)   ;(11001001) (311) (201) (C9)   ;(11001010) (312) (202) (CA)   ;(11001010) (312) (202) (CA)   ;(11001010) (312) (202) (CA)   ;(11001010) (312) (202) (CA)   ;
;408;(11001010) (312) (202) (CA)    ;(11001010) (312) (202) (CA)   ;(11001011) (313) (203) (CB)   ;(11001011) (313) (203) (CB)   ;(11001011) (313) (203) (CB)   ;(11001011) (313) (203) (CB)   ;(11001011) (313) (203) (CB)   ;(11001011) (313) (203) (CB)   ;
;416;(11001011) (313) (203) (CB)    ;(11001100) (314) (204) (CC)   ;(11001100) (314) (204) (CC)   ;(11001100) (314) (204) (CC)   ;(11001100) (314) (204) (CC)   ;(11001100) (314) (204) (CC)   ;(11001100) (314) (204) (CC)   ;(11001101) (315) (205) (CD)   ;
;424;(11001101) (315) (205) (CD)    ;(11001101) (315) (205) (CD)   ;(11001101) (315) (205) (CD)   ;(11001101) (315) (205) (CD)   ;(11001101) (315) (205) (CD)   ;(11001101) (315) (205) (CD)   ;(11001110) (316) (206) (CE)   ;(11001110) (316) (206) (CE)   ;
;432;(11001110) (316) (206) (CE)    ;(11001110) (316) (206) (CE)   ;(11001110) (316) (206) (CE)   ;(11001110) (316) (206) (CE)   ;(11001111) (317) (207) (CF)   ;(11001111) (317) (207) (CF)   ;(11001111) (317) (207) (CF)   ;(11001111) (317) (207) (CF)   ;
;440;(11001111) (317) (207) (CF)    ;(11001111) (317) (207) (CF)   ;(11001111) (317) (207) (CF)   ;(11010000) (320) (208) (D0)   ;(11010000) (320) (208) (D0)   ;(11010000) (320) (208) (D0)   ;(11010000) (320) (208) (D0)   ;(11010000) (320) (208) (D0)   ;
;448;(11010000) (320) (208) (D0)    ;(11010001) (321) (209) (D1)   ;(11010001) (321) (209) (D1)   ;(11010001) (321) (209) (D1)   ;(11010001) (321) (209) (D1)   ;(11010001) (321) (209) (D1)   ;(11010001) (321) (209) (D1)   ;(11010001) (321) (209) (D1)   ;
;456;(11010010) (322) (210) (D2)    ;(11010010) (322) (210) (D2)   ;(11010010) (322) (210) (D2)   ;(11010010) (322) (210) (D2)   ;(11010010) (322) (210) (D2)   ;(11010010) (322) (210) (D2)   ;(11010010) (322) (210) (D2)   ;(11010011) (323) (211) (D3)   ;
;464;(11010011) (323) (211) (D3)    ;(11010011) (323) (211) (D3)   ;(11010011) (323) (211) (D3)   ;(11010011) (323) (211) (D3)   ;(11010011) (323) (211) (D3)   ;(11010100) (324) (212) (D4)   ;(11010100) (324) (212) (D4)   ;(11010100) (324) (212) (D4)   ;
;472;(11010100) (324) (212) (D4)    ;(11010100) (324) (212) (D4)   ;(11010100) (324) (212) (D4)   ;(11010100) (324) (212) (D4)   ;(11010101) (325) (213) (D5)   ;(11010101) (325) (213) (D5)   ;(11010101) (325) (213) (D5)   ;(11010101) (325) (213) (D5)   ;
;480;(11010101) (325) (213) (D5)    ;(11010101) (325) (213) (D5)   ;(11010101) (325) (213) (D5)   ;(11010110) (326) (214) (D6)   ;(11010110) (326) (214) (D6)   ;(11010110) (326) (214) (D6)   ;(11010110) (326) (214) (D6)   ;(11010110) (326) (214) (D6)   ;
;488;(11010110) (326) (214) (D6)    ;(11010110) (326) (214) (D6)   ;(11010111) (327) (215) (D7)   ;(11010111) (327) (215) (D7)   ;(11010111) (327) (215) (D7)   ;(11010111) (327) (215) (D7)   ;(11010111) (327) (215) (D7)   ;(11010111) (327) (215) (D7)   ;
;496;(11010111) (327) (215) (D7)    ;(11011000) (330) (216) (D8)   ;(11011000) (330) (216) (D8)   ;(11011000) (330) (216) (D8)   ;(11011000) (330) (216) (D8)   ;(11011000) (330) (216) (D8)   ;(11011000) (330) (216) (D8)   ;(11011000) (330) (216) (D8)   ;
;504;(11011001) (331) (217) (D9)    ;(11011001) (331) (217) (D9)   ;(11011001) (331) (217) (D9)   ;(11011001) (331) (217) (D9)   ;(11011001) (331) (217) (D9)   ;(11011001) (331) (217) (D9)   ;(11011001) (331) (217) (D9)   ;(11011010) (332) (218) (DA)   ;
;512;(11011010) (332) (218) (DA)    ;(11011010) (332) (218) (DA)   ;(11011010) (332) (218) (DA)   ;(11011010) (332) (218) (DA)   ;(11011010) (332) (218) (DA)   ;(11011010) (332) (218) (DA)   ;(11011010) (332) (218) (DA)   ;(11011011) (333) (219) (DB)   ;
;520;(11011011) (333) (219) (DB)    ;(11011011) (333) (219) (DB)   ;(11011011) (333) (219) (DB)   ;(11011011) (333) (219) (DB)   ;(11011011) (333) (219) (DB)   ;(11011011) (333) (219) (DB)   ;(11011100) (334) (220) (DC)   ;(11011100) (334) (220) (DC)   ;
;528;(11011100) (334) (220) (DC)    ;(11011100) (334) (220) (DC)   ;(11011100) (334) (220) (DC)   ;(11011100) (334) (220) (DC)   ;(11011100) (334) (220) (DC)   ;(11011101) (335) (221) (DD)   ;(11011101) (335) (221) (DD)   ;(11011101) (335) (221) (DD)   ;
;536;(11011101) (335) (221) (DD)    ;(11011101) (335) (221) (DD)   ;(11011101) (335) (221) (DD)   ;(11011101) (335) (221) (DD)   ;(11011101) (335) (221) (DD)   ;(11011110) (336) (222) (DE)   ;(11011110) (336) (222) (DE)   ;(11011110) (336) (222) (DE)   ;
;544;(11011110) (336) (222) (DE)    ;(11011110) (336) (222) (DE)   ;(11011110) (336) (222) (DE)   ;(11011110) (336) (222) (DE)   ;(11011110) (336) (222) (DE)   ;(11011111) (337) (223) (DF)   ;(11011111) (337) (223) (DF)   ;(11011111) (337) (223) (DF)   ;
;552;(11011111) (337) (223) (DF)    ;(11011111) (337) (223) (DF)   ;(11011111) (337) (223) (DF)   ;(11011111) (337) (223) (DF)   ;(11100000) (340) (224) (E0)   ;(11100000) (340) (224) (E0)   ;(11100000) (340) (224) (E0)   ;(11100000) (340) (224) (E0)   ;
;560;(11100000) (340) (224) (E0)    ;(11100000) (340) (224) (E0)   ;(11100000) (340) (224) (E0)   ;(11100000) (340) (224) (E0)   ;(11100001) (341) (225) (E1)   ;(11100001) (341) (225) (E1)   ;(11100001) (341) (225) (E1)   ;(11100001) (341) (225) (E1)   ;
;568;(11100001) (341) (225) (E1)    ;(11100001) (341) (225) (E1)   ;(11100001) (341) (225) (E1)   ;(11100001) (341) (225) (E1)   ;(11100010) (342) (226) (E2)   ;(11100010) (342) (226) (E2)   ;(11100010) (342) (226) (E2)   ;(11100010) (342) (226) (E2)   ;
;576;(11100010) (342) (226) (E2)    ;(11100010) (342) (226) (E2)   ;(11100010) (342) (226) (E2)   ;(11100010) (342) (226) (E2)   ;(11100011) (343) (227) (E3)   ;(11100011) (343) (227) (E3)   ;(11100011) (343) (227) (E3)   ;(11100011) (343) (227) (E3)   ;
;584;(11100011) (343) (227) (E3)    ;(11100011) (343) (227) (E3)   ;(11100011) (343) (227) (E3)   ;(11100011) (343) (227) (E3)   ;(11100100) (344) (228) (E4)   ;(11100100) (344) (228) (E4)   ;(11100100) (344) (228) (E4)   ;(11100100) (344) (228) (E4)   ;
;592;(11100100) (344) (228) (E4)    ;(11100100) (344) (228) (E4)   ;(11100100) (344) (228) (E4)   ;(11100100) (344) (228) (E4)   ;(11100100) (344) (228) (E4)   ;(11100101) (345) (229) (E5)   ;(11100101) (345) (229) (E5)   ;(11100101) (345) (229) (E5)   ;
;600;(11100101) (345) (229) (E5)    ;(11100101) (345) (229) (E5)   ;(11100101) (345) (229) (E5)   ;(11100101) (345) (229) (E5)   ;(11100101) (345) (229) (E5)   ;(11100110) (346) (230) (E6)   ;(11100110) (346) (230) (E6)   ;(11100110) (346) (230) (E6)   ;
;608;(11100110) (346) (230) (E6)    ;(11100110) (346) (230) (E6)   ;(11100110) (346) (230) (E6)   ;(11100110) (346) (230) (E6)   ;(11100110) (346) (230) (E6)   ;(11100110) (346) (230) (E6)   ;(11100111) (347) (231) (E7)   ;(11100111) (347) (231) (E7)   ;
;616;(11100111) (347) (231) (E7)    ;(11100111) (347) (231) (E7)   ;(11100111) (347) (231) (E7)   ;(11100111) (347) (231) (E7)   ;(11100111) (347) (231) (E7)   ;(11100111) (347) (231) (E7)   ;(11101000) (350) (232) (E8)   ;(11101000) (350) (232) (E8)   ;
;624;(11101000) (350) (232) (E8)    ;(11101000) (350) (232) (E8)   ;(11101000) (350) (232) (E8)   ;(11101000) (350) (232) (E8)   ;(11101000) (350) (232) (E8)   ;(11101000) (350) (232) (E8)   ;(11101000) (350) (232) (E8)   ;(11101001) (351) (233) (E9)   ;
;632;(11101001) (351) (233) (E9)    ;(11101001) (351) (233) (E9)   ;(11101001) (351) (233) (E9)   ;(11101001) (351) (233) (E9)   ;(11101001) (351) (233) (E9)   ;(11101001) (351) (233) (E9)   ;(11101001) (351) (233) (E9)   ;(11101001) (351) (233) (E9)   ;
;640;(11101010) (352) (234) (EA)    ;(11101010) (352) (234) (EA)   ;(11101010) (352) (234) (EA)   ;(11101010) (352) (234) (EA)   ;(11101010) (352) (234) (EA)   ;(11101010) (352) (234) (EA)   ;(11101010) (352) (234) (EA)   ;(11101010) (352) (234) (EA)   ;
;648;(11101010) (352) (234) (EA)    ;(11101010) (352) (234) (EA)   ;(11101011) (353) (235) (EB)   ;(11101011) (353) (235) (EB)   ;(11101011) (353) (235) (EB)   ;(11101011) (353) (235) (EB)   ;(11101011) (353) (235) (EB)   ;(11101011) (353) (235) (EB)   ;
;656;(11101011) (353) (235) (EB)    ;(11101011) (353) (235) (EB)   ;(11101011) (353) (235) (EB)   ;(11101100) (354) (236) (EC)   ;(11101100) (354) (236) (EC)   ;(11101100) (354) (236) (EC)   ;(11101100) (354) (236) (EC)   ;(11101100) (354) (236) (EC)   ;
;664;(11101100) (354) (236) (EC)    ;(11101100) (354) (236) (EC)   ;(11101100) (354) (236) (EC)   ;(11101100) (354) (236) (EC)   ;(11101100) (354) (236) (EC)   ;(11101101) (355) (237) (ED)   ;(11101101) (355) (237) (ED)   ;(11101101) (355) (237) (ED)   ;
;672;(11101101) (355) (237) (ED)    ;(11101101) (355) (237) (ED)   ;(11101101) (355) (237) (ED)   ;(11101101) (355) (237) (ED)   ;(11101101) (355) (237) (ED)   ;(11101101) (355) (237) (ED)   ;(11101101) (355) (237) (ED)   ;(11101110) (356) (238) (EE)   ;
;680;(11101110) (356) (238) (EE)    ;(11101110) (356) (238) (EE)   ;(11101110) (356) (238) (EE)   ;(11101110) (356) (238) (EE)   ;(11101110) (356) (238) (EE)   ;(11101110) (356) (238) (EE)   ;(11101110) (356) (238) (EE)   ;(11101110) (356) (238) (EE)   ;
;688;(11101110) (356) (238) (EE)    ;(11101111) (357) (239) (EF)   ;(11101111) (357) (239) (EF)   ;(11101111) (357) (239) (EF)   ;(11101111) (357) (239) (EF)   ;(11101111) (357) (239) (EF)   ;(11101111) (357) (239) (EF)   ;(11101111) (357) (239) (EF)   ;
;696;(11101111) (357) (239) (EF)    ;(11101111) (357) (239) (EF)   ;(11101111) (357) (239) (EF)   ;(11101111) (357) (239) (EF)   ;(11110000) (360) (240) (F0)   ;(11110000) (360) (240) (F0)   ;(11110000) (360) (240) (F0)   ;(11110000) (360) (240) (F0)   ;
;704;(11110000) (360) (240) (F0)    ;(11110000) (360) (240) (F0)   ;(11110000) (360) (240) (F0)   ;(11110000) (360) (240) (F0)   ;(11110000) (360) (240) (F0)   ;(11110000) (360) (240) (F0)   ;(11110000) (360) (240) (F0)   ;(11110001) (361) (241) (F1)   ;
;712;(11110001) (361) (241) (F1)    ;(11110001) (361) (241) (F1)   ;(11110001) (361) (241) (F1)   ;(11110001) (361) (241) (F1)   ;(11110001) (361) (241) (F1)   ;(11110001) (361) (241) (F1)   ;(11110001) (361) (241) (F1)   ;(11110001) (361) (241) (F1)   ;
;720;(11110001) (361) (241) (F1)    ;(11110001) (361) (241) (F1)   ;(11110010) (362) (242) (F2)   ;(11110010) (362) (242) (F2)   ;(11110010) (362) (242) (F2)   ;(11110010) (362) (242) (F2)   ;(11110010) (362) (242) (F2)   ;(11110010) (362) (242) (F2)   ;
;728;(11110010) (362) (242) (F2)    ;(11110010) (362) (242) (F2)   ;(11110010) (362) (242) (F2)   ;(11110010) (362) (242) (F2)   ;(11110010) (362) (242) (F2)   ;(11110011) (363) (243) (F3)   ;(11110011) (363) (243) (F3)   ;(11110011) (363) (243) (F3)   ;
;736;(11110011) (363) (243) (F3)    ;(11110011) (363) (243) (F3)   ;(11110011) (363) (243) (F3)   ;(11110011) (363) (243) (F3)   ;(11110011) (363) (243) (F3)   ;(11110011) (363) (243) (F3)   ;(11110011) (363) (243) (F3)   ;(11110011) (363) (243) (F3)   ;
;744;(11110011) (363) (243) (F3)    ;(11110100) (364) (244) (F4)   ;(11110100) (364) (244) (F4)   ;(11110100) (364) (244) (F4)   ;(11110100) (364) (244) (F4)   ;(11110100) (364) (244) (F4)   ;(11110100) (364) (244) (F4)   ;(11110100) (364) (244) (F4)   ;
;752;(11110100) (364) (244) (F4)    ;(11110100) (364) (244) (F4)   ;(11110100) (364) (244) (F4)   ;(11110100) (364) (244) (F4)   ;(11110100) (364) (244) (F4)   ;(11110100) (364) (244) (F4)   ;(11110101) (365) (245) (F5)   ;(11110101) (365) (245) (F5)   ;
;760;(11110101) (365) (245) (F5)    ;(11110101) (365) (245) (F5)   ;(11110101) (365) (245) (F5)   ;(11110101) (365) (245) (F5)   ;(11110101) (365) (245) (F5)   ;(11110101) (365) (245) (F5)   ;(11110101) (365) (245) (F5)   ;(11110101) (365) (245) (F5)   ;
;768;(11110101) (365) (245) (F5)    ;(11110101) (365) (245) (F5)   ;(11110101) (365) (245) (F5)   ;(11110110) (366) (246) (F6)   ;(11110110) (366) (246) (F6)   ;(11110110) (366) (246) (F6)   ;(11110110) (366) (246) (F6)   ;(11110110) (366) (246) (F6)   ;
;776;(11110110) (366) (246) (F6)    ;(11110110) (366) (246) (F6)   ;(11110110) (366) (246) (F6)   ;(11110110) (366) (246) (F6)   ;(11110110) (366) (246) (F6)   ;(11110110) (366) (246) (F6)   ;(11110110) (366) (246) (F6)   ;(11110110) (366) (246) (F6)   ;
;784;(11110110) (366) (246) (F6)    ;(11110111) (367) (247) (F7)   ;(11110111) (367) (247) (F7)   ;(11110111) (367) (247) (F7)   ;(11110111) (367) (247) (F7)   ;(11110111) (367) (247) (F7)   ;(11110111) (367) (247) (F7)   ;(11110111) (367) (247) (F7)   ;
;792;(11110111) (367) (247) (F7)    ;(11110111) (367) (247) (F7)   ;(11110111) (367) (247) (F7)   ;(11110111) (367) (247) (F7)   ;(11110111) (367) (247) (F7)   ;(11110111) (367) (247) (F7)   ;(11110111) (367) (247) (F7)   ;(11110111) (367) (247) (F7)   ;
;800;(11111000) (370) (248) (F8)    ;(11111000) (370) (248) (F8)   ;(11111000) (370) (248) (F8)   ;(11111000) (370) (248) (F8)   ;(11111000) (370) (248) (F8)   ;(11111000) (370) (248) (F8)   ;(11111000) (370) (248) (F8)   ;(11111000) (370) (248) (F8)   ;
;808;(11111000) (370) (248) (F8)    ;(11111000) (370) (248) (F8)   ;(11111000) (370) (248) (F8)   ;(11111000) (370) (248) (F8)   ;(11111000) (370) (248) (F8)   ;(11111000) (370) (248) (F8)   ;(11111000) (370) (248) (F8)   ;(11111001) (371) (249) (F9)   ;
;816;(11111001) (371) (249) (F9)    ;(11111001) (371) (249) (F9)   ;(11111001) (371) (249) (F9)   ;(11111001) (371) (249) (F9)   ;(11111001) (371) (249) (F9)   ;(11111001) (371) (249) (F9)   ;(11111001) (371) (249) (F9)   ;(11111001) (371) (249) (F9)   ;
;824;(11111001) (371) (249) (F9)    ;(11111001) (371) (249) (F9)   ;(11111001) (371) (249) (F9)   ;(11111001) (371) (249) (F9)   ;(11111001) (371) (249) (F9)   ;(11111001) (371) (249) (F9)   ;(11111001) (371) (249) (F9)   ;(11111001) (371) (249) (F9)   ;
;832;(11111010) (372) (250) (FA)    ;(11111010) (372) (250) (FA)   ;(11111010) (372) (250) (FA)   ;(11111010) (372) (250) (FA)   ;(11111010) (372) (250) (FA)   ;(11111010) (372) (250) (FA)   ;(11111010) (372) (250) (FA)   ;(11111010) (372) (250) (FA)   ;
;840;(11111010) (372) (250) (FA)    ;(11111010) (372) (250) (FA)   ;(11111010) (372) (250) (FA)   ;(11111010) (372) (250) (FA)   ;(11111010) (372) (250) (FA)   ;(11111010) (372) (250) (FA)   ;(11111010) (372) (250) (FA)   ;(11111010) (372) (250) (FA)   ;
;848;(11111010) (372) (250) (FA)    ;(11111010) (372) (250) (FA)   ;(11111010) (372) (250) (FA)   ;(11111011) (373) (251) (FB)   ;(11111011) (373) (251) (FB)   ;(11111011) (373) (251) (FB)   ;(11111011) (373) (251) (FB)   ;(11111011) (373) (251) (FB)   ;
;856;(11111011) (373) (251) (FB)    ;(11111011) (373) (251) (FB)   ;(11111011) (373) (251) (FB)   ;(11111011) (373) (251) (FB)   ;(11111011) (373) (251) (FB)   ;(11111011) (373) (251) (FB)   ;(11111011) (373) (251) (FB)   ;(11111011) (373) (251) (FB)   ;
;864;(11111011) (373) (251) (FB)    ;(11111011) (373) (251) (FB)   ;(11111011) (373) (251) (FB)   ;(11111011) (373) (251) (FB)   ;(11111011) (373) (251) (FB)   ;(11111011) (373) (251) (FB)   ;(11111011) (373) (251) (FB)   ;(11111100) (374) (252) (FC)   ;
;872;(11111100) (374) (252) (FC)    ;(11111100) (374) (252) (FC)   ;(11111100) (374) (252) (FC)   ;(11111100) (374) (252) (FC)   ;(11111100) (374) (252) (FC)   ;(11111100) (374) (252) (FC)   ;(11111100) (374) (252) (FC)   ;(11111100) (374) (252) (FC)   ;
;880;(11111100) (374) (252) (FC)    ;(11111100) (374) (252) (FC)   ;(11111100) (374) (252) (FC)   ;(11111100) (374) (252) (FC)   ;(11111100) (374) (252) (FC)   ;(11111100) (374) (252) (FC)   ;(11111100) (374) (252) (FC)   ;(11111100) (374) (252) (FC)   ;
;888;(11111100) (374) (252) (FC)    ;(11111100) (374) (252) (FC)   ;(11111100) (374) (252) (FC)   ;(11111100) (374) (252) (FC)   ;(11111100) (374) (252) (FC)   ;(11111100) (374) (252) (FC)   ;(11111100) (374) (252) (FC)   ;(11111101) (375) (253) (FD)   ;
;896;(11111101) (375) (253) (FD)    ;(11111101) (375) (253) (FD)   ;(11111101) (375) (253) (FD)   ;(11111101) (375) (253) (FD)   ;(11111101) (375) (253) (FD)   ;(11111101) (375) (253) (FD)   ;(11111101) (375) (253) (FD)   ;(11111101) (375) (253) (FD)   ;
;904;(11111101) (375) (253) (FD)    ;(11111101) (375) (253) (FD)   ;(11111101) (375) (253) (FD)   ;(11111101) (375) (253) (FD)   ;(11111101) (375) (253) (FD)   ;(11111101) (375) (253) (FD)   ;(11111101) (375) (253) (FD)   ;(11111101) (375) (253) (FD)   ;
;912;(11111101) (375) (253) (FD)    ;(11111101) (375) (253) (FD)   ;(11111101) (375) (253) (FD)   ;(11111101) (375) (253) (FD)   ;(11111101) (375) (253) (FD)   ;(11111101) (375) (253) (FD)   ;(11111101) (375) (253) (FD)   ;(11111101) (375) (253) (FD)   ;
;920;(11111101) (375) (253) (FD)    ;(11111101) (375) (253) (FD)   ;(11111101) (375) (253) (FD)   ;(11111101) (375) (253) (FD)   ;(11111110) (376) (254) (FE)   ;(11111110) (376) (254) (FE)   ;(11111110) (376) (254) (FE)   ;(11111110) (376) (254) (FE)   ;
;928;(11111110) (376) (254) (FE)    ;(11111110) (376) (254) (FE)   ;(11111110) (376) (254) (FE)   ;(11111110) (376) (254) (FE)   ;(11111110) (376) (254) (FE)   ;(11111110) (376) (254) (FE)   ;(11111110) (376) (254) (FE)   ;(11111110) (376) (254) (FE)   ;
;936;(11111110) (376) (254) (FE)    ;(11111110) (376) (254) (FE)   ;(11111110) (376) (254) (FE)   ;(11111110) (376) (254) (FE)   ;(11111110) (376) (254) (FE)   ;(11111110) (376) (254) (FE)   ;(11111110) (376) (254) (FE)   ;(11111110) (376) (254) (FE)   ;
;944;(11111110) (376) (254) (FE)    ;(11111110) (376) (254) (FE)   ;(11111110) (376) (254) (FE)   ;(11111110) (376) (254) (FE)   ;(11111110) (376) (254) (FE)   ;(11111110) (376) (254) (FE)   ;(11111110) (376) (254) (FE)   ;(11111110) (376) (254) (FE)   ;
;952;(11111110) (376) (254) (FE)    ;(11111110) (376) (254) (FE)   ;(11111110) (376) (254) (FE)   ;(11111110) (376) (254) (FE)   ;(11111110) (376) (254) (FE)   ;(11111110) (376) (254) (FE)   ;(11111110) (376) (254) (FE)   ;(11111110) (376) (254) (FE)   ;
;960;(11111110) (376) (254) (FE)    ;(11111110) (376) (254) (FE)   ;(11111110) (376) (254) (FE)   ;(11111110) (376) (254) (FE)   ;(11111110) (376) (254) (FE)   ;(11111110) (376) (254) (FE)   ;(11111110) (376) (254) (FE)   ;(11111111) (377) (255) (FF)   ;
;968;(11111111) (377) (255) (FF)    ;(11111111) (377) (255) (FF)   ;(11111111) (377) (255) (FF)   ;(11111111) (377) (255) (FF)   ;(11111111) (377) (255) (FF)   ;(11111111) (377) (255) (FF)   ;(11111111) (377) (255) (FF)   ;(11111111) (377) (255) (FF)   ;
;976;(11111111) (377) (255) (FF)    ;(11111111) (377) (255) (FF)   ;(11111111) (377) (255) (FF)   ;(11111111) (377) (255) (FF)   ;(11111111) (377) (255) (FF)   ;(11111111) (377) (255) (FF)   ;(11111111) (377) (255) (FF)   ;(11111111) (377) (255) (FF)   ;
;984;(11111111) (377) (255) (FF)    ;(11111111) (377) (255) (FF)   ;(11111111) (377) (255) (FF)   ;(11111111) (377) (255) (FF)   ;(11111111) (377) (255) (FF)   ;(11111111) (377) (255) (FF)   ;(11111111) (377) (255) (FF)   ;(11111111) (377) (255) (FF)   ;
;992;(11111111) (377) (255) (FF)    ;(11111111) (377) (255) (FF)   ;(11111111) (377) (255) (FF)   ;(11111111) (377) (255) (FF)   ;(11111111) (377) (255) (FF)   ;(11111111) (377) (255) (FF)   ;(11111111) (377) (255) (FF)   ;(11111111) (377) (255) (FF)   ;
;1000;(11111111) (377) (255) (FF)    ;(11111111) (377) (255) (FF)   ;(11111111) (377) (255) (FF)   ;(11111111) (377) (255) (FF)   ;(11111111) (377) (255) (FF)   ;(11111111) (377) (255) (FF)   ;(11111111) (377) (255) (FF)   ;(11111111) (377) (255) (FF)   ;
;1008;(11111111) (377) (255) (FF)    ;(11111111) (377) (255) (FF)   ;(11111111) (377) (255) (FF)   ;(11111111) (377) (255) (FF)   ;(11111111) (377) (255) (FF)   ;(11111111) (377) (255) (FF)   ;(11111111) (377) (255) (FF)   ;(11111111) (377) (255) (FF)   ;
;1016;(11111111) (377) (255) (FF)    ;(11111111) (377) (255) (FF)   ;(11111111) (377) (255) (FF)   ;(11111111) (377) (255) (FF)   ;(11111111) (377) (255) (FF)   ;(11111111) (377) (255) (FF)   ;(11111111) (377) (255) (FF)   ;(11111111) (377) (255) (FF)   ;
;1024;(11111111) (377) (255) (FF)    ;(11111111) (377) (255) (FF)   ;(11111111) (377) (255) (FF)   ;(11111111) (377) (255) (FF)   ;(11111111) (377) (255) (FF)   ;(11111111) (377) (255) (FF)   ;(11111111) (377) (255) (FF)   ;(11111111) (377) (255) (FF)   ;
;1032;(11111111) (377) (255) (FF)    ;(11111111) (377) (255) (FF)   ;(11111111) (377) (255) (FF)   ;(11111111) (377) (255) (FF)   ;(11111111) (377) (255) (FF)   ;(11111111) (377) (255) (FF)   ;(11111111) (377) (255) (FF)   ;(11111111) (377) (255) (FF)   ;
;1040;(11111111) (377) (255) (FF)    ;(11111111) (377) (255) (FF)   ;(11111111) (377) (255) (FF)   ;(11111111) (377) (255) (FF)   ;(11111111) (377) (255) (FF)   ;(11111111) (377) (255) (FF)   ;(11111111) (377) (255) (FF)   ;(11111111) (377) (255) (FF)   ;
;1048;(11111111) (377) (255) (FF)    ;(11111111) (377) (255) (FF)   ;(11111111) (377) (255) (FF)   ;(11111111) (377) (255) (FF)   ;(11111111) (377) (255) (FF)   ;(11111111) (377) (255) (FF)   ;(11111111) (377) (255) (FF)   ;(11111111) (377) (255) (FF)   ;
;1056;(11111111) (377) (255) (FF)    ;(11111111) (377) (255) (FF)   ;(11111111) (377) (255) (FF)   ;(11111111) (377) (255) (FF)   ;(11111111) (377) (255) (FF)   ;(11111111) (377) (255) (FF)   ;(11111111) (377) (255) (FF)   ;(11111111) (377) (255) (FF)   ;
;1064;(11111111) (377) (255) (FF)    ;(11111111) (377) (255) (FF)   ;(11111111) (377) (255) (FF)   ;(11111111) (377) (255) (FF)   ;(11111111) (377) (255) (FF)   ;(11111111) (377) (255) (FF)   ;(11111111) (377) (255) (FF)   ;(11111111) (377) (255) (FF)   ;
;1072;(11111111) (377) (255) (FF)    ;(11111111) (377) (255) (FF)   ;(11111111) (377) (255) (FF)   ;(11111111) (377) (255) (FF)   ;(11111111) (377) (255) (FF)   ;(11111111) (377) (255) (FF)   ;(11111111) (377) (255) (FF)   ;(11111111) (377) (255) (FF)   ;
;1080;(11111111) (377) (255) (FF)    ;(11111111) (377) (255) (FF)   ;(11111110) (376) (254) (FE)   ;(11111110) (376) (254) (FE)   ;(11111110) (376) (254) (FE)   ;(11111110) (376) (254) (FE)   ;(11111110) (376) (254) (FE)   ;(11111110) (376) (254) (FE)   ;
;1088;(11111110) (376) (254) (FE)    ;(11111110) (376) (254) (FE)   ;(11111110) (376) (254) (FE)   ;(11111110) (376) (254) (FE)   ;(11111110) (376) (254) (FE)   ;(11111110) (376) (254) (FE)   ;(11111110) (376) (254) (FE)   ;(11111110) (376) (254) (FE)   ;
;1096;(11111110) (376) (254) (FE)    ;(11111110) (376) (254) (FE)   ;(11111110) (376) (254) (FE)   ;(11111110) (376) (254) (FE)   ;(11111110) (376) (254) (FE)   ;(11111110) (376) (254) (FE)   ;(11111110) (376) (254) (FE)   ;(11111110) (376) (254) (FE)   ;
;1104;(11111110) (376) (254) (FE)    ;(11111110) (376) (254) (FE)   ;(11111110) (376) (254) (FE)   ;(11111110) (376) (254) (FE)   ;(11111110) (376) (254) (FE)   ;(11111110) (376) (254) (FE)   ;(11111110) (376) (254) (FE)   ;(11111110) (376) (254) (FE)   ;
;1112;(11111110) (376) (254) (FE)    ;(11111110) (376) (254) (FE)   ;(11111110) (376) (254) (FE)   ;(11111110) (376) (254) (FE)   ;(11111110) (376) (254) (FE)   ;(11111110) (376) (254) (FE)   ;(11111110) (376) (254) (FE)   ;(11111110) (376) (254) (FE)   ;
;1120;(11111110) (376) (254) (FE)    ;(11111110) (376) (254) (FE)   ;(11111110) (376) (254) (FE)   ;(11111110) (376) (254) (FE)   ;(11111110) (376) (254) (FE)   ;(11111101) (375) (253) (FD)   ;(11111101) (375) (253) (FD)   ;(11111101) (375) (253) (FD)   ;
;1128;(11111101) (375) (253) (FD)    ;(11111101) (375) (253) (FD)   ;(11111101) (375) (253) (FD)   ;(11111101) (375) (253) (FD)   ;(11111101) (375) (253) (FD)   ;(11111101) (375) (253) (FD)   ;(11111101) (375) (253) (FD)   ;(11111101) (375) (253) (FD)   ;
;1136;(11111101) (375) (253) (FD)    ;(11111101) (375) (253) (FD)   ;(11111101) (375) (253) (FD)   ;(11111101) (375) (253) (FD)   ;(11111101) (375) (253) (FD)   ;(11111101) (375) (253) (FD)   ;(11111101) (375) (253) (FD)   ;(11111101) (375) (253) (FD)   ;
;1144;(11111101) (375) (253) (FD)    ;(11111101) (375) (253) (FD)   ;(11111101) (375) (253) (FD)   ;(11111101) (375) (253) (FD)   ;(11111101) (375) (253) (FD)   ;(11111101) (375) (253) (FD)   ;(11111101) (375) (253) (FD)   ;(11111101) (375) (253) (FD)   ;
;1152;(11111101) (375) (253) (FD)    ;(11111101) (375) (253) (FD)   ;(11111100) (374) (252) (FC)   ;(11111100) (374) (252) (FC)   ;(11111100) (374) (252) (FC)   ;(11111100) (374) (252) (FC)   ;(11111100) (374) (252) (FC)   ;(11111100) (374) (252) (FC)   ;
;1160;(11111100) (374) (252) (FC)    ;(11111100) (374) (252) (FC)   ;(11111100) (374) (252) (FC)   ;(11111100) (374) (252) (FC)   ;(11111100) (374) (252) (FC)   ;(11111100) (374) (252) (FC)   ;(11111100) (374) (252) (FC)   ;(11111100) (374) (252) (FC)   ;
;1168;(11111100) (374) (252) (FC)    ;(11111100) (374) (252) (FC)   ;(11111100) (374) (252) (FC)   ;(11111100) (374) (252) (FC)   ;(11111100) (374) (252) (FC)   ;(11111100) (374) (252) (FC)   ;(11111100) (374) (252) (FC)   ;(11111100) (374) (252) (FC)   ;
;1176;(11111100) (374) (252) (FC)    ;(11111100) (374) (252) (FC)   ;(11111011) (373) (251) (FB)   ;(11111011) (373) (251) (FB)   ;(11111011) (373) (251) (FB)   ;(11111011) (373) (251) (FB)   ;(11111011) (373) (251) (FB)   ;(11111011) (373) (251) (FB)   ;
;1184;(11111011) (373) (251) (FB)    ;(11111011) (373) (251) (FB)   ;(11111011) (373) (251) (FB)   ;(11111011) (373) (251) (FB)   ;(11111011) (373) (251) (FB)   ;(11111011) (373) (251) (FB)   ;(11111011) (373) (251) (FB)   ;(11111011) (373) (251) (FB)   ;
;1192;(11111011) (373) (251) (FB)    ;(11111011) (373) (251) (FB)   ;(11111011) (373) (251) (FB)   ;(11111011) (373) (251) (FB)   ;(11111011) (373) (251) (FB)   ;(11111011) (373) (251) (FB)   ;(11111010) (372) (250) (FA)   ;(11111010) (372) (250) (FA)   ;
;1200;(11111010) (372) (250) (FA)    ;(11111010) (372) (250) (FA)   ;(11111010) (372) (250) (FA)   ;(11111010) (372) (250) (FA)   ;(11111010) (372) (250) (FA)   ;(11111010) (372) (250) (FA)   ;(11111010) (372) (250) (FA)   ;(11111010) (372) (250) (FA)   ;
;1208;(11111010) (372) (250) (FA)    ;(11111010) (372) (250) (FA)   ;(11111010) (372) (250) (FA)   ;(11111010) (372) (250) (FA)   ;(11111010) (372) (250) (FA)   ;(11111010) (372) (250) (FA)   ;(11111010) (372) (250) (FA)   ;(11111010) (372) (250) (FA)   ;
;1216;(11111010) (372) (250) (FA)    ;(11111001) (371) (249) (F9)   ;(11111001) (371) (249) (F9)   ;(11111001) (371) (249) (F9)   ;(11111001) (371) (249) (F9)   ;(11111001) (371) (249) (F9)   ;(11111001) (371) (249) (F9)   ;(11111001) (371) (249) (F9)   ;
;1224;(11111001) (371) (249) (F9)    ;(11111001) (371) (249) (F9)   ;(11111001) (371) (249) (F9)   ;(11111001) (371) (249) (F9)   ;(11111001) (371) (249) (F9)   ;(11111001) (371) (249) (F9)   ;(11111001) (371) (249) (F9)   ;(11111001) (371) (249) (F9)   ;
;1232;(11111001) (371) (249) (F9)    ;(11111001) (371) (249) (F9)   ;(11111000) (370) (248) (F8)   ;(11111000) (370) (248) (F8)   ;(11111000) (370) (248) (F8)   ;(11111000) (370) (248) (F8)   ;(11111000) (370) (248) (F8)   ;(11111000) (370) (248) (F8)   ;
;1240;(11111000) (370) (248) (F8)    ;(11111000) (370) (248) (F8)   ;(11111000) (370) (248) (F8)   ;(11111000) (370) (248) (F8)   ;(11111000) (370) (248) (F8)   ;(11111000) (370) (248) (F8)   ;(11111000) (370) (248) (F8)   ;(11111000) (370) (248) (F8)   ;
;1248;(11111000) (370) (248) (F8)    ;(11110111) (367) (247) (F7)   ;(11110111) (367) (247) (F7)   ;(11110111) (367) (247) (F7)   ;(11110111) (367) (247) (F7)   ;(11110111) (367) (247) (F7)   ;(11110111) (367) (247) (F7)   ;(11110111) (367) (247) (F7)   ;
;1256;(11110111) (367) (247) (F7)    ;(11110111) (367) (247) (F7)   ;(11110111) (367) (247) (F7)   ;(11110111) (367) (247) (F7)   ;(11110111) (367) (247) (F7)   ;(11110111) (367) (247) (F7)   ;(11110111) (367) (247) (F7)   ;(11110111) (367) (247) (F7)   ;
;1264;(11110110) (366) (246) (F6)    ;(11110110) (366) (246) (F6)   ;(11110110) (366) (246) (F6)   ;(11110110) (366) (246) (F6)   ;(11110110) (366) (246) (F6)   ;(11110110) (366) (246) (F6)   ;(11110110) (366) (246) (F6)   ;(11110110) (366) (246) (F6)   ;
;1272;(11110110) (366) (246) (F6)    ;(11110110) (366) (246) (F6)   ;(11110110) (366) (246) (F6)   ;(11110110) (366) (246) (F6)   ;(11110110) (366) (246) (F6)   ;(11110110) (366) (246) (F6)   ;(11110101) (365) (245) (F5)   ;(11110101) (365) (245) (F5)   ;
;1280;(11110101) (365) (245) (F5)    ;(11110101) (365) (245) (F5)   ;(11110101) (365) (245) (F5)   ;(11110101) (365) (245) (F5)   ;(11110101) (365) (245) (F5)   ;(11110101) (365) (245) (F5)   ;(11110101) (365) (245) (F5)   ;(11110101) (365) (245) (F5)   ;
;1288;(11110101) (365) (245) (F5)    ;(11110101) (365) (245) (F5)   ;(11110101) (365) (245) (F5)   ;(11110100) (364) (244) (F4)   ;(11110100) (364) (244) (F4)   ;(11110100) (364) (244) (F4)   ;(11110100) (364) (244) (F4)   ;(11110100) (364) (244) (F4)   ;
;1296;(11110100) (364) (244) (F4)    ;(11110100) (364) (244) (F4)   ;(11110100) (364) (244) (F4)   ;(11110100) (364) (244) (F4)   ;(11110100) (364) (244) (F4)   ;(11110100) (364) (244) (F4)   ;(11110100) (364) (244) (F4)   ;(11110100) (364) (244) (F4)   ;
;1304;(11110011) (363) (243) (F3)    ;(11110011) (363) (243) (F3)   ;(11110011) (363) (243) (F3)   ;(11110011) (363) (243) (F3)   ;(11110011) (363) (243) (F3)   ;(11110011) (363) (243) (F3)   ;(11110011) (363) (243) (F3)   ;(11110011) (363) (243) (F3)   ;
;1312;(11110011) (363) (243) (F3)    ;(11110011) (363) (243) (F3)   ;(11110011) (363) (243) (F3)   ;(11110011) (363) (243) (F3)   ;(11110010) (362) (242) (F2)   ;(11110010) (362) (242) (F2)   ;(11110010) (362) (242) (F2)   ;(11110010) (362) (242) (F2)   ;
;1320;(11110010) (362) (242) (F2)    ;(11110010) (362) (242) (F2)   ;(11110010) (362) (242) (F2)   ;(11110010) (362) (242) (F2)   ;(11110010) (362) (242) (F2)   ;(11110010) (362) (242) (F2)   ;(11110010) (362) (242) (F2)   ;(11110001) (361) (241) (F1)   ;
;1328;(11110001) (361) (241) (F1)    ;(11110001) (361) (241) (F1)   ;(11110001) (361) (241) (F1)   ;(11110001) (361) (241) (F1)   ;(11110001) (361) (241) (F1)   ;(11110001) (361) (241) (F1)   ;(11110001) (361) (241) (F1)   ;(11110001) (361) (241) (F1)   ;
;1336;(11110001) (361) (241) (F1)    ;(11110001) (361) (241) (F1)   ;(11110000) (360) (240) (F0)   ;(11110000) (360) (240) (F0)   ;(11110000) (360) (240) (F0)   ;(11110000) (360) (240) (F0)   ;(11110000) (360) (240) (F0)   ;(11110000) (360) (240) (F0)   ;
;1344;(11110000) (360) (240) (F0)    ;(11110000) (360) (240) (F0)   ;(11110000) (360) (240) (F0)   ;(11110000) (360) (240) (F0)   ;(11110000) (360) (240) (F0)   ;(11101111) (357) (239) (EF)   ;(11101111) (357) (239) (EF)   ;(11101111) (357) (239) (EF)   ;
;1352;(11101111) (357) (239) (EF)    ;(11101111) (357) (239) (EF)   ;(11101111) (357) (239) (EF)   ;(11101111) (357) (239) (EF)   ;(11101111) (357) (239) (EF)   ;(11101111) (357) (239) (EF)   ;(11101111) (357) (239) (EF)   ;(11101111) (357) (239) (EF)   ;
;1360;(11101110) (356) (238) (EE)    ;(11101110) (356) (238) (EE)   ;(11101110) (356) (238) (EE)   ;(11101110) (356) (238) (EE)   ;(11101110) (356) (238) (EE)   ;(11101110) (356) (238) (EE)   ;(11101110) (356) (238) (EE)   ;(11101110) (356) (238) (EE)   ;
;1368;(11101110) (356) (238) (EE)    ;(11101110) (356) (238) (EE)   ;(11101101) (355) (237) (ED)   ;(11101101) (355) (237) (ED)   ;(11101101) (355) (237) (ED)   ;(11101101) (355) (237) (ED)   ;(11101101) (355) (237) (ED)   ;(11101101) (355) (237) (ED)   ;
;1376;(11101101) (355) (237) (ED)    ;(11101101) (355) (237) (ED)   ;(11101101) (355) (237) (ED)   ;(11101101) (355) (237) (ED)   ;(11101100) (354) (236) (EC)   ;(11101100) (354) (236) (EC)   ;(11101100) (354) (236) (EC)   ;(11101100) (354) (236) (EC)   ;
;1384;(11101100) (354) (236) (EC)    ;(11101100) (354) (236) (EC)   ;(11101100) (354) (236) (EC)   ;(11101100) (354) (236) (EC)   ;(11101100) (354) (236) (EC)   ;(11101100) (354) (236) (EC)   ;(11101011) (353) (235) (EB)   ;(11101011) (353) (235) (EB)   ;
;1392;(11101011) (353) (235) (EB)    ;(11101011) (353) (235) (EB)   ;(11101011) (353) (235) (EB)   ;(11101011) (353) (235) (EB)   ;(11101011) (353) (235) (EB)   ;(11101011) (353) (235) (EB)   ;(11101011) (353) (235) (EB)   ;(11101010) (352) (234) (EA)   ;
;1400;(11101010) (352) (234) (EA)    ;(11101010) (352) (234) (EA)   ;(11101010) (352) (234) (EA)   ;(11101010) (352) (234) (EA)   ;(11101010) (352) (234) (EA)   ;(11101010) (352) (234) (EA)   ;(11101010) (352) (234) (EA)   ;(11101010) (352) (234) (EA)   ;
;1408;(11101010) (352) (234) (EA)    ;(11101001) (351) (233) (E9)   ;(11101001) (351) (233) (E9)   ;(11101001) (351) (233) (E9)   ;(11101001) (351) (233) (E9)   ;(11101001) (351) (233) (E9)   ;(11101001) (351) (233) (E9)   ;(11101001) (351) (233) (E9)   ;
;1416;(11101001) (351) (233) (E9)    ;(11101001) (351) (233) (E9)   ;(11101000) (350) (232) (E8)   ;(11101000) (350) (232) (E8)   ;(11101000) (350) (232) (E8)   ;(11101000) (350) (232) (E8)   ;(11101000) (350) (232) (E8)   ;(11101000) (350) (232) (E8)   ;
;1424;(11101000) (350) (232) (E8)    ;(11101000) (350) (232) (E8)   ;(11101000) (350) (232) (E8)   ;(11100111) (347) (231) (E7)   ;(11100111) (347) (231) (E7)   ;(11100111) (347) (231) (E7)   ;(11100111) (347) (231) (E7)   ;(11100111) (347) (231) (E7)   ;
;1432;(11100111) (347) (231) (E7)    ;(11100111) (347) (231) (E7)   ;(11100111) (347) (231) (E7)   ;(11100110) (346) (230) (E6)   ;(11100110) (346) (230) (E6)   ;(11100110) (346) (230) (E6)   ;(11100110) (346) (230) (E6)   ;(11100110) (346) (230) (E6)   ;
;1440;(11100110) (346) (230) (E6)    ;(11100110) (346) (230) (E6)   ;(11100110) (346) (230) (E6)   ;(11100110) (346) (230) (E6)   ;(11100101) (345) (229) (E5)   ;(11100101) (345) (229) (E5)   ;(11100101) (345) (229) (E5)   ;(11100101) (345) (229) (E5)   ;
;1448;(11100101) (345) (229) (E5)    ;(11100101) (345) (229) (E5)   ;(11100101) (345) (229) (E5)   ;(11100101) (345) (229) (E5)   ;(11100100) (344) (228) (E4)   ;(11100100) (344) (228) (E4)   ;(11100100) (344) (228) (E4)   ;(11100100) (344) (228) (E4)   ;
;1456;(11100100) (344) (228) (E4)    ;(11100100) (344) (228) (E4)   ;(11100100) (344) (228) (E4)   ;(11100100) (344) (228) (E4)   ;(11100100) (344) (228) (E4)   ;(11100011) (343) (227) (E3)   ;(11100011) (343) (227) (E3)   ;(11100011) (343) (227) (E3)   ;
;1464;(11100011) (343) (227) (E3)    ;(11100011) (343) (227) (E3)   ;(11100011) (343) (227) (E3)   ;(11100011) (343) (227) (E3)   ;(11100011) (343) (227) (E3)   ;(11100010) (342) (226) (E2)   ;(11100010) (342) (226) (E2)   ;(11100010) (342) (226) (E2)   ;
;1472;(11100010) (342) (226) (E2)    ;(11100010) (342) (226) (E2)   ;(11100010) (342) (226) (E2)   ;(11100010) (342) (226) (E2)   ;(11100010) (342) (226) (E2)   ;(11100001) (341) (225) (E1)   ;(11100001) (341) (225) (E1)   ;(11100001) (341) (225) (E1)   ;
;1480;(11100001) (341) (225) (E1)    ;(11100001) (341) (225) (E1)   ;(11100001) (341) (225) (E1)   ;(11100001) (341) (225) (E1)   ;(11100001) (341) (225) (E1)   ;(11100000) (340) (224) (E0)   ;(11100000) (340) (224) (E0)   ;(11100000) (340) (224) (E0)   ;
;1488;(11100000) (340) (224) (E0)    ;(11100000) (340) (224) (E0)   ;(11100000) (340) (224) (E0)   ;(11100000) (340) (224) (E0)   ;(11100000) (340) (224) (E0)   ;(11011111) (337) (223) (DF)   ;(11011111) (337) (223) (DF)   ;(11011111) (337) (223) (DF)   ;
;1496;(11011111) (337) (223) (DF)    ;(11011111) (337) (223) (DF)   ;(11011111) (337) (223) (DF)   ;(11011111) (337) (223) (DF)   ;(11011110) (336) (222) (DE)   ;(11011110) (336) (222) (DE)   ;(11011110) (336) (222) (DE)   ;(11011110) (336) (222) (DE)   ;
;1504;(11011110) (336) (222) (DE)    ;(11011110) (336) (222) (DE)   ;(11011110) (336) (222) (DE)   ;(11011110) (336) (222) (DE)   ;(11011101) (335) (221) (DD)   ;(11011101) (335) (221) (DD)   ;(11011101) (335) (221) (DD)   ;(11011101) (335) (221) (DD)   ;
;1512;(11011101) (335) (221) (DD)    ;(11011101) (335) (221) (DD)   ;(11011101) (335) (221) (DD)   ;(11011101) (335) (221) (DD)   ;(11011100) (334) (220) (DC)   ;(11011100) (334) (220) (DC)   ;(11011100) (334) (220) (DC)   ;(11011100) (334) (220) (DC)   ;
;1520;(11011100) (334) (220) (DC)    ;(11011100) (334) (220) (DC)   ;(11011100) (334) (220) (DC)   ;(11011011) (333) (219) (DB)   ;(11011011) (333) (219) (DB)   ;(11011011) (333) (219) (DB)   ;(11011011) (333) (219) (DB)   ;(11011011) (333) (219) (DB)   ;
;1528;(11011011) (333) (219) (DB)    ;(11011011) (333) (219) (DB)   ;(11011010) (332) (218) (DA)   ;(11011010) (332) (218) (DA)   ;(11011010) (332) (218) (DA)   ;(11011010) (332) (218) (DA)   ;(11011010) (332) (218) (DA)   ;(11011010) (332) (218) (DA)   ;
;1536;(11011010) (332) (218) (DA)    ;(11011010) (332) (218) (DA)   ;(11011001) (331) (217) (D9)   ;(11011001) (331) (217) (D9)   ;(11011001) (331) (217) (D9)   ;(11011001) (331) (217) (D9)   ;(11011001) (331) (217) (D9)   ;(11011001) (331) (217) (D9)   ;
;1544;(11011001) (331) (217) (D9)    ;(11011000) (330) (216) (D8)   ;(11011000) (330) (216) (D8)   ;(11011000) (330) (216) (D8)   ;(11011000) (330) (216) (D8)   ;(11011000) (330) (216) (D8)   ;(11011000) (330) (216) (D8)   ;(11011000) (330) (216) (D8)   ;
;1552;(11010111) (327) (215) (D7)    ;(11010111) (327) (215) (D7)   ;(11010111) (327) (215) (D7)   ;(11010111) (327) (215) (D7)   ;(11010111) (327) (215) (D7)   ;(11010111) (327) (215) (D7)   ;(11010111) (327) (215) (D7)   ;(11010110) (326) (214) (D6)   ;
;1560;(11010110) (326) (214) (D6)    ;(11010110) (326) (214) (D6)   ;(11010110) (326) (214) (D6)   ;(11010110) (326) (214) (D6)   ;(11010110) (326) (214) (D6)   ;(11010110) (326) (214) (D6)   ;(11010101) (325) (213) (D5)   ;(11010101) (325) (213) (D5)   ;
;1568;(11010101) (325) (213) (D5)    ;(11010101) (325) (213) (D5)   ;(11010101) (325) (213) (D5)   ;(11010101) (325) (213) (D5)   ;(11010101) (325) (213) (D5)   ;(11010100) (324) (212) (D4)   ;(11010100) (324) (212) (D4)   ;(11010100) (324) (212) (D4)   ;
;1576;(11010100) (324) (212) (D4)    ;(11010100) (324) (212) (D4)   ;(11010100) (324) (212) (D4)   ;(11010100) (324) (212) (D4)   ;(11010011) (323) (211) (D3)   ;(11010011) (323) (211) (D3)   ;(11010011) (323) (211) (D3)   ;(11010011) (323) (211) (D3)   ;
;1584;(11010011) (323) (211) (D3)    ;(11010011) (323) (211) (D3)   ;(11010010) (322) (210) (D2)   ;(11010010) (322) (210) (D2)   ;(11010010) (322) (210) (D2)   ;(11010010) (322) (210) (D2)   ;(11010010) (322) (210) (D2)   ;(11010010) (322) (210) (D2)   ;
;1592;(11010010) (322) (210) (D2)    ;(11010001) (321) (209) (D1)   ;(11010001) (321) (209) (D1)   ;(11010001) (321) (209) (D1)   ;(11010001) (321) (209) (D1)   ;(11010001) (321) (209) (D1)   ;(11010001) (321) (209) (D1)   ;(11010001) (321) (209) (D1)   ;
;1600;(11010000) (320) (208) (D0)    ;(11010000) (320) (208) (D0)   ;(11010000) (320) (208) (D0)   ;(11010000) (320) (208) (D0)   ;(11010000) (320) (208) (D0)   ;(11010000) (320) (208) (D0)   ;(11001111) (317) (207) (CF)   ;(11001111) (317) (207) (CF)   ;
;1608;(11001111) (317) (207) (CF)    ;(11001111) (317) (207) (CF)   ;(11001111) (317) (207) (CF)   ;(11001111) (317) (207) (CF)   ;(11001111) (317) (207) (CF)   ;(11001110) (316) (206) (CE)   ;(11001110) (316) (206) (CE)   ;(11001110) (316) (206) (CE)   ;
;1616;(11001110) (316) (206) (CE)    ;(11001110) (316) (206) (CE)   ;(11001110) (316) (206) (CE)   ;(11001101) (315) (205) (CD)   ;(11001101) (315) (205) (CD)   ;(11001101) (315) (205) (CD)   ;(11001101) (315) (205) (CD)   ;(11001101) (315) (205) (CD)   ;
;1624;(11001101) (315) (205) (CD)    ;(11001101) (315) (205) (CD)   ;(11001100) (314) (204) (CC)   ;(11001100) (314) (204) (CC)   ;(11001100) (314) (204) (CC)   ;(11001100) (314) (204) (CC)   ;(11001100) (314) (204) (CC)   ;(11001100) (314) (204) (CC)   ;
;1632;(11001011) (313) (203) (CB)    ;(11001011) (313) (203) (CB)   ;(11001011) (313) (203) (CB)   ;(11001011) (313) (203) (CB)   ;(11001011) (313) (203) (CB)   ;(11001011) (313) (203) (CB)   ;(11001011) (313) (203) (CB)   ;(11001010) (312) (202) (CA)   ;
;1640;(11001010) (312) (202) (CA)    ;(11001010) (312) (202) (CA)   ;(11001010) (312) (202) (CA)   ;(11001010) (312) (202) (CA)   ;(11001010) (312) (202) (CA)   ;(11001001) (311) (201) (C9)   ;(11001001) (311) (201) (C9)   ;(11001001) (311) (201) (C9)   ;
;1648;(11001001) (311) (201) (C9)    ;(11001001) (311) (201) (C9)   ;(11001001) (311) (201) (C9)   ;(11001000) (310) (200) (C8)   ;(11001000) (310) (200) (C8)   ;(11001000) (310) (200) (C8)   ;(11001000) (310) (200) (C8)   ;(11001000) (310) (200) (C8)   ;
;1656;(11001000) (310) (200) (C8)    ;(11000111) (307) (199) (C7)   ;(11000111) (307) (199) (C7)   ;(11000111) (307) (199) (C7)   ;(11000111) (307) (199) (C7)   ;(11000111) (307) (199) (C7)   ;(11000111) (307) (199) (C7)   ;(11000110) (306) (198) (C6)   ;
;1664;(11000110) (306) (198) (C6)    ;(11000110) (306) (198) (C6)   ;(11000110) (306) (198) (C6)   ;(11000110) (306) (198) (C6)   ;(11000110) (306) (198) (C6)   ;(11000110) (306) (198) (C6)   ;(11000101) (305) (197) (C5)   ;(11000101) (305) (197) (C5)   ;
;1672;(11000101) (305) (197) (C5)    ;(11000101) (305) (197) (C5)   ;(11000101) (305) (197) (C5)   ;(11000101) (305) (197) (C5)   ;(11000100) (304) (196) (C4)   ;(11000100) (304) (196) (C4)   ;(11000100) (304) (196) (C4)   ;(11000100) (304) (196) (C4)   ;
;1680;(11000100) (304) (196) (C4)    ;(11000100) (304) (196) (C4)   ;(11000011) (303) (195) (C3)   ;(11000011) (303) (195) (C3)   ;(11000011) (303) (195) (C3)   ;(11000011) (303) (195) (C3)   ;(11000011) (303) (195) (C3)   ;(11000011) (303) (195) (C3)   ;
;1688;(11000010) (302) (194) (C2)    ;(11000010) (302) (194) (C2)   ;(11000010) (302) (194) (C2)   ;(11000010) (302) (194) (C2)   ;(11000010) (302) (194) (C2)   ;(11000010) (302) (194) (C2)   ;(11000001) (301) (193) (C1)   ;(11000001) (301) (193) (C1)   ;
;1696;(11000001) (301) (193) (C1)    ;(11000001) (301) (193) (C1)   ;(11000001) (301) (193) (C1)   ;(11000001) (301) (193) (C1)   ;(11000000) (300) (192) (C0)   ;(11000000) (300) (192) (C0)   ;(11000000) (300) (192) (C0)   ;(11000000) (300) (192) (C0)   ;
;1704;(11000000) (300) (192) (C0)    ;(11000000) (300) (192) (C0)   ;(10111111) (277) (191) (BF)   ;(10111111) (277) (191) (BF)   ;(10111111) (277) (191) (BF)   ;(10111111) (277) (191) (BF)   ;(10111111) (277) (191) (BF)   ;(10111111) (277) (191) (BF)   ;
;1712;(10111110) (276) (190) (BE)    ;(10111110) (276) (190) (BE)   ;(10111110) (276) (190) (BE)   ;(10111110) (276) (190) (BE)   ;(10111110) (276) (190) (BE)   ;(10111101) (275) (189) (BD)   ;(10111101) (275) (189) (BD)   ;(10111101) (275) (189) (BD)   ;
;1720;(10111101) (275) (189) (BD)    ;(10111101) (275) (189) (BD)   ;(10111101) (275) (189) (BD)   ;(10111100) (274) (188) (BC)   ;(10111100) (274) (188) (BC)   ;(10111100) (274) (188) (BC)   ;(10111100) (274) (188) (BC)   ;(10111100) (274) (188) (BC)   ;
;1728;(10111100) (274) (188) (BC)    ;(10111011) (273) (187) (BB)   ;(10111011) (273) (187) (BB)   ;(10111011) (273) (187) (BB)   ;(10111011) (273) (187) (BB)   ;(10111011) (273) (187) (BB)   ;(10111011) (273) (187) (BB)   ;(10111010) (272) (186) (BA)   ;
;1736;(10111010) (272) (186) (BA)    ;(10111010) (272) (186) (BA)   ;(10111010) (272) (186) (BA)   ;(10111010) (272) (186) (BA)   ;(10111010) (272) (186) (BA)   ;(10111001) (271) (185) (B9)   ;(10111001) (271) (185) (B9)   ;(10111001) (271) (185) (B9)   ;
;1744;(10111001) (271) (185) (B9)    ;(10111001) (271) (185) (B9)   ;(10111000) (270) (184) (B8)   ;(10111000) (270) (184) (B8)   ;(10111000) (270) (184) (B8)   ;(10111000) (270) (184) (B8)   ;(10111000) (270) (184) (B8)   ;(10111000) (270) (184) (B8)   ;
;1752;(10110111) (267) (183) (B7)    ;(10110111) (267) (183) (B7)   ;(10110111) (267) (183) (B7)   ;(10110111) (267) (183) (B7)   ;(10110111) (267) (183) (B7)   ;(10110111) (267) (183) (B7)   ;(10110110) (266) (182) (B6)   ;(10110110) (266) (182) (B6)   ;
;1760;(10110110) (266) (182) (B6)    ;(10110110) (266) (182) (B6)   ;(10110110) (266) (182) (B6)   ;(10110101) (265) (181) (B5)   ;(10110101) (265) (181) (B5)   ;(10110101) (265) (181) (B5)   ;(10110101) (265) (181) (B5)   ;(10110101) (265) (181) (B5)   ;
;1768;(10110101) (265) (181) (B5)    ;(10110100) (264) (180) (B4)   ;(10110100) (264) (180) (B4)   ;(10110100) (264) (180) (B4)   ;(10110100) (264) (180) (B4)   ;(10110100) (264) (180) (B4)   ;(10110100) (264) (180) (B4)   ;(10110011) (263) (179) (B3)   ;
;1776;(10110011) (263) (179) (B3)    ;(10110011) (263) (179) (B3)   ;(10110011) (263) (179) (B3)   ;(10110011) (263) (179) (B3)   ;(10110010) (262) (178) (B2)   ;(10110010) (262) (178) (B2)   ;(10110010) (262) (178) (B2)   ;(10110010) (262) (178) (B2)   ;
;1784;(10110010) (262) (178) (B2)    ;(10110010) (262) (178) (B2)   ;(10110001) (261) (177) (B1)   ;(10110001) (261) (177) (B1)   ;(10110001) (261) (177) (B1)   ;(10110001) (261) (177) (B1)   ;(10110001) (261) (177) (B1)   ;(10110000) (260) (176) (B0)   ;
;1792;(10110000) (260) (176) (B0)    ;(10110000) (260) (176) (B0)   ;(10110000) (260) (176) (B0)   ;(10110000) (260) (176) (B0)   ;(10110000) (260) (176) (B0)   ;(10101111) (257) (175) (AF)   ;(10101111) (257) (175) (AF)   ;(10101111) (257) (175) (AF)   ;
;1800;(10101111) (257) (175) (AF)    ;(10101111) (257) (175) (AF)   ;(10101110) (256) (174) (AE)   ;(10101110) (256) (174) (AE)   ;(10101110) (256) (174) (AE)   ;(10101110) (256) (174) (AE)   ;(10101110) (256) (174) (AE)   ;(10101110) (256) (174) (AE)   ;
;1808;(10101101) (255) (173) (AD)    ;(10101101) (255) (173) (AD)   ;(10101101) (255) (173) (AD)   ;(10101101) (255) (173) (AD)   ;(10101101) (255) (173) (AD)   ;(10101100) (254) (172) (AC)   ;(10101100) (254) (172) (AC)   ;(10101100) (254) (172) (AC)   ;
;1816;(10101100) (254) (172) (AC)    ;(10101100) (254) (172) (AC)   ;(10101100) (254) (172) (AC)   ;(10101011) (253) (171) (AB)   ;(10101011) (253) (171) (AB)   ;(10101011) (253) (171) (AB)   ;(10101011) (253) (171) (AB)   ;(10101011) (253) (171) (AB)   ;
;1824;(10101010) (252) (170) (AA)    ;(10101010) (252) (170) (AA)   ;(10101010) (252) (170) (AA)   ;(10101010) (252) (170) (AA)   ;(10101010) (252) (170) (AA)   ;(10101010) (252) (170) (AA)   ;(10101001) (251) (169) (A9)   ;(10101001) (251) (169) (A9)   ;
;1832;(10101001) (251) (169) (A9)    ;(10101001) (251) (169) (A9)   ;(10101001) (251) (169) (A9)   ;(10101000) (250) (168) (A8)   ;(10101000) (250) (168) (A8)   ;(10101000) (250) (168) (A8)   ;(10101000) (250) (168) (A8)   ;(10101000) (250) (168) (A8)   ;
;1840;(10100111) (247) (167) (A7)    ;(10100111) (247) (167) (A7)   ;(10100111) (247) (167) (A7)   ;(10100111) (247) (167) (A7)   ;(10100111) (247) (167) (A7)   ;(10100111) (247) (167) (A7)   ;(10100110) (246) (166) (A6)   ;(10100110) (246) (166) (A6)   ;
;1848;(10100110) (246) (166) (A6)    ;(10100110) (246) (166) (A6)   ;(10100110) (246) (166) (A6)   ;(10100101) (245) (165) (A5)   ;(10100101) (245) (165) (A5)   ;(10100101) (245) (165) (A5)   ;(10100101) (245) (165) (A5)   ;(10100101) (245) (165) (A5)   ;
;1856;(10100101) (245) (165) (A5)    ;(10100100) (244) (164) (A4)   ;(10100100) (244) (164) (A4)   ;(10100100) (244) (164) (A4)   ;(10100100) (244) (164) (A4)   ;(10100100) (244) (164) (A4)   ;(10100011) (243) (163) (A3)   ;(10100011) (243) (163) (A3)   ;
;1864;(10100011) (243) (163) (A3)    ;(10100011) (243) (163) (A3)   ;(10100011) (243) (163) (A3)   ;(10100010) (242) (162) (A2)   ;(10100010) (242) (162) (A2)   ;(10100010) (242) (162) (A2)   ;(10100010) (242) (162) (A2)   ;(10100010) (242) (162) (A2)   ;
;1872;(10100010) (242) (162) (A2)    ;(10100001) (241) (161) (A1)   ;(10100001) (241) (161) (A1)   ;(10100001) (241) (161) (A1)   ;(10100001) (241) (161) (A1)   ;(10100001) (241) (161) (A1)   ;(10100000) (240) (160) (A0)   ;(10100000) (240) (160) (A0)   ;
;1880;(10100000) (240) (160) (A0)    ;(10100000) (240) (160) (A0)   ;(10100000) (240) (160) (A0)   ;(10011111) (237) (159) (9F)   ;(10011111) (237) (159) (9F)   ;(10011111) (237) (159) (9F)   ;(10011111) (237) (159) (9F)   ;(10011111) (237) (159) (9F)   ;
;1888;(10011110) (236) (158) (9E)    ;(10011110) (236) (158) (9E)   ;(10011110) (236) (158) (9E)   ;(10011110) (236) (158) (9E)   ;(10011110) (236) (158) (9E)   ;(10011110) (236) (158) (9E)   ;(10011101) (235) (157) (9D)   ;(10011101) (235) (157) (9D)   ;
;1896;(10011101) (235) (157) (9D)    ;(10011101) (235) (157) (9D)   ;(10011101) (235) (157) (9D)   ;(10011100) (234) (156) (9C)   ;(10011100) (234) (156) (9C)   ;(10011100) (234) (156) (9C)   ;(10011100) (234) (156) (9C)   ;(10011100) (234) (156) (9C)   ;
;1904;(10011011) (233) (155) (9B)    ;(10011011) (233) (155) (9B)   ;(10011011) (233) (155) (9B)   ;(10011011) (233) (155) (9B)   ;(10011011) (233) (155) (9B)   ;(10011010) (232) (154) (9A)   ;(10011010) (232) (154) (9A)   ;(10011010) (232) (154) (9A)   ;
;1912;(10011010) (232) (154) (9A)    ;(10011010) (232) (154) (9A)   ;(10011010) (232) (154) (9A)   ;(10011001) (231) (153) (99)   ;(10011001) (231) (153) (99)   ;(10011001) (231) (153) (99)   ;(10011001) (231) (153) (99)   ;(10011001) (231) (153) (99)   ;
;1920;(10011000) (230) (152) (98)    ;(10011000) (230) (152) (98)   ;(10011000) (230) (152) (98)   ;(10011000) (230) (152) (98)   ;(10011000) (230) (152) (98)   ;(10010111) (227) (151) (97)   ;(10010111) (227) (151) (97)   ;(10010111) (227) (151) (97)   ;
;1928;(10010111) (227) (151) (97)    ;(10010111) (227) (151) (97)   ;(10010110) (226) (150) (96)   ;(10010110) (226) (150) (96)   ;(10010110) (226) (150) (96)   ;(10010110) (226) (150) (96)   ;(10010110) (226) (150) (96)   ;(10010101) (225) (149) (95)   ;
;1936;(10010101) (225) (149) (95)    ;(10010101) (225) (149) (95)   ;(10010101) (225) (149) (95)   ;(10010101) (225) (149) (95)   ;(10010101) (225) (149) (95)   ;(10010100) (224) (148) (94)   ;(10010100) (224) (148) (94)   ;(10010100) (224) (148) (94)   ;
;1944;(10010100) (224) (148) (94)    ;(10010100) (224) (148) (94)   ;(10010011) (223) (147) (93)   ;(10010011) (223) (147) (93)   ;(10010011) (223) (147) (93)   ;(10010011) (223) (147) (93)   ;(10010011) (223) (147) (93)   ;(10010010) (222) (146) (92)   ;
;1952;(10010010) (222) (146) (92)    ;(10010010) (222) (146) (92)   ;(10010010) (222) (146) (92)   ;(10010010) (222) (146) (92)   ;(10010001) (221) (145) (91)   ;(10010001) (221) (145) (91)   ;(10010001) (221) (145) (91)   ;(10010001) (221) (145) (91)   ;
;1960;(10010001) (221) (145) (91)    ;(10010000) (220) (144) (90)   ;(10010000) (220) (144) (90)   ;(10010000) (220) (144) (90)   ;(10010000) (220) (144) (90)   ;(10010000) (220) (144) (90)   ;(10001111) (217) (143) (8F)   ;(10001111) (217) (143) (8F)   ;
;1968;(10001111) (217) (143) (8F)    ;(10001111) (217) (143) (8F)   ;(10001111) (217) (143) (8F)   ;(10001111) (217) (143) (8F)   ;(10001110) (216) (142) (8E)   ;(10001110) (216) (142) (8E)   ;(10001110) (216) (142) (8E)   ;(10001110) (216) (142) (8E)   ;
;1976;(10001110) (216) (142) (8E)    ;(10001101) (215) (141) (8D)   ;(10001101) (215) (141) (8D)   ;(10001101) (215) (141) (8D)   ;(10001101) (215) (141) (8D)   ;(10001101) (215) (141) (8D)   ;(10001100) (214) (140) (8C)   ;(10001100) (214) (140) (8C)   ;
;1984;(10001100) (214) (140) (8C)    ;(10001100) (214) (140) (8C)   ;(10001100) (214) (140) (8C)   ;(10001011) (213) (139) (8B)   ;(10001011) (213) (139) (8B)   ;(10001011) (213) (139) (8B)   ;(10001011) (213) (139) (8B)   ;(10001011) (213) (139) (8B)   ;
;1992;(10001010) (212) (138) (8A)    ;(10001010) (212) (138) (8A)   ;(10001010) (212) (138) (8A)   ;(10001010) (212) (138) (8A)   ;(10001010) (212) (138) (8A)   ;(10001001) (211) (137) (89)   ;(10001001) (211) (137) (89)   ;(10001001) (211) (137) (89)   ;
;2000;(10001001) (211) (137) (89)    ;(10001001) (211) (137) (89)   ;(10001000) (210) (136) (88)   ;(10001000) (210) (136) (88)   ;(10001000) (210) (136) (88)   ;(10001000) (210) (136) (88)   ;(10001000) (210) (136) (88)   ;(10001000) (210) (136) (88)   ;
;2008;(10000111) (207) (135) (87)    ;(10000111) (207) (135) (87)   ;(10000111) (207) (135) (87)   ;(10000111) (207) (135) (87)   ;(10000111) (207) (135) (87)   ;(10000110) (206) (134) (86)   ;(10000110) (206) (134) (86)   ;(10000110) (206) (134) (86)   ;
;2016;(10000110) (206) (134) (86)    ;(10000110) (206) (134) (86)   ;(10000101) (205) (133) (85)   ;(10000101) (205) (133) (85)   ;(10000101) (205) (133) (85)   ;(10000101) (205) (133) (85)   ;(10000101) (205) (133) (85)   ;(10000100) (204) (132) (84)   ;
;2024;(10000100) (204) (132) (84)    ;(10000100) (204) (132) (84)   ;(10000100) (204) (132) (84)   ;(10000100) (204) (132) (84)   ;(10000011) (203) (131) (83)   ;(10000011) (203) (131) (83)   ;(10000011) (203) (131) (83)   ;(10000011) (203) (131) (83)   ;
;2032;(10000011) (203) (131) (83)    ;(10000010) (202) (130) (82)   ;(10000010) (202) (130) (82)   ;(10000010) (202) (130) (82)   ;(10000010) (202) (130) (82)   ;(10000010) (202) (130) (82)   ;(10000001) (201) (129) (81)   ;(10000001) (201) (129) (81)   ;
;2040;(10000001) (201) (129) (81)    ;(10000001) (201) (129) (81)   ;(10000001) (201) (129) (81)   ;(10000000) (200) (128) (80)   ;(10000000) (200) (128) (80)   ;(10000000) (200) (128) (80)   ;(10000000) (200) (128) (80)   ;(10000000) (200) (128) (80)   ;
;2048;(01111111) (177) (127) (7F)    ;(01111111) (177) (127) (7F)   ;(01111111) (177) (127) (7F)   ;(01111111) (177) (127) (7F)   ;(01111111) (177) (127) (7F)   ;(01111111) (177) (127) (7F)   ;(01111110) (176) (126) (7E)   ;(01111110) (176) (126) (7E)   ;
;2056;(01111110) (176) (126) (7E)    ;(01111110) (176) (126) (7E)   ;(01111110) (176) (126) (7E)   ;(01111101) (175) (125) (7D)   ;(01111101) (175) (125) (7D)   ;(01111101) (175) (125) (7D)   ;(01111101) (175) (125) (7D)   ;(01111101) (175) (125) (7D)   ;
;2064;(01111100) (174) (124) (7C)    ;(01111100) (174) (124) (7C)   ;(01111100) (174) (124) (7C)   ;(01111100) (174) (124) (7C)   ;(01111100) (174) (124) (7C)   ;(01111011) (173) (123) (7B)   ;(01111011) (173) (123) (7B)   ;(01111011) (173) (123) (7B)   ;
;2072;(01111011) (173) (123) (7B)    ;(01111011) (173) (123) (7B)   ;(01111010) (172) (122) (7A)   ;(01111010) (172) (122) (7A)   ;(01111010) (172) (122) (7A)   ;(01111010) (172) (122) (7A)   ;(01111010) (172) (122) (7A)   ;(01111001) (171) (121) (79)   ;
;2080;(01111001) (171) (121) (79)    ;(01111001) (171) (121) (79)   ;(01111001) (171) (121) (79)   ;(01111001) (171) (121) (79)   ;(01111000) (170) (120) (78)   ;(01111000) (170) (120) (78)   ;(01111000) (170) (120) (78)   ;(01111000) (170) (120) (78)   ;
;2088;(01111000) (170) (120) (78)    ;(01110111) (167) (119) (77)   ;(01110111) (167) (119) (77)   ;(01110111) (167) (119) (77)   ;(01110111) (167) (119) (77)   ;(01110111) (167) (119) (77)   ;(01110111) (167) (119) (77)   ;(01110110) (166) (118) (76)   ;
;2096;(01110110) (166) (118) (76)    ;(01110110) (166) (118) (76)   ;(01110110) (166) (118) (76)   ;(01110110) (166) (118) (76)   ;(01110101) (165) (117) (75)   ;(01110101) (165) (117) (75)   ;(01110101) (165) (117) (75)   ;(01110101) (165) (117) (75)   ;
;2104;(01110101) (165) (117) (75)    ;(01110100) (164) (116) (74)   ;(01110100) (164) (116) (74)   ;(01110100) (164) (116) (74)   ;(01110100) (164) (116) (74)   ;(01110100) (164) (116) (74)   ;(01110011) (163) (115) (73)   ;(01110011) (163) (115) (73)   ;
;2112;(01110011) (163) (115) (73)    ;(01110011) (163) (115) (73)   ;(01110011) (163) (115) (73)   ;(01110010) (162) (114) (72)   ;(01110010) (162) (114) (72)   ;(01110010) (162) (114) (72)   ;(01110010) (162) (114) (72)   ;(01110010) (162) (114) (72)   ;
;2120;(01110001) (161) (113) (71)    ;(01110001) (161) (113) (71)   ;(01110001) (161) (113) (71)   ;(01110001) (161) (113) (71)   ;(01110001) (161) (113) (71)   ;(01110000) (160) (112) (70)   ;(01110000) (160) (112) (70)   ;(01110000) (160) (112) (70)   ;
;2128;(01110000) (160) (112) (70)    ;(01110000) (160) (112) (70)   ;(01110000) (160) (112) (70)   ;(01101111) (157) (111) (6F)   ;(01101111) (157) (111) (6F)   ;(01101111) (157) (111) (6F)   ;(01101111) (157) (111) (6F)   ;(01101111) (157) (111) (6F)   ;
;2136;(01101110) (156) (110) (6E)    ;(01101110) (156) (110) (6E)   ;(01101110) (156) (110) (6E)   ;(01101110) (156) (110) (6E)   ;(01101110) (156) (110) (6E)   ;(01101101) (155) (109) (6D)   ;(01101101) (155) (109) (6D)   ;(01101101) (155) (109) (6D)   ;
;2144;(01101101) (155) (109) (6D)    ;(01101101) (155) (109) (6D)   ;(01101100) (154) (108) (6C)   ;(01101100) (154) (108) (6C)   ;(01101100) (154) (108) (6C)   ;(01101100) (154) (108) (6C)   ;(01101100) (154) (108) (6C)   ;(01101011) (153) (107) (6B)   ;
;2152;(01101011) (153) (107) (6B)    ;(01101011) (153) (107) (6B)   ;(01101011) (153) (107) (6B)   ;(01101011) (153) (107) (6B)   ;(01101010) (152) (106) (6A)   ;(01101010) (152) (106) (6A)   ;(01101010) (152) (106) (6A)   ;(01101010) (152) (106) (6A)   ;
;2160;(01101010) (152) (106) (6A)    ;(01101010) (152) (106) (6A)   ;(01101001) (151) (105) (69)   ;(01101001) (151) (105) (69)   ;(01101001) (151) (105) (69)   ;(01101001) (151) (105) (69)   ;(01101001) (151) (105) (69)   ;(01101000) (150) (104) (68)   ;
;2168;(01101000) (150) (104) (68)    ;(01101000) (150) (104) (68)   ;(01101000) (150) (104) (68)   ;(01101000) (150) (104) (68)   ;(01100111) (147) (103) (67)   ;(01100111) (147) (103) (67)   ;(01100111) (147) (103) (67)   ;(01100111) (147) (103) (67)   ;
;2176;(01100111) (147) (103) (67)    ;(01100110) (146) (102) (66)   ;(01100110) (146) (102) (66)   ;(01100110) (146) (102) (66)   ;(01100110) (146) (102) (66)   ;(01100110) (146) (102) (66)   ;(01100101) (145) (101) (65)   ;(01100101) (145) (101) (65)   ;
;2184;(01100101) (145) (101) (65)    ;(01100101) (145) (101) (65)   ;(01100101) (145) (101) (65)   ;(01100101) (145) (101) (65)   ;(01100100) (144) (100) (64)   ;(01100100) (144) (100) (64)   ;(01100100) (144) (100) (64)   ;(01100100) (144) (100) (64)   ;
;2192;(01100100) (144) (100) (64)    ;(01100011) (143) (99) (63)   ;(01100011) (143) (99) (63)   ;(01100011) (143) (99) (63)   ;(01100011) (143) (99) (63)   ;(01100011) (143) (99) (63)   ;(01100010) (142) (98) (62)   ;(01100010) (142) (98) (62)   ;
;2200;(01100010) (142) (98) (62)    ;(01100010) (142) (98) (62)   ;(01100010) (142) (98) (62)   ;(01100001) (141) (97) (61)   ;(01100001) (141) (97) (61)   ;(01100001) (141) (97) (61)   ;(01100001) (141) (97) (61)   ;(01100001) (141) (97) (61)   ;
;2208;(01100001) (141) (97) (61)    ;(01100000) (140) (96) (60)   ;(01100000) (140) (96) (60)   ;(01100000) (140) (96) (60)   ;(01100000) (140) (96) (60)   ;(01100000) (140) (96) (60)   ;(01011111) (137) (95) (5F)   ;(01011111) (137) (95) (5F)   ;
;2216;(01011111) (137) (95) (5F)    ;(01011111) (137) (95) (5F)   ;(01011111) (137) (95) (5F)   ;(01011110) (136) (94) (5E)   ;(01011110) (136) (94) (5E)   ;(01011110) (136) (94) (5E)   ;(01011110) (136) (94) (5E)   ;(01011110) (136) (94) (5E)   ;
;2224;(01011101) (135) (93) (5D)    ;(01011101) (135) (93) (5D)   ;(01011101) (135) (93) (5D)   ;(01011101) (135) (93) (5D)   ;(01011101) (135) (93) (5D)   ;(01011101) (135) (93) (5D)   ;(01011100) (134) (92) (5C)   ;(01011100) (134) (92) (5C)   ;
;2232;(01011100) (134) (92) (5C)    ;(01011100) (134) (92) (5C)   ;(01011100) (134) (92) (5C)   ;(01011011) (133) (91) (5B)   ;(01011011) (133) (91) (5B)   ;(01011011) (133) (91) (5B)   ;(01011011) (133) (91) (5B)   ;(01011011) (133) (91) (5B)   ;
;2240;(01011010) (132) (90) (5A)    ;(01011010) (132) (90) (5A)   ;(01011010) (132) (90) (5A)   ;(01011010) (132) (90) (5A)   ;(01011010) (132) (90) (5A)   ;(01011010) (132) (90) (5A)   ;(01011001) (131) (89) (59)   ;(01011001) (131) (89) (59)   ;
;2248;(01011001) (131) (89) (59)    ;(01011001) (131) (89) (59)   ;(01011001) (131) (89) (59)   ;(01011000) (130) (88) (58)   ;(01011000) (130) (88) (58)   ;(01011000) (130) (88) (58)   ;(01011000) (130) (88) (58)   ;(01011000) (130) (88) (58)   ;
;2256;(01011000) (130) (88) (58)    ;(01010111) (127) (87) (57)   ;(01010111) (127) (87) (57)   ;(01010111) (127) (87) (57)   ;(01010111) (127) (87) (57)   ;(01010111) (127) (87) (57)   ;(01010110) (126) (86) (56)   ;(01010110) (126) (86) (56)   ;
;2264;(01010110) (126) (86) (56)    ;(01010110) (126) (86) (56)   ;(01010110) (126) (86) (56)   ;(01010101) (125) (85) (55)   ;(01010101) (125) (85) (55)   ;(01010101) (125) (85) (55)   ;(01010101) (125) (85) (55)   ;(01010101) (125) (85) (55)   ;
;2272;(01010101) (125) (85) (55)    ;(01010100) (124) (84) (54)   ;(01010100) (124) (84) (54)   ;(01010100) (124) (84) (54)   ;(01010100) (124) (84) (54)   ;(01010100) (124) (84) (54)   ;(01010011) (123) (83) (53)   ;(01010011) (123) (83) (53)   ;
;2280;(01010011) (123) (83) (53)    ;(01010011) (123) (83) (53)   ;(01010011) (123) (83) (53)   ;(01010011) (123) (83) (53)   ;(01010010) (122) (82) (52)   ;(01010010) (122) (82) (52)   ;(01010010) (122) (82) (52)   ;(01010010) (122) (82) (52)   ;
;2288;(01010010) (122) (82) (52)    ;(01010001) (121) (81) (51)   ;(01010001) (121) (81) (51)   ;(01010001) (121) (81) (51)   ;(01010001) (121) (81) (51)   ;(01010001) (121) (81) (51)   ;(01010001) (121) (81) (51)   ;(01010000) (120) (80) (50)   ;
;2296;(01010000) (120) (80) (50)    ;(01010000) (120) (80) (50)   ;(01010000) (120) (80) (50)   ;(01010000) (120) (80) (50)   ;(01001111) (117) (79) (4F)   ;(01001111) (117) (79) (4F)   ;(01001111) (117) (79) (4F)   ;(01001111) (117) (79) (4F)   ;
;2304;(01001111) (117) (79) (4F)    ;(01001111) (117) (79) (4F)   ;(01001110) (116) (78) (4E)   ;(01001110) (116) (78) (4E)   ;(01001110) (116) (78) (4E)   ;(01001110) (116) (78) (4E)   ;(01001110) (116) (78) (4E)   ;(01001101) (115) (77) (4D)   ;
;2312;(01001101) (115) (77) (4D)    ;(01001101) (115) (77) (4D)   ;(01001101) (115) (77) (4D)   ;(01001101) (115) (77) (4D)   ;(01001101) (115) (77) (4D)   ;(01001100) (114) (76) (4C)   ;(01001100) (114) (76) (4C)   ;(01001100) (114) (76) (4C)   ;
;2320;(01001100) (114) (76) (4C)    ;(01001100) (114) (76) (4C)   ;(01001011) (113) (75) (4B)   ;(01001011) (113) (75) (4B)   ;(01001011) (113) (75) (4B)   ;(01001011) (113) (75) (4B)   ;(01001011) (113) (75) (4B)   ;(01001011) (113) (75) (4B)   ;
;2328;(01001010) (112) (74) (4A)    ;(01001010) (112) (74) (4A)   ;(01001010) (112) (74) (4A)   ;(01001010) (112) (74) (4A)   ;(01001010) (112) (74) (4A)   ;(01001010) (112) (74) (4A)   ;(01001001) (111) (73) (49)   ;(01001001) (111) (73) (49)   ;
;2336;(01001001) (111) (73) (49)    ;(01001001) (111) (73) (49)   ;(01001001) (111) (73) (49)   ;(01001000) (110) (72) (48)   ;(01001000) (110) (72) (48)   ;(01001000) (110) (72) (48)   ;(01001000) (110) (72) (48)   ;(01001000) (110) (72) (48)   ;
;2344;(01001000) (110) (72) (48)    ;(01000111) (107) (71) (47)   ;(01000111) (107) (71) (47)   ;(01000111) (107) (71) (47)   ;(01000111) (107) (71) (47)   ;(01000111) (107) (71) (47)   ;(01000111) (107) (71) (47)   ;(01000110) (106) (70) (46)   ;
;2352;(01000110) (106) (70) (46)    ;(01000110) (106) (70) (46)   ;(01000110) (106) (70) (46)   ;(01000110) (106) (70) (46)   ;(01000101) (105) (69) (45)   ;(01000101) (105) (69) (45)   ;(01000101) (105) (69) (45)   ;(01000101) (105) (69) (45)   ;
;2360;(01000101) (105) (69) (45)    ;(01000101) (105) (69) (45)   ;(01000100) (104) (68) (44)   ;(01000100) (104) (68) (44)   ;(01000100) (104) (68) (44)   ;(01000100) (104) (68) (44)   ;(01000100) (104) (68) (44)   ;(01000100) (104) (68) (44)   ;
;2368;(01000011) (103) (67) (43)    ;(01000011) (103) (67) (43)   ;(01000011) (103) (67) (43)   ;(01000011) (103) (67) (43)   ;(01000011) (103) (67) (43)   ;(01000011) (103) (67) (43)   ;(01000010) (102) (66) (42)   ;(01000010) (102) (66) (42)   ;
;2376;(01000010) (102) (66) (42)    ;(01000010) (102) (66) (42)   ;(01000010) (102) (66) (42)   ;(01000010) (102) (66) (42)   ;(01000001) (101) (65) (41)   ;(01000001) (101) (65) (41)   ;(01000001) (101) (65) (41)   ;(01000001) (101) (65) (41)   ;
;2384;(01000001) (101) (65) (41)    ;(01000000) (100) (64) (40)   ;(01000000) (100) (64) (40)   ;(01000000) (100) (64) (40)   ;(01000000) (100) (64) (40)   ;(01000000) (100) (64) (40)   ;(01000000) (100) (64) (40)   ;(00111111) (77) (63) (3F)   ;
;2392;(00111111) (77) (63) (3F)    ;(00111111) (77) (63) (3F)   ;(00111111) (77) (63) (3F)   ;(00111111) (77) (63) (3F)   ;(00111111) (77) (63) (3F)   ;(00111110) (76) (62) (3E)   ;(00111110) (76) (62) (3E)   ;(00111110) (76) (62) (3E)   ;
;2400;(00111110) (76) (62) (3E)    ;(00111110) (76) (62) (3E)   ;(00111110) (76) (62) (3E)   ;(00111101) (75) (61) (3D)   ;(00111101) (75) (61) (3D)   ;(00111101) (75) (61) (3D)   ;(00111101) (75) (61) (3D)   ;(00111101) (75) (61) (3D)   ;
;2408;(00111101) (75) (61) (3D)    ;(00111100) (74) (60) (3C)   ;(00111100) (74) (60) (3C)   ;(00111100) (74) (60) (3C)   ;(00111100) (74) (60) (3C)   ;(00111100) (74) (60) (3C)   ;(00111100) (74) (60) (3C)   ;(00111011) (73) (59) (3B)   ;
;2416;(00111011) (73) (59) (3B)    ;(00111011) (73) (59) (3B)   ;(00111011) (73) (59) (3B)   ;(00111011) (73) (59) (3B)   ;(00111011) (73) (59) (3B)   ;(00111010) (72) (58) (3A)   ;(00111010) (72) (58) (3A)   ;(00111010) (72) (58) (3A)   ;
;2424;(00111010) (72) (58) (3A)    ;(00111010) (72) (58) (3A)   ;(00111010) (72) (58) (3A)   ;(00111001) (71) (57) (39)   ;(00111001) (71) (57) (39)   ;(00111001) (71) (57) (39)   ;(00111001) (71) (57) (39)   ;(00111001) (71) (57) (39)   ;
;2432;(00111001) (71) (57) (39)    ;(00111001) (71) (57) (39)   ;(00111000) (70) (56) (38)   ;(00111000) (70) (56) (38)   ;(00111000) (70) (56) (38)   ;(00111000) (70) (56) (38)   ;(00111000) (70) (56) (38)   ;(00111000) (70) (56) (38)   ;
;2440;(00110111) (67) (55) (37)    ;(00110111) (67) (55) (37)   ;(00110111) (67) (55) (37)   ;(00110111) (67) (55) (37)   ;(00110111) (67) (55) (37)   ;(00110111) (67) (55) (37)   ;(00110110) (66) (54) (36)   ;(00110110) (66) (54) (36)   ;
;2448;(00110110) (66) (54) (36)    ;(00110110) (66) (54) (36)   ;(00110110) (66) (54) (36)   ;(00110110) (66) (54) (36)   ;(00110101) (65) (53) (35)   ;(00110101) (65) (53) (35)   ;(00110101) (65) (53) (35)   ;(00110101) (65) (53) (35)   ;
;2456;(00110101) (65) (53) (35)    ;(00110101) (65) (53) (35)   ;(00110100) (64) (52) (34)   ;(00110100) (64) (52) (34)   ;(00110100) (64) (52) (34)   ;(00110100) (64) (52) (34)   ;(00110100) (64) (52) (34)   ;(00110100) (64) (52) (34)   ;
;2464;(00110100) (64) (52) (34)    ;(00110011) (63) (51) (33)   ;(00110011) (63) (51) (33)   ;(00110011) (63) (51) (33)   ;(00110011) (63) (51) (33)   ;(00110011) (63) (51) (33)   ;(00110011) (63) (51) (33)   ;(00110010) (62) (50) (32)   ;
;2472;(00110010) (62) (50) (32)    ;(00110010) (62) (50) (32)   ;(00110010) (62) (50) (32)   ;(00110010) (62) (50) (32)   ;(00110010) (62) (50) (32)   ;(00110010) (62) (50) (32)   ;(00110001) (61) (49) (31)   ;(00110001) (61) (49) (31)   ;
;2480;(00110001) (61) (49) (31)    ;(00110001) (61) (49) (31)   ;(00110001) (61) (49) (31)   ;(00110001) (61) (49) (31)   ;(00110000) (60) (48) (30)   ;(00110000) (60) (48) (30)   ;(00110000) (60) (48) (30)   ;(00110000) (60) (48) (30)   ;
;2488;(00110000) (60) (48) (30)    ;(00110000) (60) (48) (30)   ;(00110000) (60) (48) (30)   ;(00101111) (57) (47) (2F)   ;(00101111) (57) (47) (2F)   ;(00101111) (57) (47) (2F)   ;(00101111) (57) (47) (2F)   ;(00101111) (57) (47) (2F)   ;
;2496;(00101111) (57) (47) (2F)    ;(00101110) (56) (46) (2E)   ;(00101110) (56) (46) (2E)   ;(00101110) (56) (46) (2E)   ;(00101110) (56) (46) (2E)   ;(00101110) (56) (46) (2E)   ;(00101110) (56) (46) (2E)   ;(00101110) (56) (46) (2E)   ;
;2504;(00101101) (55) (45) (2D)    ;(00101101) (55) (45) (2D)   ;(00101101) (55) (45) (2D)   ;(00101101) (55) (45) (2D)   ;(00101101) (55) (45) (2D)   ;(00101101) (55) (45) (2D)   ;(00101101) (55) (45) (2D)   ;(00101100) (54) (44) (2C)   ;
;2512;(00101100) (54) (44) (2C)    ;(00101100) (54) (44) (2C)   ;(00101100) (54) (44) (2C)   ;(00101100) (54) (44) (2C)   ;(00101100) (54) (44) (2C)   ;(00101011) (53) (43) (2B)   ;(00101011) (53) (43) (2B)   ;(00101011) (53) (43) (2B)   ;
;2520;(00101011) (53) (43) (2B)    ;(00101011) (53) (43) (2B)   ;(00101011) (53) (43) (2B)   ;(00101011) (53) (43) (2B)   ;(00101010) (52) (42) (2A)   ;(00101010) (52) (42) (2A)   ;(00101010) (52) (42) (2A)   ;(00101010) (52) (42) (2A)   ;
;2528;(00101010) (52) (42) (2A)    ;(00101010) (52) (42) (2A)   ;(00101010) (52) (42) (2A)   ;(00101001) (51) (41) (29)   ;(00101001) (51) (41) (29)   ;(00101001) (51) (41) (29)   ;(00101001) (51) (41) (29)   ;(00101001) (51) (41) (29)   ;
;2536;(00101001) (51) (41) (29)    ;(00101001) (51) (41) (29)   ;(00101000) (50) (40) (28)   ;(00101000) (50) (40) (28)   ;(00101000) (50) (40) (28)   ;(00101000) (50) (40) (28)   ;(00101000) (50) (40) (28)   ;(00101000) (50) (40) (28)   ;
;2544;(00101000) (50) (40) (28)    ;(00100111) (47) (39) (27)   ;(00100111) (47) (39) (27)   ;(00100111) (47) (39) (27)   ;(00100111) (47) (39) (27)   ;(00100111) (47) (39) (27)   ;(00100111) (47) (39) (27)   ;(00100111) (47) (39) (27)   ;
;2552;(00100110) (46) (38) (26)    ;(00100110) (46) (38) (26)   ;(00100110) (46) (38) (26)   ;(00100110) (46) (38) (26)   ;(00100110) (46) (38) (26)   ;(00100110) (46) (38) (26)   ;(00100110) (46) (38) (26)   ;(00100101) (45) (37) (25)   ;
;2560;(00100101) (45) (37) (25)    ;(00100101) (45) (37) (25)   ;(00100101) (45) (37) (25)   ;(00100101) (45) (37) (25)   ;(00100101) (45) (37) (25)   ;(00100101) (45) (37) (25)   ;(00100101) (45) (37) (25)   ;(00100100) (44) (36) (24)   ;
;2568;(00100100) (44) (36) (24)    ;(00100100) (44) (36) (24)   ;(00100100) (44) (36) (24)   ;(00100100) (44) (36) (24)   ;(00100100) (44) (36) (24)   ;(00100100) (44) (36) (24)   ;(00100011) (43) (35) (23)   ;(00100011) (43) (35) (23)   ;
;2576;(00100011) (43) (35) (23)    ;(00100011) (43) (35) (23)   ;(00100011) (43) (35) (23)   ;(00100011) (43) (35) (23)   ;(00100011) (43) (35) (23)   ;(00100010) (42) (34) (22)   ;(00100010) (42) (34) (22)   ;(00100010) (42) (34) (22)   ;
;2584;(00100010) (42) (34) (22)    ;(00100010) (42) (34) (22)   ;(00100010) (42) (34) (22)   ;(00100010) (42) (34) (22)   ;(00100010) (42) (34) (22)   ;(00100001) (41) (33) (21)   ;(00100001) (41) (33) (21)   ;(00100001) (41) (33) (21)   ;
;2592;(00100001) (41) (33) (21)    ;(00100001) (41) (33) (21)   ;(00100001) (41) (33) (21)   ;(00100001) (41) (33) (21)   ;(00100001) (41) (33) (21)   ;(00100000) (40) (32) (20)   ;(00100000) (40) (32) (20)   ;(00100000) (40) (32) (20)   ;
;2600;(00100000) (40) (32) (20)    ;(00100000) (40) (32) (20)   ;(00100000) (40) (32) (20)   ;(00100000) (40) (32) (20)   ;(00011111) (37) (31) (1F)   ;(00011111) (37) (31) (1F)   ;(00011111) (37) (31) (1F)   ;(00011111) (37) (31) (1F)   ;
;2608;(00011111) (37) (31) (1F)    ;(00011111) (37) (31) (1F)   ;(00011111) (37) (31) (1F)   ;(00011111) (37) (31) (1F)   ;(00011110) (36) (30) (1E)   ;(00011110) (36) (30) (1E)   ;(00011110) (36) (30) (1E)   ;(00011110) (36) (30) (1E)   ;
;2616;(00011110) (36) (30) (1E)    ;(00011110) (36) (30) (1E)   ;(00011110) (36) (30) (1E)   ;(00011110) (36) (30) (1E)   ;(00011101) (35) (29) (1D)   ;(00011101) (35) (29) (1D)   ;(00011101) (35) (29) (1D)   ;(00011101) (35) (29) (1D)   ;
;2624;(00011101) (35) (29) (1D)    ;(00011101) (35) (29) (1D)   ;(00011101) (35) (29) (1D)   ;(00011101) (35) (29) (1D)   ;(00011100) (34) (28) (1C)   ;(00011100) (34) (28) (1C)   ;(00011100) (34) (28) (1C)   ;(00011100) (34) (28) (1C)   ;
;2632;(00011100) (34) (28) (1C)    ;(00011100) (34) (28) (1C)   ;(00011100) (34) (28) (1C)   ;(00011100) (34) (28) (1C)   ;(00011011) (33) (27) (1B)   ;(00011011) (33) (27) (1B)   ;(00011011) (33) (27) (1B)   ;(00011011) (33) (27) (1B)   ;
;2640;(00011011) (33) (27) (1B)    ;(00011011) (33) (27) (1B)   ;(00011011) (33) (27) (1B)   ;(00011011) (33) (27) (1B)   ;(00011011) (33) (27) (1B)   ;(00011010) (32) (26) (1A)   ;(00011010) (32) (26) (1A)   ;(00011010) (32) (26) (1A)   ;
;2648;(00011010) (32) (26) (1A)    ;(00011010) (32) (26) (1A)   ;(00011010) (32) (26) (1A)   ;(00011010) (32) (26) (1A)   ;(00011010) (32) (26) (1A)   ;(00011001) (31) (25) (19)   ;(00011001) (31) (25) (19)   ;(00011001) (31) (25) (19)   ;
;2656;(00011001) (31) (25) (19)    ;(00011001) (31) (25) (19)   ;(00011001) (31) (25) (19)   ;(00011001) (31) (25) (19)   ;(00011001) (31) (25) (19)   ;(00011001) (31) (25) (19)   ;(00011000) (30) (24) (18)   ;(00011000) (30) (24) (18)   ;
;2664;(00011000) (30) (24) (18)    ;(00011000) (30) (24) (18)   ;(00011000) (30) (24) (18)   ;(00011000) (30) (24) (18)   ;(00011000) (30) (24) (18)   ;(00011000) (30) (24) (18)   ;(00010111) (27) (23) (17)   ;(00010111) (27) (23) (17)   ;
;2672;(00010111) (27) (23) (17)    ;(00010111) (27) (23) (17)   ;(00010111) (27) (23) (17)   ;(00010111) (27) (23) (17)   ;(00010111) (27) (23) (17)   ;(00010111) (27) (23) (17)   ;(00010111) (27) (23) (17)   ;(00010110) (26) (22) (16)   ;
;2680;(00010110) (26) (22) (16)    ;(00010110) (26) (22) (16)   ;(00010110) (26) (22) (16)   ;(00010110) (26) (22) (16)   ;(00010110) (26) (22) (16)   ;(00010110) (26) (22) (16)   ;(00010110) (26) (22) (16)   ;(00010110) (26) (22) (16)   ;
;2688;(00010101) (25) (21) (15)    ;(00010101) (25) (21) (15)   ;(00010101) (25) (21) (15)   ;(00010101) (25) (21) (15)   ;(00010101) (25) (21) (15)   ;(00010101) (25) (21) (15)   ;(00010101) (25) (21) (15)   ;(00010101) (25) (21) (15)   ;
;2696;(00010101) (25) (21) (15)    ;(00010101) (25) (21) (15)   ;(00010100) (24) (20) (14)   ;(00010100) (24) (20) (14)   ;(00010100) (24) (20) (14)   ;(00010100) (24) (20) (14)   ;(00010100) (24) (20) (14)   ;(00010100) (24) (20) (14)   ;
;2704;(00010100) (24) (20) (14)    ;(00010100) (24) (20) (14)   ;(00010100) (24) (20) (14)   ;(00010011) (23) (19) (13)   ;(00010011) (23) (19) (13)   ;(00010011) (23) (19) (13)   ;(00010011) (23) (19) (13)   ;(00010011) (23) (19) (13)   ;
;2712;(00010011) (23) (19) (13)    ;(00010011) (23) (19) (13)   ;(00010011) (23) (19) (13)   ;(00010011) (23) (19) (13)   ;(00010011) (23) (19) (13)   ;(00010010) (22) (18) (12)   ;(00010010) (22) (18) (12)   ;(00010010) (22) (18) (12)   ;
;2720;(00010010) (22) (18) (12)    ;(00010010) (22) (18) (12)   ;(00010010) (22) (18) (12)   ;(00010010) (22) (18) (12)   ;(00010010) (22) (18) (12)   ;(00010010) (22) (18) (12)   ;(00010010) (22) (18) (12)   ;(00010001) (21) (17) (11)   ;
;2728;(00010001) (21) (17) (11)    ;(00010001) (21) (17) (11)   ;(00010001) (21) (17) (11)   ;(00010001) (21) (17) (11)   ;(00010001) (21) (17) (11)   ;(00010001) (21) (17) (11)   ;(00010001) (21) (17) (11)   ;(00010001) (21) (17) (11)   ;
;2736;(00010001) (21) (17) (11)    ;(00010000) (20) (16) (10)   ;(00010000) (20) (16) (10)   ;(00010000) (20) (16) (10)   ;(00010000) (20) (16) (10)   ;(00010000) (20) (16) (10)   ;(00010000) (20) (16) (10)   ;(00010000) (20) (16) (10)   ;
;2744;(00010000) (20) (16) (10)    ;(00010000) (20) (16) (10)   ;(00010000) (20) (16) (10)   ;(00010000) (20) (16) (10)   ;(00001111) (17) (15) (0F)   ;(00001111) (17) (15) (0F)   ;(00001111) (17) (15) (0F)   ;(00001111) (17) (15) (0F)   ;
;2752;(00001111) (17) (15) (0F)    ;(00001111) (17) (15) (0F)   ;(00001111) (17) (15) (0F)   ;(00001111) (17) (15) (0F)   ;(00001111) (17) (15) (0F)   ;(00001111) (17) (15) (0F)   ;(00001111) (17) (15) (0F)   ;(00001110) (16) (14) (0E)   ;
;2760;(00001110) (16) (14) (0E)    ;(00001110) (16) (14) (0E)   ;(00001110) (16) (14) (0E)   ;(00001110) (16) (14) (0E)   ;(00001110) (16) (14) (0E)   ;(00001110) (16) (14) (0E)   ;(00001110) (16) (14) (0E)   ;(00001110) (16) (14) (0E)   ;
;2768;(00001110) (16) (14) (0E)    ;(00001110) (16) (14) (0E)   ;(00001101) (15) (13) (0D)   ;(00001101) (15) (13) (0D)   ;(00001101) (15) (13) (0D)   ;(00001101) (15) (13) (0D)   ;(00001101) (15) (13) (0D)   ;(00001101) (15) (13) (0D)   ;
;2776;(00001101) (15) (13) (0D)    ;(00001101) (15) (13) (0D)   ;(00001101) (15) (13) (0D)   ;(00001101) (15) (13) (0D)   ;(00001101) (15) (13) (0D)   ;(00001100) (14) (12) (0C)   ;(00001100) (14) (12) (0C)   ;(00001100) (14) (12) (0C)   ;
;2784;(00001100) (14) (12) (0C)    ;(00001100) (14) (12) (0C)   ;(00001100) (14) (12) (0C)   ;(00001100) (14) (12) (0C)   ;(00001100) (14) (12) (0C)   ;(00001100) (14) (12) (0C)   ;(00001100) (14) (12) (0C)   ;(00001100) (14) (12) (0C)   ;
;2792;(00001100) (14) (12) (0C)    ;(00001011) (13) (11) (0B)   ;(00001011) (13) (11) (0B)   ;(00001011) (13) (11) (0B)   ;(00001011) (13) (11) (0B)   ;(00001011) (13) (11) (0B)   ;(00001011) (13) (11) (0B)   ;(00001011) (13) (11) (0B)   ;
;2800;(00001011) (13) (11) (0B)    ;(00001011) (13) (11) (0B)   ;(00001011) (13) (11) (0B)   ;(00001011) (13) (11) (0B)   ;(00001011) (13) (11) (0B)   ;(00001011) (13) (11) (0B)   ;(00001010) (12) (10) (0A)   ;(00001010) (12) (10) (0A)   ;
;2808;(00001010) (12) (10) (0A)    ;(00001010) (12) (10) (0A)   ;(00001010) (12) (10) (0A)   ;(00001010) (12) (10) (0A)   ;(00001010) (12) (10) (0A)   ;(00001010) (12) (10) (0A)   ;(00001010) (12) (10) (0A)   ;(00001010) (12) (10) (0A)   ;
;2816;(00001010) (12) (10) (0A)    ;(00001010) (12) (10) (0A)   ;(00001010) (12) (10) (0A)   ;(00001001) (11) (9) (09)   ;(00001001) (11) (9) (09)   ;(00001001) (11) (9) (09)   ;(00001001) (11) (9) (09)   ;(00001001) (11) (9) (09)   ;
;2824;(00001001) (11) (9) (09)    ;(00001001) (11) (9) (09)   ;(00001001) (11) (9) (09)   ;(00001001) (11) (9) (09)   ;(00001001) (11) (9) (09)   ;(00001001) (11) (9) (09)   ;(00001001) (11) (9) (09)   ;(00001001) (11) (9) (09)   ;
;2832;(00001001) (11) (9) (09)    ;(00001000) (10) (8) (08)   ;(00001000) (10) (8) (08)   ;(00001000) (10) (8) (08)   ;(00001000) (10) (8) (08)   ;(00001000) (10) (8) (08)   ;(00001000) (10) (8) (08)   ;(00001000) (10) (8) (08)   ;
;2840;(00001000) (10) (8) (08)    ;(00001000) (10) (8) (08)   ;(00001000) (10) (8) (08)   ;(00001000) (10) (8) (08)   ;(00001000) (10) (8) (08)   ;(00001000) (10) (8) (08)   ;(00001000) (10) (8) (08)   ;(00001000) (10) (8) (08)   ;
;2848;(00000111) (7) (7) (07)    ;(00000111) (7) (7) (07)   ;(00000111) (7) (7) (07)   ;(00000111) (7) (7) (07)   ;(00000111) (7) (7) (07)   ;(00000111) (7) (7) (07)   ;(00000111) (7) (7) (07)   ;(00000111) (7) (7) (07)   ;
;2856;(00000111) (7) (7) (07)    ;(00000111) (7) (7) (07)   ;(00000111) (7) (7) (07)   ;(00000111) (7) (7) (07)   ;(00000111) (7) (7) (07)   ;(00000111) (7) (7) (07)   ;(00000111) (7) (7) (07)   ;(00000110) (6) (6) (06)   ;
;2864;(00000110) (6) (6) (06)    ;(00000110) (6) (6) (06)   ;(00000110) (6) (6) (06)   ;(00000110) (6) (6) (06)   ;(00000110) (6) (6) (06)   ;(00000110) (6) (6) (06)   ;(00000110) (6) (6) (06)   ;(00000110) (6) (6) (06)   ;
;2872;(00000110) (6) (6) (06)    ;(00000110) (6) (6) (06)   ;(00000110) (6) (6) (06)   ;(00000110) (6) (6) (06)   ;(00000110) (6) (6) (06)   ;(00000110) (6) (6) (06)   ;(00000110) (6) (6) (06)   ;(00000110) (6) (6) (06)   ;
;2880;(00000101) (5) (5) (05)    ;(00000101) (5) (5) (05)   ;(00000101) (5) (5) (05)   ;(00000101) (5) (5) (05)   ;(00000101) (5) (5) (05)   ;(00000101) (5) (5) (05)   ;(00000101) (5) (5) (05)   ;(00000101) (5) (5) (05)   ;
;2888;(00000101) (5) (5) (05)    ;(00000101) (5) (5) (05)   ;(00000101) (5) (5) (05)   ;(00000101) (5) (5) (05)   ;(00000101) (5) (5) (05)   ;(00000101) (5) (5) (05)   ;(00000101) (5) (5) (05)   ;(00000101) (5) (5) (05)   ;
;2896;(00000101) (5) (5) (05)    ;(00000101) (5) (5) (05)   ;(00000101) (5) (5) (05)   ;(00000100) (4) (4) (04)   ;(00000100) (4) (4) (04)   ;(00000100) (4) (4) (04)   ;(00000100) (4) (4) (04)   ;(00000100) (4) (4) (04)   ;
;2904;(00000100) (4) (4) (04)    ;(00000100) (4) (4) (04)   ;(00000100) (4) (4) (04)   ;(00000100) (4) (4) (04)   ;(00000100) (4) (4) (04)   ;(00000100) (4) (4) (04)   ;(00000100) (4) (4) (04)   ;(00000100) (4) (4) (04)   ;
;2912;(00000100) (4) (4) (04)    ;(00000100) (4) (4) (04)   ;(00000100) (4) (4) (04)   ;(00000100) (4) (4) (04)   ;(00000100) (4) (4) (04)   ;(00000100) (4) (4) (04)   ;(00000100) (4) (4) (04)   ;(00000011) (3) (3) (03)   ;
;2920;(00000011) (3) (3) (03)    ;(00000011) (3) (3) (03)   ;(00000011) (3) (3) (03)   ;(00000011) (3) (3) (03)   ;(00000011) (3) (3) (03)   ;(00000011) (3) (3) (03)   ;(00000011) (3) (3) (03)   ;(00000011) (3) (3) (03)   ;
;2928;(00000011) (3) (3) (03)    ;(00000011) (3) (3) (03)   ;(00000011) (3) (3) (03)   ;(00000011) (3) (3) (03)   ;(00000011) (3) (3) (03)   ;(00000011) (3) (3) (03)   ;(00000011) (3) (3) (03)   ;(00000011) (3) (3) (03)   ;
;2936;(00000011) (3) (3) (03)    ;(00000011) (3) (3) (03)   ;(00000011) (3) (3) (03)   ;(00000011) (3) (3) (03)   ;(00000011) (3) (3) (03)   ;(00000011) (3) (3) (03)   ;(00000011) (3) (3) (03)   ;(00000010) (2) (2) (02)   ;
;2944;(00000010) (2) (2) (02)    ;(00000010) (2) (2) (02)   ;(00000010) (2) (2) (02)   ;(00000010) (2) (2) (02)   ;(00000010) (2) (2) (02)   ;(00000010) (2) (2) (02)   ;(00000010) (2) (2) (02)   ;(00000010) (2) (2) (02)   ;
;2952;(00000010) (2) (2) (02)    ;(00000010) (2) (2) (02)   ;(00000010) (2) (2) (02)   ;(00000010) (2) (2) (02)   ;(00000010) (2) (2) (02)   ;(00000010) (2) (2) (02)   ;(00000010) (2) (2) (02)   ;(00000010) (2) (2) (02)   ;
;2960;(00000010) (2) (2) (02)    ;(00000010) (2) (2) (02)   ;(00000010) (2) (2) (02)   ;(00000010) (2) (2) (02)   ;(00000010) (2) (2) (02)   ;(00000010) (2) (2) (02)   ;(00000010) (2) (2) (02)   ;(00000010) (2) (2) (02)   ;
;2968;(00000010) (2) (2) (02)    ;(00000010) (2) (2) (02)   ;(00000010) (2) (2) (02)   ;(00000010) (2) (2) (02)   ;(00000001) (1) (1) (01)   ;(00000001) (1) (1) (01)   ;(00000001) (1) (1) (01)   ;(00000001) (1) (1) (01)   ;
;2976;(00000001) (1) (1) (01)    ;(00000001) (1) (1) (01)   ;(00000001) (1) (1) (01)   ;(00000001) (1) (1) (01)   ;(00000001) (1) (1) (01)   ;(00000001) (1) (1) (01)   ;(00000001) (1) (1) (01)   ;(00000001) (1) (1) (01)   ;
;2984;(00000001) (1) (1) (01)    ;(00000001) (1) (1) (01)   ;(00000001) (1) (1) (01)   ;(00000001) (1) (1) (01)   ;(00000001) (1) (1) (01)   ;(00000001) (1) (1) (01)   ;(00000001) (1) (1) (01)   ;(00000001) (1) (1) (01)   ;
;2992;(00000001) (1) (1) (01)    ;(00000001) (1) (1) (01)   ;(00000001) (1) (1) (01)   ;(00000001) (1) (1) (01)   ;(00000001) (1) (1) (01)   ;(00000001) (1) (1) (01)   ;(00000001) (1) (1) (01)   ;(00000001) (1) (1) (01)   ;
;3000;(00000001) (1) (1) (01)    ;(00000001) (1) (1) (01)   ;(00000001) (1) (1) (01)   ;(00000001) (1) (1) (01)   ;(00000001) (1) (1) (01)   ;(00000001) (1) (1) (01)   ;(00000001) (1) (1) (01)   ;(00000001) (1) (1) (01)   ;
;3008;(00000001) (1) (1) (01)    ;(00000001) (1) (1) (01)   ;(00000001) (1) (1) (01)   ;(00000001) (1) (1) (01)   ;(00000001) (1) (1) (01)   ;(00000001) (1) (1) (01)   ;(00000001) (1) (1) (01)   ;(00000000) (0) (0) (00)   ;
;3016;(00000000) (0) (0) (00)    ;(00000000) (0) (0) (00)   ;(00000000) (0) (0) (00)   ;(00000000) (0) (0) (00)   ;(00000000) (0) (0) (00)   ;(00000000) (0) (0) (00)   ;(00000000) (0) (0) (00)   ;(00000000) (0) (0) (00)   ;
;3024;(00000000) (0) (0) (00)    ;(00000000) (0) (0) (00)   ;(00000000) (0) (0) (00)   ;(00000000) (0) (0) (00)   ;(00000000) (0) (0) (00)   ;(00000000) (0) (0) (00)   ;(00000000) (0) (0) (00)   ;(00000000) (0) (0) (00)   ;
;3032;(00000000) (0) (0) (00)    ;(00000000) (0) (0) (00)   ;(00000000) (0) (0) (00)   ;(00000000) (0) (0) (00)   ;(00000000) (0) (0) (00)   ;(00000000) (0) (0) (00)   ;(00000000) (0) (0) (00)   ;(00000000) (0) (0) (00)   ;
;3040;(00000000) (0) (0) (00)    ;(00000000) (0) (0) (00)   ;(00000000) (0) (0) (00)   ;(00000000) (0) (0) (00)   ;(00000000) (0) (0) (00)   ;(00000000) (0) (0) (00)   ;(00000000) (0) (0) (00)   ;(00000000) (0) (0) (00)   ;
;3048;(00000000) (0) (0) (00)    ;(00000000) (0) (0) (00)   ;(00000000) (0) (0) (00)   ;(00000000) (0) (0) (00)   ;(00000000) (0) (0) (00)   ;(00000000) (0) (0) (00)   ;(00000000) (0) (0) (00)   ;(00000000) (0) (0) (00)   ;
;3056;(00000000) (0) (0) (00)    ;(00000000) (0) (0) (00)   ;(00000000) (0) (0) (00)   ;(00000000) (0) (0) (00)   ;(00000000) (0) (0) (00)   ;(00000000) (0) (0) (00)   ;(00000000) (0) (0) (00)   ;(00000000) (0) (0) (00)   ;
;3064;(00000000) (0) (0) (00)    ;(00000000) (0) (0) (00)   ;(00000000) (0) (0) (00)   ;(00000000) (0) (0) (00)   ;(00000000) (0) (0) (00)   ;(00000000) (0) (0) (00)   ;(00000000) (0) (0) (00)   ;(00000000) (0) (0) (00)   ;
;3072;(00000000) (0) (0) (00)    ;(00000000) (0) (0) (00)   ;(00000000) (0) (0) (00)   ;(00000000) (0) (0) (00)   ;(00000000) (0) (0) (00)   ;(00000000) (0) (0) (00)   ;(00000000) (0) (0) (00)   ;(00000000) (0) (0) (00)   ;
;3080;(00000000) (0) (0) (00)    ;(00000000) (0) (0) (00)   ;(00000000) (0) (0) (00)   ;(00000000) (0) (0) (00)   ;(00000000) (0) (0) (00)   ;(00000000) (0) (0) (00)   ;(00000000) (0) (0) (00)   ;(00000000) (0) (0) (00)   ;
;3088;(00000000) (0) (0) (00)    ;(00000000) (0) (0) (00)   ;(00000000) (0) (0) (00)   ;(00000000) (0) (0) (00)   ;(00000000) (0) (0) (00)   ;(00000000) (0) (0) (00)   ;(00000000) (0) (0) (00)   ;(00000000) (0) (0) (00)   ;
;3096;(00000000) (0) (0) (00)    ;(00000000) (0) (0) (00)   ;(00000000) (0) (0) (00)   ;(00000000) (0) (0) (00)   ;(00000000) (0) (0) (00)   ;(00000000) (0) (0) (00)   ;(00000000) (0) (0) (00)   ;(00000000) (0) (0) (00)   ;
;3104;(00000000) (0) (0) (00)    ;(00000000) (0) (0) (00)   ;(00000000) (0) (0) (00)   ;(00000000) (0) (0) (00)   ;(00000000) (0) (0) (00)   ;(00000000) (0) (0) (00)   ;(00000000) (0) (0) (00)   ;(00000000) (0) (0) (00)   ;
;3112;(00000000) (0) (0) (00)    ;(00000000) (0) (0) (00)   ;(00000000) (0) (0) (00)   ;(00000000) (0) (0) (00)   ;(00000000) (0) (0) (00)   ;(00000000) (0) (0) (00)   ;(00000000) (0) (0) (00)   ;(00000000) (0) (0) (00)   ;
;3120;(00000000) (0) (0) (00)    ;(00000000) (0) (0) (00)   ;(00000000) (0) (0) (00)   ;(00000000) (0) (0) (00)   ;(00000000) (0) (0) (00)   ;(00000000) (0) (0) (00)   ;(00000000) (0) (0) (00)   ;(00000000) (0) (0) (00)   ;
;3128;(00000000) (0) (0) (00)    ;(00000000) (0) (0) (00)   ;(00000001) (1) (1) (01)   ;(00000001) (1) (1) (01)   ;(00000001) (1) (1) (01)   ;(00000001) (1) (1) (01)   ;(00000001) (1) (1) (01)   ;(00000001) (1) (1) (01)   ;
;3136;(00000001) (1) (1) (01)    ;(00000001) (1) (1) (01)   ;(00000001) (1) (1) (01)   ;(00000001) (1) (1) (01)   ;(00000001) (1) (1) (01)   ;(00000001) (1) (1) (01)   ;(00000001) (1) (1) (01)   ;(00000001) (1) (1) (01)   ;
;3144;(00000001) (1) (1) (01)    ;(00000001) (1) (1) (01)   ;(00000001) (1) (1) (01)   ;(00000001) (1) (1) (01)   ;(00000001) (1) (1) (01)   ;(00000001) (1) (1) (01)   ;(00000001) (1) (1) (01)   ;(00000001) (1) (1) (01)   ;
;3152;(00000001) (1) (1) (01)    ;(00000001) (1) (1) (01)   ;(00000001) (1) (1) (01)   ;(00000001) (1) (1) (01)   ;(00000001) (1) (1) (01)   ;(00000001) (1) (1) (01)   ;(00000001) (1) (1) (01)   ;(00000001) (1) (1) (01)   ;
;3160;(00000001) (1) (1) (01)    ;(00000001) (1) (1) (01)   ;(00000001) (1) (1) (01)   ;(00000001) (1) (1) (01)   ;(00000001) (1) (1) (01)   ;(00000001) (1) (1) (01)   ;(00000001) (1) (1) (01)   ;(00000001) (1) (1) (01)   ;
;3168;(00000001) (1) (1) (01)    ;(00000001) (1) (1) (01)   ;(00000001) (1) (1) (01)   ;(00000001) (1) (1) (01)   ;(00000001) (1) (1) (01)   ;(00000010) (2) (2) (02)   ;(00000010) (2) (2) (02)   ;(00000010) (2) (2) (02)   ;
;3176;(00000010) (2) (2) (02)    ;(00000010) (2) (2) (02)   ;(00000010) (2) (2) (02)   ;(00000010) (2) (2) (02)   ;(00000010) (2) (2) (02)   ;(00000010) (2) (2) (02)   ;(00000010) (2) (2) (02)   ;(00000010) (2) (2) (02)   ;
;3184;(00000010) (2) (2) (02)    ;(00000010) (2) (2) (02)   ;(00000010) (2) (2) (02)   ;(00000010) (2) (2) (02)   ;(00000010) (2) (2) (02)   ;(00000010) (2) (2) (02)   ;(00000010) (2) (2) (02)   ;(00000010) (2) (2) (02)   ;
;3192;(00000010) (2) (2) (02)    ;(00000010) (2) (2) (02)   ;(00000010) (2) (2) (02)   ;(00000010) (2) (2) (02)   ;(00000010) (2) (2) (02)   ;(00000010) (2) (2) (02)   ;(00000010) (2) (2) (02)   ;(00000010) (2) (2) (02)   ;
;3200;(00000010) (2) (2) (02)    ;(00000010) (2) (2) (02)   ;(00000011) (3) (3) (03)   ;(00000011) (3) (3) (03)   ;(00000011) (3) (3) (03)   ;(00000011) (3) (3) (03)   ;(00000011) (3) (3) (03)   ;(00000011) (3) (3) (03)   ;
;3208;(00000011) (3) (3) (03)    ;(00000011) (3) (3) (03)   ;(00000011) (3) (3) (03)   ;(00000011) (3) (3) (03)   ;(00000011) (3) (3) (03)   ;(00000011) (3) (3) (03)   ;(00000011) (3) (3) (03)   ;(00000011) (3) (3) (03)   ;
;3216;(00000011) (3) (3) (03)    ;(00000011) (3) (3) (03)   ;(00000011) (3) (3) (03)   ;(00000011) (3) (3) (03)   ;(00000011) (3) (3) (03)   ;(00000011) (3) (3) (03)   ;(00000011) (3) (3) (03)   ;(00000011) (3) (3) (03)   ;
;3224;(00000011) (3) (3) (03)    ;(00000011) (3) (3) (03)   ;(00000100) (4) (4) (04)   ;(00000100) (4) (4) (04)   ;(00000100) (4) (4) (04)   ;(00000100) (4) (4) (04)   ;(00000100) (4) (4) (04)   ;(00000100) (4) (4) (04)   ;
;3232;(00000100) (4) (4) (04)    ;(00000100) (4) (4) (04)   ;(00000100) (4) (4) (04)   ;(00000100) (4) (4) (04)   ;(00000100) (4) (4) (04)   ;(00000100) (4) (4) (04)   ;(00000100) (4) (4) (04)   ;(00000100) (4) (4) (04)   ;
;3240;(00000100) (4) (4) (04)    ;(00000100) (4) (4) (04)   ;(00000100) (4) (4) (04)   ;(00000100) (4) (4) (04)   ;(00000100) (4) (4) (04)   ;(00000100) (4) (4) (04)   ;(00000101) (5) (5) (05)   ;(00000101) (5) (5) (05)   ;
;3248;(00000101) (5) (5) (05)    ;(00000101) (5) (5) (05)   ;(00000101) (5) (5) (05)   ;(00000101) (5) (5) (05)   ;(00000101) (5) (5) (05)   ;(00000101) (5) (5) (05)   ;(00000101) (5) (5) (05)   ;(00000101) (5) (5) (05)   ;
;3256;(00000101) (5) (5) (05)    ;(00000101) (5) (5) (05)   ;(00000101) (5) (5) (05)   ;(00000101) (5) (5) (05)   ;(00000101) (5) (5) (05)   ;(00000101) (5) (5) (05)   ;(00000101) (5) (5) (05)   ;(00000101) (5) (5) (05)   ;
;3264;(00000101) (5) (5) (05)    ;(00000110) (6) (6) (06)   ;(00000110) (6) (6) (06)   ;(00000110) (6) (6) (06)   ;(00000110) (6) (6) (06)   ;(00000110) (6) (6) (06)   ;(00000110) (6) (6) (06)   ;(00000110) (6) (6) (06)   ;
;3272;(00000110) (6) (6) (06)    ;(00000110) (6) (6) (06)   ;(00000110) (6) (6) (06)   ;(00000110) (6) (6) (06)   ;(00000110) (6) (6) (06)   ;(00000110) (6) (6) (06)   ;(00000110) (6) (6) (06)   ;(00000110) (6) (6) (06)   ;
;3280;(00000110) (6) (6) (06)    ;(00000110) (6) (6) (06)   ;(00000111) (7) (7) (07)   ;(00000111) (7) (7) (07)   ;(00000111) (7) (7) (07)   ;(00000111) (7) (7) (07)   ;(00000111) (7) (7) (07)   ;(00000111) (7) (7) (07)   ;
;3288;(00000111) (7) (7) (07)    ;(00000111) (7) (7) (07)   ;(00000111) (7) (7) (07)   ;(00000111) (7) (7) (07)   ;(00000111) (7) (7) (07)   ;(00000111) (7) (7) (07)   ;(00000111) (7) (7) (07)   ;(00000111) (7) (7) (07)   ;
;3296;(00000111) (7) (7) (07)    ;(00001000) (10) (8) (08)   ;(00001000) (10) (8) (08)   ;(00001000) (10) (8) (08)   ;(00001000) (10) (8) (08)   ;(00001000) (10) (8) (08)   ;(00001000) (10) (8) (08)   ;(00001000) (10) (8) (08)   ;
;3304;(00001000) (10) (8) (08)    ;(00001000) (10) (8) (08)   ;(00001000) (10) (8) (08)   ;(00001000) (10) (8) (08)   ;(00001000) (10) (8) (08)   ;(00001000) (10) (8) (08)   ;(00001000) (10) (8) (08)   ;(00001000) (10) (8) (08)   ;
;3312;(00001001) (11) (9) (09)    ;(00001001) (11) (9) (09)   ;(00001001) (11) (9) (09)   ;(00001001) (11) (9) (09)   ;(00001001) (11) (9) (09)   ;(00001001) (11) (9) (09)   ;(00001001) (11) (9) (09)   ;(00001001) (11) (9) (09)   ;
;3320;(00001001) (11) (9) (09)    ;(00001001) (11) (9) (09)   ;(00001001) (11) (9) (09)   ;(00001001) (11) (9) (09)   ;(00001001) (11) (9) (09)   ;(00001001) (11) (9) (09)   ;(00001010) (12) (10) (0A)   ;(00001010) (12) (10) (0A)   ;
;3328;(00001010) (12) (10) (0A)    ;(00001010) (12) (10) (0A)   ;(00001010) (12) (10) (0A)   ;(00001010) (12) (10) (0A)   ;(00001010) (12) (10) (0A)   ;(00001010) (12) (10) (0A)   ;(00001010) (12) (10) (0A)   ;(00001010) (12) (10) (0A)   ;
;3336;(00001010) (12) (10) (0A)    ;(00001010) (12) (10) (0A)   ;(00001010) (12) (10) (0A)   ;(00001011) (13) (11) (0B)   ;(00001011) (13) (11) (0B)   ;(00001011) (13) (11) (0B)   ;(00001011) (13) (11) (0B)   ;(00001011) (13) (11) (0B)   ;
;3344;(00001011) (13) (11) (0B)    ;(00001011) (13) (11) (0B)   ;(00001011) (13) (11) (0B)   ;(00001011) (13) (11) (0B)   ;(00001011) (13) (11) (0B)   ;(00001011) (13) (11) (0B)   ;(00001011) (13) (11) (0B)   ;(00001011) (13) (11) (0B)   ;
;3352;(00001100) (14) (12) (0C)    ;(00001100) (14) (12) (0C)   ;(00001100) (14) (12) (0C)   ;(00001100) (14) (12) (0C)   ;(00001100) (14) (12) (0C)   ;(00001100) (14) (12) (0C)   ;(00001100) (14) (12) (0C)   ;(00001100) (14) (12) (0C)   ;
;3360;(00001100) (14) (12) (0C)    ;(00001100) (14) (12) (0C)   ;(00001100) (14) (12) (0C)   ;(00001100) (14) (12) (0C)   ;(00001101) (15) (13) (0D)   ;(00001101) (15) (13) (0D)   ;(00001101) (15) (13) (0D)   ;(00001101) (15) (13) (0D)   ;
;3368;(00001101) (15) (13) (0D)    ;(00001101) (15) (13) (0D)   ;(00001101) (15) (13) (0D)   ;(00001101) (15) (13) (0D)   ;(00001101) (15) (13) (0D)   ;(00001101) (15) (13) (0D)   ;(00001101) (15) (13) (0D)   ;(00001110) (16) (14) (0E)   ;
;3376;(00001110) (16) (14) (0E)    ;(00001110) (16) (14) (0E)   ;(00001110) (16) (14) (0E)   ;(00001110) (16) (14) (0E)   ;(00001110) (16) (14) (0E)   ;(00001110) (16) (14) (0E)   ;(00001110) (16) (14) (0E)   ;(00001110) (16) (14) (0E)   ;
;3384;(00001110) (16) (14) (0E)    ;(00001110) (16) (14) (0E)   ;(00001111) (17) (15) (0F)   ;(00001111) (17) (15) (0F)   ;(00001111) (17) (15) (0F)   ;(00001111) (17) (15) (0F)   ;(00001111) (17) (15) (0F)   ;(00001111) (17) (15) (0F)   ;
;3392;(00001111) (17) (15) (0F)    ;(00001111) (17) (15) (0F)   ;(00001111) (17) (15) (0F)   ;(00001111) (17) (15) (0F)   ;(00001111) (17) (15) (0F)   ;(00010000) (20) (16) (10)   ;(00010000) (20) (16) (10)   ;(00010000) (20) (16) (10)   ;
;3400;(00010000) (20) (16) (10)    ;(00010000) (20) (16) (10)   ;(00010000) (20) (16) (10)   ;(00010000) (20) (16) (10)   ;(00010000) (20) (16) (10)   ;(00010000) (20) (16) (10)   ;(00010000) (20) (16) (10)   ;(00010000) (20) (16) (10)   ;
;3408;(00010001) (21) (17) (11)    ;(00010001) (21) (17) (11)   ;(00010001) (21) (17) (11)   ;(00010001) (21) (17) (11)   ;(00010001) (21) (17) (11)   ;(00010001) (21) (17) (11)   ;(00010001) (21) (17) (11)   ;(00010001) (21) (17) (11)   ;
;3416;(00010001) (21) (17) (11)    ;(00010001) (21) (17) (11)   ;(00010010) (22) (18) (12)   ;(00010010) (22) (18) (12)   ;(00010010) (22) (18) (12)   ;(00010010) (22) (18) (12)   ;(00010010) (22) (18) (12)   ;(00010010) (22) (18) (12)   ;
;3424;(00010010) (22) (18) (12)    ;(00010010) (22) (18) (12)   ;(00010010) (22) (18) (12)   ;(00010010) (22) (18) (12)   ;(00010011) (23) (19) (13)   ;(00010011) (23) (19) (13)   ;(00010011) (23) (19) (13)   ;(00010011) (23) (19) (13)   ;
;3432;(00010011) (23) (19) (13)    ;(00010011) (23) (19) (13)   ;(00010011) (23) (19) (13)   ;(00010011) (23) (19) (13)   ;(00010011) (23) (19) (13)   ;(00010011) (23) (19) (13)   ;(00010100) (24) (20) (14)   ;(00010100) (24) (20) (14)   ;
;3440;(00010100) (24) (20) (14)    ;(00010100) (24) (20) (14)   ;(00010100) (24) (20) (14)   ;(00010100) (24) (20) (14)   ;(00010100) (24) (20) (14)   ;(00010100) (24) (20) (14)   ;(00010100) (24) (20) (14)   ;(00010101) (25) (21) (15)   ;
;3448;(00010101) (25) (21) (15)    ;(00010101) (25) (21) (15)   ;(00010101) (25) (21) (15)   ;(00010101) (25) (21) (15)   ;(00010101) (25) (21) (15)   ;(00010101) (25) (21) (15)   ;(00010101) (25) (21) (15)   ;(00010101) (25) (21) (15)   ;
;3456;(00010101) (25) (21) (15)    ;(00010110) (26) (22) (16)   ;(00010110) (26) (22) (16)   ;(00010110) (26) (22) (16)   ;(00010110) (26) (22) (16)   ;(00010110) (26) (22) (16)   ;(00010110) (26) (22) (16)   ;(00010110) (26) (22) (16)   ;
;3464;(00010110) (26) (22) (16)    ;(00010110) (26) (22) (16)   ;(00010111) (27) (23) (17)   ;(00010111) (27) (23) (17)   ;(00010111) (27) (23) (17)   ;(00010111) (27) (23) (17)   ;(00010111) (27) (23) (17)   ;(00010111) (27) (23) (17)   ;
;3472;(00010111) (27) (23) (17)    ;(00010111) (27) (23) (17)   ;(00010111) (27) (23) (17)   ;(00011000) (30) (24) (18)   ;(00011000) (30) (24) (18)   ;(00011000) (30) (24) (18)   ;(00011000) (30) (24) (18)   ;(00011000) (30) (24) (18)   ;
;3480;(00011000) (30) (24) (18)    ;(00011000) (30) (24) (18)   ;(00011000) (30) (24) (18)   ;(00011001) (31) (25) (19)   ;(00011001) (31) (25) (19)   ;(00011001) (31) (25) (19)   ;(00011001) (31) (25) (19)   ;(00011001) (31) (25) (19)   ;
;3488;(00011001) (31) (25) (19)    ;(00011001) (31) (25) (19)   ;(00011001) (31) (25) (19)   ;(00011001) (31) (25) (19)   ;(00011010) (32) (26) (1A)   ;(00011010) (32) (26) (1A)   ;(00011010) (32) (26) (1A)   ;(00011010) (32) (26) (1A)   ;
;3496;(00011010) (32) (26) (1A)    ;(00011010) (32) (26) (1A)   ;(00011010) (32) (26) (1A)   ;(00011010) (32) (26) (1A)   ;(00011011) (33) (27) (1B)   ;(00011011) (33) (27) (1B)   ;(00011011) (33) (27) (1B)   ;(00011011) (33) (27) (1B)   ;
;3504;(00011011) (33) (27) (1B)    ;(00011011) (33) (27) (1B)   ;(00011011) (33) (27) (1B)   ;(00011011) (33) (27) (1B)   ;(00011011) (33) (27) (1B)   ;(00011100) (34) (28) (1C)   ;(00011100) (34) (28) (1C)   ;(00011100) (34) (28) (1C)   ;
;3512;(00011100) (34) (28) (1C)    ;(00011100) (34) (28) (1C)   ;(00011100) (34) (28) (1C)   ;(00011100) (34) (28) (1C)   ;(00011100) (34) (28) (1C)   ;(00011101) (35) (29) (1D)   ;(00011101) (35) (29) (1D)   ;(00011101) (35) (29) (1D)   ;
;3520;(00011101) (35) (29) (1D)    ;(00011101) (35) (29) (1D)   ;(00011101) (35) (29) (1D)   ;(00011101) (35) (29) (1D)   ;(00011101) (35) (29) (1D)   ;(00011110) (36) (30) (1E)   ;(00011110) (36) (30) (1E)   ;(00011110) (36) (30) (1E)   ;
;3528;(00011110) (36) (30) (1E)    ;(00011110) (36) (30) (1E)   ;(00011110) (36) (30) (1E)   ;(00011110) (36) (30) (1E)   ;(00011110) (36) (30) (1E)   ;(00011111) (37) (31) (1F)   ;(00011111) (37) (31) (1F)   ;(00011111) (37) (31) (1F)   ;
;3536;(00011111) (37) (31) (1F)    ;(00011111) (37) (31) (1F)   ;(00011111) (37) (31) (1F)   ;(00011111) (37) (31) (1F)   ;(00011111) (37) (31) (1F)   ;(00100000) (40) (32) (20)   ;(00100000) (40) (32) (20)   ;(00100000) (40) (32) (20)   ;
;3544;(00100000) (40) (32) (20)    ;(00100000) (40) (32) (20)   ;(00100000) (40) (32) (20)   ;(00100000) (40) (32) (20)   ;(00100001) (41) (33) (21)   ;(00100001) (41) (33) (21)   ;(00100001) (41) (33) (21)   ;(00100001) (41) (33) (21)   ;
;3552;(00100001) (41) (33) (21)    ;(00100001) (41) (33) (21)   ;(00100001) (41) (33) (21)   ;(00100001) (41) (33) (21)   ;(00100010) (42) (34) (22)   ;(00100010) (42) (34) (22)   ;(00100010) (42) (34) (22)   ;(00100010) (42) (34) (22)   ;
;3560;(00100010) (42) (34) (22)    ;(00100010) (42) (34) (22)   ;(00100010) (42) (34) (22)   ;(00100010) (42) (34) (22)   ;(00100011) (43) (35) (23)   ;(00100011) (43) (35) (23)   ;(00100011) (43) (35) (23)   ;(00100011) (43) (35) (23)   ;
;3568;(00100011) (43) (35) (23)    ;(00100011) (43) (35) (23)   ;(00100011) (43) (35) (23)   ;(00100100) (44) (36) (24)   ;(00100100) (44) (36) (24)   ;(00100100) (44) (36) (24)   ;(00100100) (44) (36) (24)   ;(00100100) (44) (36) (24)   ;
;3576;(00100100) (44) (36) (24)    ;(00100100) (44) (36) (24)   ;(00100101) (45) (37) (25)   ;(00100101) (45) (37) (25)   ;(00100101) (45) (37) (25)   ;(00100101) (45) (37) (25)   ;(00100101) (45) (37) (25)   ;(00100101) (45) (37) (25)   ;
;3584;(00100101) (45) (37) (25)    ;(00100101) (45) (37) (25)   ;(00100110) (46) (38) (26)   ;(00100110) (46) (38) (26)   ;(00100110) (46) (38) (26)   ;(00100110) (46) (38) (26)   ;(00100110) (46) (38) (26)   ;(00100110) (46) (38) (26)   ;
;3592;(00100110) (46) (38) (26)    ;(00100111) (47) (39) (27)   ;(00100111) (47) (39) (27)   ;(00100111) (47) (39) (27)   ;(00100111) (47) (39) (27)   ;(00100111) (47) (39) (27)   ;(00100111) (47) (39) (27)   ;(00100111) (47) (39) (27)   ;
;3600;(00101000) (50) (40) (28)    ;(00101000) (50) (40) (28)   ;(00101000) (50) (40) (28)   ;(00101000) (50) (40) (28)   ;(00101000) (50) (40) (28)   ;(00101000) (50) (40) (28)   ;(00101000) (50) (40) (28)   ;(00101001) (51) (41) (29)   ;
;3608;(00101001) (51) (41) (29)    ;(00101001) (51) (41) (29)   ;(00101001) (51) (41) (29)   ;(00101001) (51) (41) (29)   ;(00101001) (51) (41) (29)   ;(00101001) (51) (41) (29)   ;(00101010) (52) (42) (2A)   ;(00101010) (52) (42) (2A)   ;
;3616;(00101010) (52) (42) (2A)    ;(00101010) (52) (42) (2A)   ;(00101010) (52) (42) (2A)   ;(00101010) (52) (42) (2A)   ;(00101010) (52) (42) (2A)   ;(00101011) (53) (43) (2B)   ;(00101011) (53) (43) (2B)   ;(00101011) (53) (43) (2B)   ;
;3624;(00101011) (53) (43) (2B)    ;(00101011) (53) (43) (2B)   ;(00101011) (53) (43) (2B)   ;(00101011) (53) (43) (2B)   ;(00101100) (54) (44) (2C)   ;(00101100) (54) (44) (2C)   ;(00101100) (54) (44) (2C)   ;(00101100) (54) (44) (2C)   ;
;3632;(00101100) (54) (44) (2C)    ;(00101100) (54) (44) (2C)   ;(00101101) (55) (45) (2D)   ;(00101101) (55) (45) (2D)   ;(00101101) (55) (45) (2D)   ;(00101101) (55) (45) (2D)   ;(00101101) (55) (45) (2D)   ;(00101101) (55) (45) (2D)   ;
;3640;(00101101) (55) (45) (2D)    ;(00101110) (56) (46) (2E)   ;(00101110) (56) (46) (2E)   ;(00101110) (56) (46) (2E)   ;(00101110) (56) (46) (2E)   ;(00101110) (56) (46) (2E)   ;(00101110) (56) (46) (2E)   ;(00101110) (56) (46) (2E)   ;
;3648;(00101111) (57) (47) (2F)    ;(00101111) (57) (47) (2F)   ;(00101111) (57) (47) (2F)   ;(00101111) (57) (47) (2F)   ;(00101111) (57) (47) (2F)   ;(00101111) (57) (47) (2F)   ;(00110000) (60) (48) (30)   ;(00110000) (60) (48) (30)   ;
;3656;(00110000) (60) (48) (30)    ;(00110000) (60) (48) (30)   ;(00110000) (60) (48) (30)   ;(00110000) (60) (48) (30)   ;(00110000) (60) (48) (30)   ;(00110001) (61) (49) (31)   ;(00110001) (61) (49) (31)   ;(00110001) (61) (49) (31)   ;
;3664;(00110001) (61) (49) (31)    ;(00110001) (61) (49) (31)   ;(00110001) (61) (49) (31)   ;(00110010) (62) (50) (32)   ;(00110010) (62) (50) (32)   ;(00110010) (62) (50) (32)   ;(00110010) (62) (50) (32)   ;(00110010) (62) (50) (32)   ;
;3672;(00110010) (62) (50) (32)    ;(00110010) (62) (50) (32)   ;(00110011) (63) (51) (33)   ;(00110011) (63) (51) (33)   ;(00110011) (63) (51) (33)   ;(00110011) (63) (51) (33)   ;(00110011) (63) (51) (33)   ;(00110011) (63) (51) (33)   ;
;3680;(00110100) (64) (52) (34)    ;(00110100) (64) (52) (34)   ;(00110100) (64) (52) (34)   ;(00110100) (64) (52) (34)   ;(00110100) (64) (52) (34)   ;(00110100) (64) (52) (34)   ;(00110100) (64) (52) (34)   ;(00110101) (65) (53) (35)   ;
;3688;(00110101) (65) (53) (35)    ;(00110101) (65) (53) (35)   ;(00110101) (65) (53) (35)   ;(00110101) (65) (53) (35)   ;(00110101) (65) (53) (35)   ;(00110110) (66) (54) (36)   ;(00110110) (66) (54) (36)   ;(00110110) (66) (54) (36)   ;
;3696;(00110110) (66) (54) (36)    ;(00110110) (66) (54) (36)   ;(00110110) (66) (54) (36)   ;(00110111) (67) (55) (37)   ;(00110111) (67) (55) (37)   ;(00110111) (67) (55) (37)   ;(00110111) (67) (55) (37)   ;(00110111) (67) (55) (37)   ;
;3704;(00110111) (67) (55) (37)    ;(00111000) (70) (56) (38)   ;(00111000) (70) (56) (38)   ;(00111000) (70) (56) (38)   ;(00111000) (70) (56) (38)   ;(00111000) (70) (56) (38)   ;(00111000) (70) (56) (38)   ;(00111001) (71) (57) (39)   ;
;3712;(00111001) (71) (57) (39)    ;(00111001) (71) (57) (39)   ;(00111001) (71) (57) (39)   ;(00111001) (71) (57) (39)   ;(00111001) (71) (57) (39)   ;(00111001) (71) (57) (39)   ;(00111010) (72) (58) (3A)   ;(00111010) (72) (58) (3A)   ;
;3720;(00111010) (72) (58) (3A)    ;(00111010) (72) (58) (3A)   ;(00111010) (72) (58) (3A)   ;(00111010) (72) (58) (3A)   ;(00111011) (73) (59) (3B)   ;(00111011) (73) (59) (3B)   ;(00111011) (73) (59) (3B)   ;(00111011) (73) (59) (3B)   ;
;3728;(00111011) (73) (59) (3B)    ;(00111011) (73) (59) (3B)   ;(00111100) (74) (60) (3C)   ;(00111100) (74) (60) (3C)   ;(00111100) (74) (60) (3C)   ;(00111100) (74) (60) (3C)   ;(00111100) (74) (60) (3C)   ;(00111100) (74) (60) (3C)   ;
;3736;(00111101) (75) (61) (3D)    ;(00111101) (75) (61) (3D)   ;(00111101) (75) (61) (3D)   ;(00111101) (75) (61) (3D)   ;(00111101) (75) (61) (3D)   ;(00111101) (75) (61) (3D)   ;(00111110) (76) (62) (3E)   ;(00111110) (76) (62) (3E)   ;
;3744;(00111110) (76) (62) (3E)    ;(00111110) (76) (62) (3E)   ;(00111110) (76) (62) (3E)   ;(00111110) (76) (62) (3E)   ;(00111111) (77) (63) (3F)   ;(00111111) (77) (63) (3F)   ;(00111111) (77) (63) (3F)   ;(00111111) (77) (63) (3F)   ;
;3752;(00111111) (77) (63) (3F)    ;(00111111) (77) (63) (3F)   ;(01000000) (100) (64) (40)   ;(01000000) (100) (64) (40)   ;(01000000) (100) (64) (40)   ;(01000000) (100) (64) (40)   ;(01000000) (100) (64) (40)   ;(01000000) (100) (64) (40)   ;
;3760;(01000001) (101) (65) (41)    ;(01000001) (101) (65) (41)   ;(01000001) (101) (65) (41)   ;(01000001) (101) (65) (41)   ;(01000001) (101) (65) (41)   ;(01000010) (102) (66) (42)   ;(01000010) (102) (66) (42)   ;(01000010) (102) (66) (42)   ;
;3768;(01000010) (102) (66) (42)    ;(01000010) (102) (66) (42)   ;(01000010) (102) (66) (42)   ;(01000011) (103) (67) (43)   ;(01000011) (103) (67) (43)   ;(01000011) (103) (67) (43)   ;(01000011) (103) (67) (43)   ;(01000011) (103) (67) (43)   ;
;3776;(01000011) (103) (67) (43)    ;(01000100) (104) (68) (44)   ;(01000100) (104) (68) (44)   ;(01000100) (104) (68) (44)   ;(01000100) (104) (68) (44)   ;(01000100) (104) (68) (44)   ;(01000100) (104) (68) (44)   ;(01000101) (105) (69) (45)   ;
;3784;(01000101) (105) (69) (45)    ;(01000101) (105) (69) (45)   ;(01000101) (105) (69) (45)   ;(01000101) (105) (69) (45)   ;(01000101) (105) (69) (45)   ;(01000110) (106) (70) (46)   ;(01000110) (106) (70) (46)   ;(01000110) (106) (70) (46)   ;
;3792;(01000110) (106) (70) (46)    ;(01000110) (106) (70) (46)   ;(01000111) (107) (71) (47)   ;(01000111) (107) (71) (47)   ;(01000111) (107) (71) (47)   ;(01000111) (107) (71) (47)   ;(01000111) (107) (71) (47)   ;(01000111) (107) (71) (47)   ;
;3800;(01001000) (110) (72) (48)    ;(01001000) (110) (72) (48)   ;(01001000) (110) (72) (48)   ;(01001000) (110) (72) (48)   ;(01001000) (110) (72) (48)   ;(01001000) (110) (72) (48)   ;(01001001) (111) (73) (49)   ;(01001001) (111) (73) (49)   ;
;3808;(01001001) (111) (73) (49)    ;(01001001) (111) (73) (49)   ;(01001001) (111) (73) (49)   ;(01001010) (112) (74) (4A)   ;(01001010) (112) (74) (4A)   ;(01001010) (112) (74) (4A)   ;(01001010) (112) (74) (4A)   ;(01001010) (112) (74) (4A)   ;
;3816;(01001010) (112) (74) (4A)    ;(01001011) (113) (75) (4B)   ;(01001011) (113) (75) (4B)   ;(01001011) (113) (75) (4B)   ;(01001011) (113) (75) (4B)   ;(01001011) (113) (75) (4B)   ;(01001011) (113) (75) (4B)   ;(01001100) (114) (76) (4C)   ;
;3824;(01001100) (114) (76) (4C)    ;(01001100) (114) (76) (4C)   ;(01001100) (114) (76) (4C)   ;(01001100) (114) (76) (4C)   ;(01001101) (115) (77) (4D)   ;(01001101) (115) (77) (4D)   ;(01001101) (115) (77) (4D)   ;(01001101) (115) (77) (4D)   ;
;3832;(01001101) (115) (77) (4D)    ;(01001101) (115) (77) (4D)   ;(01001110) (116) (78) (4E)   ;(01001110) (116) (78) (4E)   ;(01001110) (116) (78) (4E)   ;(01001110) (116) (78) (4E)   ;(01001110) (116) (78) (4E)   ;(01001111) (117) (79) (4F)   ;
;3840;(01001111) (117) (79) (4F)    ;(01001111) (117) (79) (4F)   ;(01001111) (117) (79) (4F)   ;(01001111) (117) (79) (4F)   ;(01001111) (117) (79) (4F)   ;(01010000) (120) (80) (50)   ;(01010000) (120) (80) (50)   ;(01010000) (120) (80) (50)   ;
;3848;(01010000) (120) (80) (50)    ;(01010000) (120) (80) (50)   ;(01010001) (121) (81) (51)   ;(01010001) (121) (81) (51)   ;(01010001) (121) (81) (51)   ;(01010001) (121) (81) (51)   ;(01010001) (121) (81) (51)   ;(01010001) (121) (81) (51)   ;
;3856;(01010010) (122) (82) (52)    ;(01010010) (122) (82) (52)   ;(01010010) (122) (82) (52)   ;(01010010) (122) (82) (52)   ;(01010010) (122) (82) (52)   ;(01010011) (123) (83) (53)   ;(01010011) (123) (83) (53)   ;(01010011) (123) (83) (53)   ;
;3864;(01010011) (123) (83) (53)    ;(01010011) (123) (83) (53)   ;(01010011) (123) (83) (53)   ;(01010100) (124) (84) (54)   ;(01010100) (124) (84) (54)   ;(01010100) (124) (84) (54)   ;(01010100) (124) (84) (54)   ;(01010100) (124) (84) (54)   ;
;3872;(01010101) (125) (85) (55)    ;(01010101) (125) (85) (55)   ;(01010101) (125) (85) (55)   ;(01010101) (125) (85) (55)   ;(01010101) (125) (85) (55)   ;(01010101) (125) (85) (55)   ;(01010110) (126) (86) (56)   ;(01010110) (126) (86) (56)   ;
;3880;(01010110) (126) (86) (56)    ;(01010110) (126) (86) (56)   ;(01010110) (126) (86) (56)   ;(01010111) (127) (87) (57)   ;(01010111) (127) (87) (57)   ;(01010111) (127) (87) (57)   ;(01010111) (127) (87) (57)   ;(01010111) (127) (87) (57)   ;
;3888;(01011000) (130) (88) (58)    ;(01011000) (130) (88) (58)   ;(01011000) (130) (88) (58)   ;(01011000) (130) (88) (58)   ;(01011000) (130) (88) (58)   ;(01011000) (130) (88) (58)   ;(01011001) (131) (89) (59)   ;(01011001) (131) (89) (59)   ;
;3896;(01011001) (131) (89) (59)    ;(01011001) (131) (89) (59)   ;(01011001) (131) (89) (59)   ;(01011010) (132) (90) (5A)   ;(01011010) (132) (90) (5A)   ;(01011010) (132) (90) (5A)   ;(01011010) (132) (90) (5A)   ;(01011010) (132) (90) (5A)   ;
;3904;(01011010) (132) (90) (5A)    ;(01011011) (133) (91) (5B)   ;(01011011) (133) (91) (5B)   ;(01011011) (133) (91) (5B)   ;(01011011) (133) (91) (5B)   ;(01011011) (133) (91) (5B)   ;(01011100) (134) (92) (5C)   ;(01011100) (134) (92) (5C)   ;
;3912;(01011100) (134) (92) (5C)    ;(01011100) (134) (92) (5C)   ;(01011100) (134) (92) (5C)   ;(01011101) (135) (93) (5D)   ;(01011101) (135) (93) (5D)   ;(01011101) (135) (93) (5D)   ;(01011101) (135) (93) (5D)   ;(01011101) (135) (93) (5D)   ;
;3920;(01011101) (135) (93) (5D)    ;(01011110) (136) (94) (5E)   ;(01011110) (136) (94) (5E)   ;(01011110) (136) (94) (5E)   ;(01011110) (136) (94) (5E)   ;(01011110) (136) (94) (5E)   ;(01011111) (137) (95) (5F)   ;(01011111) (137) (95) (5F)   ;
;3928;(01011111) (137) (95) (5F)    ;(01011111) (137) (95) (5F)   ;(01011111) (137) (95) (5F)   ;(01100000) (140) (96) (60)   ;(01100000) (140) (96) (60)   ;(01100000) (140) (96) (60)   ;(01100000) (140) (96) (60)   ;(01100000) (140) (96) (60)   ;
;3936;(01100001) (141) (97) (61)    ;(01100001) (141) (97) (61)   ;(01100001) (141) (97) (61)   ;(01100001) (141) (97) (61)   ;(01100001) (141) (97) (61)   ;(01100001) (141) (97) (61)   ;(01100010) (142) (98) (62)   ;(01100010) (142) (98) (62)   ;
;3944;(01100010) (142) (98) (62)    ;(01100010) (142) (98) (62)   ;(01100010) (142) (98) (62)   ;(01100011) (143) (99) (63)   ;(01100011) (143) (99) (63)   ;(01100011) (143) (99) (63)   ;(01100011) (143) (99) (63)   ;(01100011) (143) (99) (63)   ;
;3952;(01100100) (144) (100) (64)    ;(01100100) (144) (100) (64)   ;(01100100) (144) (100) (64)   ;(01100100) (144) (100) (64)   ;(01100100) (144) (100) (64)   ;(01100101) (145) (101) (65)   ;(01100101) (145) (101) (65)   ;(01100101) (145) (101) (65)   ;
;3960;(01100101) (145) (101) (65)    ;(01100101) (145) (101) (65)   ;(01100101) (145) (101) (65)   ;(01100110) (146) (102) (66)   ;(01100110) (146) (102) (66)   ;(01100110) (146) (102) (66)   ;(01100110) (146) (102) (66)   ;(01100110) (146) (102) (66)   ;
;3968;(01100111) (147) (103) (67)    ;(01100111) (147) (103) (67)   ;(01100111) (147) (103) (67)   ;(01100111) (147) (103) (67)   ;(01100111) (147) (103) (67)   ;(01101000) (150) (104) (68)   ;(01101000) (150) (104) (68)   ;(01101000) (150) (104) (68)   ;
;3976;(01101000) (150) (104) (68)    ;(01101000) (150) (104) (68)   ;(01101001) (151) (105) (69)   ;(01101001) (151) (105) (69)   ;(01101001) (151) (105) (69)   ;(01101001) (151) (105) (69)   ;(01101001) (151) (105) (69)   ;(01101010) (152) (106) (6A)   ;
;3984;(01101010) (152) (106) (6A)    ;(01101010) (152) (106) (6A)   ;(01101010) (152) (106) (6A)   ;(01101010) (152) (106) (6A)   ;(01101010) (152) (106) (6A)   ;(01101011) (153) (107) (6B)   ;(01101011) (153) (107) (6B)   ;(01101011) (153) (107) (6B)   ;
;3992;(01101011) (153) (107) (6B)    ;(01101011) (153) (107) (6B)   ;(01101100) (154) (108) (6C)   ;(01101100) (154) (108) (6C)   ;(01101100) (154) (108) (6C)   ;(01101100) (154) (108) (6C)   ;(01101100) (154) (108) (6C)   ;(01101101) (155) (109) (6D)   ;
;4000;(01101101) (155) (109) (6D)    ;(01101101) (155) (109) (6D)   ;(01101101) (155) (109) (6D)   ;(01101101) (155) (109) (6D)   ;(01101110) (156) (110) (6E)   ;(01101110) (156) (110) (6E)   ;(01101110) (156) (110) (6E)   ;(01101110) (156) (110) (6E)   ;
;4008;(01101110) (156) (110) (6E)    ;(01101111) (157) (111) (6F)   ;(01101111) (157) (111) (6F)   ;(01101111) (157) (111) (6F)   ;(01101111) (157) (111) (6F)   ;(01101111) (157) (111) (6F)   ;(01110000) (160) (112) (70)   ;(01110000) (160) (112) (70)   ;
;4016;(01110000) (160) (112) (70)    ;(01110000) (160) (112) (70)   ;(01110000) (160) (112) (70)   ;(01110000) (160) (112) (70)   ;(01110001) (161) (113) (71)   ;(01110001) (161) (113) (71)   ;(01110001) (161) (113) (71)   ;(01110001) (161) (113) (71)   ;
;4024;(01110001) (161) (113) (71)    ;(01110010) (162) (114) (72)   ;(01110010) (162) (114) (72)   ;(01110010) (162) (114) (72)   ;(01110010) (162) (114) (72)   ;(01110010) (162) (114) (72)   ;(01110011) (163) (115) (73)   ;(01110011) (163) (115) (73)   ;
;4032;(01110011) (163) (115) (73)    ;(01110011) (163) (115) (73)   ;(01110011) (163) (115) (73)   ;(01110100) (164) (116) (74)   ;(01110100) (164) (116) (74)   ;(01110100) (164) (116) (74)   ;(01110100) (164) (116) (74)   ;(01110100) (164) (116) (74)   ;
;4040;(01110101) (165) (117) (75)    ;(01110101) (165) (117) (75)   ;(01110101) (165) (117) (75)   ;(01110101) (165) (117) (75)   ;(01110101) (165) (117) (75)   ;(01110110) (166) (118) (76)   ;(01110110) (166) (118) (76)   ;(01110110) (166) (118) (76)   ;
;4048;(01110110) (166) (118) (76)    ;(01110110) (166) (118) (76)   ;(01110111) (167) (119) (77)   ;(01110111) (167) (119) (77)   ;(01110111) (167) (119) (77)   ;(01110111) (167) (119) (77)   ;(01110111) (167) (119) (77)   ;(01110111) (167) (119) (77)   ;
;4056;(01111000) (170) (120) (78)    ;(01111000) (170) (120) (78)   ;(01111000) (170) (120) (78)   ;(01111000) (170) (120) (78)   ;(01111000) (170) (120) (78)   ;(01111001) (171) (121) (79)   ;(01111001) (171) (121) (79)   ;(01111001) (171) (121) (79)   ;
;4064;(01111001) (171) (121) (79)    ;(01111001) (171) (121) (79)   ;(01111010) (172) (122) (7A)   ;(01111010) (172) (122) (7A)   ;(01111010) (172) (122) (7A)   ;(01111010) (172) (122) (7A)   ;(01111010) (172) (122) (7A)   ;(01111011) (173) (123) (7B)   ;
;4072;(01111011) (173) (123) (7B)    ;(01111011) (173) (123) (7B)   ;(01111011) (173) (123) (7B)   ;(01111011) (173) (123) (7B)   ;(01111100) (174) (124) (7C)   ;(01111100) (174) (124) (7C)   ;(01111100) (174) (124) (7C)   ;(01111100) (174) (124) (7C)   ;
;4080;(01111100) (174) (124) (7C)    ;(01111101) (175) (125) (7D)   ;(01111101) (175) (125) (7D)   ;(01111101) (175) (125) (7D)   ;(01111101) (175) (125) (7D)   ;(01111101) (175) (125) (7D)   ;(01111110) (176) (126) (7E)   ;(01111110) (176) (126) (7E)   ;
;4088;(01111110) (176) (126) (7E)    ;(01111110) (176) (126) (7E)   ;(01111110) (176) (126) (7E)   ;(01111111) (177) (127) (7F)   ;(01111111) (177) (127) (7F)   ;(01111111) (177) (127) (7F)   ;(01111111) (177) (127) (7F)   ;(01111111) (177) (127) (7F)   ;


RAM content values are presented in the following format: (Binary) (Octal) (Decimal) (Hexadecimal) 
+------------------------------------------------------------------------------------------------------------------------------------------------------------------------------------------------------------------------------------------------------------------+
; |C_2024_carrier|DDS_time_delay:u_DDS_time_delay|DDS_multi:u_DDS_multi|dds_ctrl_multi:dds_ctrl_multi_inst|rom_wave_sin:rom_ip_inst_1|altsyncram:altsyncram_component|altsyncram_8cb1:auto_generated|ALTSYNCRAM                                                    ;
+------------------------------------------------------------------------------------------------------------------------------------------------------------------------------------------------------------------------------------------------------------------+
;   Addr   ;              +0              ;              +1              ;              +2              ;              +3              ;              +4              ;              +5              ;              +6              ;              +7              ;
+----------+------------------------------+------------------------------+------------------------------+------------------------------+------------------------------+------------------------------+------------------------------+------------------------------+
;0;(10000000) (200) (128) (80)    ;(10000000) (200) (128) (80)   ;(10000000) (200) (128) (80)   ;(10000000) (200) (128) (80)   ;(10000000) (200) (128) (80)   ;(10000000) (200) (128) (80)   ;(10000001) (201) (129) (81)   ;(10000001) (201) (129) (81)   ;
;8;(10000001) (201) (129) (81)    ;(10000001) (201) (129) (81)   ;(10000001) (201) (129) (81)   ;(10000010) (202) (130) (82)   ;(10000010) (202) (130) (82)   ;(10000010) (202) (130) (82)   ;(10000010) (202) (130) (82)   ;(10000010) (202) (130) (82)   ;
;16;(10000011) (203) (131) (83)    ;(10000011) (203) (131) (83)   ;(10000011) (203) (131) (83)   ;(10000011) (203) (131) (83)   ;(10000011) (203) (131) (83)   ;(10000100) (204) (132) (84)   ;(10000100) (204) (132) (84)   ;(10000100) (204) (132) (84)   ;
;24;(10000100) (204) (132) (84)    ;(10000100) (204) (132) (84)   ;(10000101) (205) (133) (85)   ;(10000101) (205) (133) (85)   ;(10000101) (205) (133) (85)   ;(10000101) (205) (133) (85)   ;(10000101) (205) (133) (85)   ;(10000110) (206) (134) (86)   ;
;32;(10000110) (206) (134) (86)    ;(10000110) (206) (134) (86)   ;(10000110) (206) (134) (86)   ;(10000110) (206) (134) (86)   ;(10000111) (207) (135) (87)   ;(10000111) (207) (135) (87)   ;(10000111) (207) (135) (87)   ;(10000111) (207) (135) (87)   ;
;40;(10000111) (207) (135) (87)    ;(10001000) (210) (136) (88)   ;(10001000) (210) (136) (88)   ;(10001000) (210) (136) (88)   ;(10001000) (210) (136) (88)   ;(10001000) (210) (136) (88)   ;(10001000) (210) (136) (88)   ;(10001001) (211) (137) (89)   ;
;48;(10001001) (211) (137) (89)    ;(10001001) (211) (137) (89)   ;(10001001) (211) (137) (89)   ;(10001001) (211) (137) (89)   ;(10001010) (212) (138) (8A)   ;(10001010) (212) (138) (8A)   ;(10001010) (212) (138) (8A)   ;(10001010) (212) (138) (8A)   ;
;56;(10001010) (212) (138) (8A)    ;(10001011) (213) (139) (8B)   ;(10001011) (213) (139) (8B)   ;(10001011) (213) (139) (8B)   ;(10001011) (213) (139) (8B)   ;(10001011) (213) (139) (8B)   ;(10001100) (214) (140) (8C)   ;(10001100) (214) (140) (8C)   ;
;64;(10001100) (214) (140) (8C)    ;(10001100) (214) (140) (8C)   ;(10001100) (214) (140) (8C)   ;(10001101) (215) (141) (8D)   ;(10001101) (215) (141) (8D)   ;(10001101) (215) (141) (8D)   ;(10001101) (215) (141) (8D)   ;(10001101) (215) (141) (8D)   ;
;72;(10001110) (216) (142) (8E)    ;(10001110) (216) (142) (8E)   ;(10001110) (216) (142) (8E)   ;(10001110) (216) (142) (8E)   ;(10001110) (216) (142) (8E)   ;(10001111) (217) (143) (8F)   ;(10001111) (217) (143) (8F)   ;(10001111) (217) (143) (8F)   ;
;80;(10001111) (217) (143) (8F)    ;(10001111) (217) (143) (8F)   ;(10001111) (217) (143) (8F)   ;(10010000) (220) (144) (90)   ;(10010000) (220) (144) (90)   ;(10010000) (220) (144) (90)   ;(10010000) (220) (144) (90)   ;(10010000) (220) (144) (90)   ;
;88;(10010001) (221) (145) (91)    ;(10010001) (221) (145) (91)   ;(10010001) (221) (145) (91)   ;(10010001) (221) (145) (91)   ;(10010001) (221) (145) (91)   ;(10010010) (222) (146) (92)   ;(10010010) (222) (146) (92)   ;(10010010) (222) (146) (92)   ;
;96;(10010010) (222) (146) (92)    ;(10010010) (222) (146) (92)   ;(10010011) (223) (147) (93)   ;(10010011) (223) (147) (93)   ;(10010011) (223) (147) (93)   ;(10010011) (223) (147) (93)   ;(10010011) (223) (147) (93)   ;(10010100) (224) (148) (94)   ;
;104;(10010100) (224) (148) (94)    ;(10010100) (224) (148) (94)   ;(10010100) (224) (148) (94)   ;(10010100) (224) (148) (94)   ;(10010101) (225) (149) (95)   ;(10010101) (225) (149) (95)   ;(10010101) (225) (149) (95)   ;(10010101) (225) (149) (95)   ;
;112;(10010101) (225) (149) (95)    ;(10010101) (225) (149) (95)   ;(10010110) (226) (150) (96)   ;(10010110) (226) (150) (96)   ;(10010110) (226) (150) (96)   ;(10010110) (226) (150) (96)   ;(10010110) (226) (150) (96)   ;(10010111) (227) (151) (97)   ;
;120;(10010111) (227) (151) (97)    ;(10010111) (227) (151) (97)   ;(10010111) (227) (151) (97)   ;(10010111) (227) (151) (97)   ;(10011000) (230) (152) (98)   ;(10011000) (230) (152) (98)   ;(10011000) (230) (152) (98)   ;(10011000) (230) (152) (98)   ;
;128;(10011000) (230) (152) (98)    ;(10011001) (231) (153) (99)   ;(10011001) (231) (153) (99)   ;(10011001) (231) (153) (99)   ;(10011001) (231) (153) (99)   ;(10011001) (231) (153) (99)   ;(10011010) (232) (154) (9A)   ;(10011010) (232) (154) (9A)   ;
;136;(10011010) (232) (154) (9A)    ;(10011010) (232) (154) (9A)   ;(10011010) (232) (154) (9A)   ;(10011010) (232) (154) (9A)   ;(10011011) (233) (155) (9B)   ;(10011011) (233) (155) (9B)   ;(10011011) (233) (155) (9B)   ;(10011011) (233) (155) (9B)   ;
;144;(10011011) (233) (155) (9B)    ;(10011100) (234) (156) (9C)   ;(10011100) (234) (156) (9C)   ;(10011100) (234) (156) (9C)   ;(10011100) (234) (156) (9C)   ;(10011100) (234) (156) (9C)   ;(10011101) (235) (157) (9D)   ;(10011101) (235) (157) (9D)   ;
;152;(10011101) (235) (157) (9D)    ;(10011101) (235) (157) (9D)   ;(10011101) (235) (157) (9D)   ;(10011110) (236) (158) (9E)   ;(10011110) (236) (158) (9E)   ;(10011110) (236) (158) (9E)   ;(10011110) (236) (158) (9E)   ;(10011110) (236) (158) (9E)   ;
;160;(10011110) (236) (158) (9E)    ;(10011111) (237) (159) (9F)   ;(10011111) (237) (159) (9F)   ;(10011111) (237) (159) (9F)   ;(10011111) (237) (159) (9F)   ;(10011111) (237) (159) (9F)   ;(10100000) (240) (160) (A0)   ;(10100000) (240) (160) (A0)   ;
;168;(10100000) (240) (160) (A0)    ;(10100000) (240) (160) (A0)   ;(10100000) (240) (160) (A0)   ;(10100001) (241) (161) (A1)   ;(10100001) (241) (161) (A1)   ;(10100001) (241) (161) (A1)   ;(10100001) (241) (161) (A1)   ;(10100001) (241) (161) (A1)   ;
;176;(10100010) (242) (162) (A2)    ;(10100010) (242) (162) (A2)   ;(10100010) (242) (162) (A2)   ;(10100010) (242) (162) (A2)   ;(10100010) (242) (162) (A2)   ;(10100010) (242) (162) (A2)   ;(10100011) (243) (163) (A3)   ;(10100011) (243) (163) (A3)   ;
;184;(10100011) (243) (163) (A3)    ;(10100011) (243) (163) (A3)   ;(10100011) (243) (163) (A3)   ;(10100100) (244) (164) (A4)   ;(10100100) (244) (164) (A4)   ;(10100100) (244) (164) (A4)   ;(10100100) (244) (164) (A4)   ;(10100100) (244) (164) (A4)   ;
;192;(10100101) (245) (165) (A5)    ;(10100101) (245) (165) (A5)   ;(10100101) (245) (165) (A5)   ;(10100101) (245) (165) (A5)   ;(10100101) (245) (165) (A5)   ;(10100101) (245) (165) (A5)   ;(10100110) (246) (166) (A6)   ;(10100110) (246) (166) (A6)   ;
;200;(10100110) (246) (166) (A6)    ;(10100110) (246) (166) (A6)   ;(10100110) (246) (166) (A6)   ;(10100111) (247) (167) (A7)   ;(10100111) (247) (167) (A7)   ;(10100111) (247) (167) (A7)   ;(10100111) (247) (167) (A7)   ;(10100111) (247) (167) (A7)   ;
;208;(10100111) (247) (167) (A7)    ;(10101000) (250) (168) (A8)   ;(10101000) (250) (168) (A8)   ;(10101000) (250) (168) (A8)   ;(10101000) (250) (168) (A8)   ;(10101000) (250) (168) (A8)   ;(10101001) (251) (169) (A9)   ;(10101001) (251) (169) (A9)   ;
;216;(10101001) (251) (169) (A9)    ;(10101001) (251) (169) (A9)   ;(10101001) (251) (169) (A9)   ;(10101010) (252) (170) (AA)   ;(10101010) (252) (170) (AA)   ;(10101010) (252) (170) (AA)   ;(10101010) (252) (170) (AA)   ;(10101010) (252) (170) (AA)   ;
;224;(10101010) (252) (170) (AA)    ;(10101011) (253) (171) (AB)   ;(10101011) (253) (171) (AB)   ;(10101011) (253) (171) (AB)   ;(10101011) (253) (171) (AB)   ;(10101011) (253) (171) (AB)   ;(10101100) (254) (172) (AC)   ;(10101100) (254) (172) (AC)   ;
;232;(10101100) (254) (172) (AC)    ;(10101100) (254) (172) (AC)   ;(10101100) (254) (172) (AC)   ;(10101100) (254) (172) (AC)   ;(10101101) (255) (173) (AD)   ;(10101101) (255) (173) (AD)   ;(10101101) (255) (173) (AD)   ;(10101101) (255) (173) (AD)   ;
;240;(10101101) (255) (173) (AD)    ;(10101110) (256) (174) (AE)   ;(10101110) (256) (174) (AE)   ;(10101110) (256) (174) (AE)   ;(10101110) (256) (174) (AE)   ;(10101110) (256) (174) (AE)   ;(10101110) (256) (174) (AE)   ;(10101111) (257) (175) (AF)   ;
;248;(10101111) (257) (175) (AF)    ;(10101111) (257) (175) (AF)   ;(10101111) (257) (175) (AF)   ;(10101111) (257) (175) (AF)   ;(10110000) (260) (176) (B0)   ;(10110000) (260) (176) (B0)   ;(10110000) (260) (176) (B0)   ;(10110000) (260) (176) (B0)   ;
;256;(10110000) (260) (176) (B0)    ;(10110000) (260) (176) (B0)   ;(10110001) (261) (177) (B1)   ;(10110001) (261) (177) (B1)   ;(10110001) (261) (177) (B1)   ;(10110001) (261) (177) (B1)   ;(10110001) (261) (177) (B1)   ;(10110010) (262) (178) (B2)   ;
;264;(10110010) (262) (178) (B2)    ;(10110010) (262) (178) (B2)   ;(10110010) (262) (178) (B2)   ;(10110010) (262) (178) (B2)   ;(10110010) (262) (178) (B2)   ;(10110011) (263) (179) (B3)   ;(10110011) (263) (179) (B3)   ;(10110011) (263) (179) (B3)   ;
;272;(10110011) (263) (179) (B3)    ;(10110011) (263) (179) (B3)   ;(10110100) (264) (180) (B4)   ;(10110100) (264) (180) (B4)   ;(10110100) (264) (180) (B4)   ;(10110100) (264) (180) (B4)   ;(10110100) (264) (180) (B4)   ;(10110100) (264) (180) (B4)   ;
;280;(10110101) (265) (181) (B5)    ;(10110101) (265) (181) (B5)   ;(10110101) (265) (181) (B5)   ;(10110101) (265) (181) (B5)   ;(10110101) (265) (181) (B5)   ;(10110101) (265) (181) (B5)   ;(10110110) (266) (182) (B6)   ;(10110110) (266) (182) (B6)   ;
;288;(10110110) (266) (182) (B6)    ;(10110110) (266) (182) (B6)   ;(10110110) (266) (182) (B6)   ;(10110111) (267) (183) (B7)   ;(10110111) (267) (183) (B7)   ;(10110111) (267) (183) (B7)   ;(10110111) (267) (183) (B7)   ;(10110111) (267) (183) (B7)   ;
;296;(10110111) (267) (183) (B7)    ;(10111000) (270) (184) (B8)   ;(10111000) (270) (184) (B8)   ;(10111000) (270) (184) (B8)   ;(10111000) (270) (184) (B8)   ;(10111000) (270) (184) (B8)   ;(10111000) (270) (184) (B8)   ;(10111001) (271) (185) (B9)   ;
;304;(10111001) (271) (185) (B9)    ;(10111001) (271) (185) (B9)   ;(10111001) (271) (185) (B9)   ;(10111001) (271) (185) (B9)   ;(10111010) (272) (186) (BA)   ;(10111010) (272) (186) (BA)   ;(10111010) (272) (186) (BA)   ;(10111010) (272) (186) (BA)   ;
;312;(10111010) (272) (186) (BA)    ;(10111010) (272) (186) (BA)   ;(10111011) (273) (187) (BB)   ;(10111011) (273) (187) (BB)   ;(10111011) (273) (187) (BB)   ;(10111011) (273) (187) (BB)   ;(10111011) (273) (187) (BB)   ;(10111011) (273) (187) (BB)   ;
;320;(10111100) (274) (188) (BC)    ;(10111100) (274) (188) (BC)   ;(10111100) (274) (188) (BC)   ;(10111100) (274) (188) (BC)   ;(10111100) (274) (188) (BC)   ;(10111100) (274) (188) (BC)   ;(10111101) (275) (189) (BD)   ;(10111101) (275) (189) (BD)   ;
;328;(10111101) (275) (189) (BD)    ;(10111101) (275) (189) (BD)   ;(10111101) (275) (189) (BD)   ;(10111101) (275) (189) (BD)   ;(10111110) (276) (190) (BE)   ;(10111110) (276) (190) (BE)   ;(10111110) (276) (190) (BE)   ;(10111110) (276) (190) (BE)   ;
;336;(10111110) (276) (190) (BE)    ;(10111111) (277) (191) (BF)   ;(10111111) (277) (191) (BF)   ;(10111111) (277) (191) (BF)   ;(10111111) (277) (191) (BF)   ;(10111111) (277) (191) (BF)   ;(10111111) (277) (191) (BF)   ;(11000000) (300) (192) (C0)   ;
;344;(11000000) (300) (192) (C0)    ;(11000000) (300) (192) (C0)   ;(11000000) (300) (192) (C0)   ;(11000000) (300) (192) (C0)   ;(11000000) (300) (192) (C0)   ;(11000001) (301) (193) (C1)   ;(11000001) (301) (193) (C1)   ;(11000001) (301) (193) (C1)   ;
;352;(11000001) (301) (193) (C1)    ;(11000001) (301) (193) (C1)   ;(11000001) (301) (193) (C1)   ;(11000010) (302) (194) (C2)   ;(11000010) (302) (194) (C2)   ;(11000010) (302) (194) (C2)   ;(11000010) (302) (194) (C2)   ;(11000010) (302) (194) (C2)   ;
;360;(11000010) (302) (194) (C2)    ;(11000011) (303) (195) (C3)   ;(11000011) (303) (195) (C3)   ;(11000011) (303) (195) (C3)   ;(11000011) (303) (195) (C3)   ;(11000011) (303) (195) (C3)   ;(11000011) (303) (195) (C3)   ;(11000100) (304) (196) (C4)   ;
;368;(11000100) (304) (196) (C4)    ;(11000100) (304) (196) (C4)   ;(11000100) (304) (196) (C4)   ;(11000100) (304) (196) (C4)   ;(11000100) (304) (196) (C4)   ;(11000101) (305) (197) (C5)   ;(11000101) (305) (197) (C5)   ;(11000101) (305) (197) (C5)   ;
;376;(11000101) (305) (197) (C5)    ;(11000101) (305) (197) (C5)   ;(11000101) (305) (197) (C5)   ;(11000110) (306) (198) (C6)   ;(11000110) (306) (198) (C6)   ;(11000110) (306) (198) (C6)   ;(11000110) (306) (198) (C6)   ;(11000110) (306) (198) (C6)   ;
;384;(11000110) (306) (198) (C6)    ;(11000110) (306) (198) (C6)   ;(11000111) (307) (199) (C7)   ;(11000111) (307) (199) (C7)   ;(11000111) (307) (199) (C7)   ;(11000111) (307) (199) (C7)   ;(11000111) (307) (199) (C7)   ;(11000111) (307) (199) (C7)   ;
;392;(11001000) (310) (200) (C8)    ;(11001000) (310) (200) (C8)   ;(11001000) (310) (200) (C8)   ;(11001000) (310) (200) (C8)   ;(11001000) (310) (200) (C8)   ;(11001000) (310) (200) (C8)   ;(11001001) (311) (201) (C9)   ;(11001001) (311) (201) (C9)   ;
;400;(11001001) (311) (201) (C9)    ;(11001001) (311) (201) (C9)   ;(11001001) (311) (201) (C9)   ;(11001001) (311) (201) (C9)   ;(11001010) (312) (202) (CA)   ;(11001010) (312) (202) (CA)   ;(11001010) (312) (202) (CA)   ;(11001010) (312) (202) (CA)   ;
;408;(11001010) (312) (202) (CA)    ;(11001010) (312) (202) (CA)   ;(11001011) (313) (203) (CB)   ;(11001011) (313) (203) (CB)   ;(11001011) (313) (203) (CB)   ;(11001011) (313) (203) (CB)   ;(11001011) (313) (203) (CB)   ;(11001011) (313) (203) (CB)   ;
;416;(11001011) (313) (203) (CB)    ;(11001100) (314) (204) (CC)   ;(11001100) (314) (204) (CC)   ;(11001100) (314) (204) (CC)   ;(11001100) (314) (204) (CC)   ;(11001100) (314) (204) (CC)   ;(11001100) (314) (204) (CC)   ;(11001101) (315) (205) (CD)   ;
;424;(11001101) (315) (205) (CD)    ;(11001101) (315) (205) (CD)   ;(11001101) (315) (205) (CD)   ;(11001101) (315) (205) (CD)   ;(11001101) (315) (205) (CD)   ;(11001101) (315) (205) (CD)   ;(11001110) (316) (206) (CE)   ;(11001110) (316) (206) (CE)   ;
;432;(11001110) (316) (206) (CE)    ;(11001110) (316) (206) (CE)   ;(11001110) (316) (206) (CE)   ;(11001110) (316) (206) (CE)   ;(11001111) (317) (207) (CF)   ;(11001111) (317) (207) (CF)   ;(11001111) (317) (207) (CF)   ;(11001111) (317) (207) (CF)   ;
;440;(11001111) (317) (207) (CF)    ;(11001111) (317) (207) (CF)   ;(11001111) (317) (207) (CF)   ;(11010000) (320) (208) (D0)   ;(11010000) (320) (208) (D0)   ;(11010000) (320) (208) (D0)   ;(11010000) (320) (208) (D0)   ;(11010000) (320) (208) (D0)   ;
;448;(11010000) (320) (208) (D0)    ;(11010001) (321) (209) (D1)   ;(11010001) (321) (209) (D1)   ;(11010001) (321) (209) (D1)   ;(11010001) (321) (209) (D1)   ;(11010001) (321) (209) (D1)   ;(11010001) (321) (209) (D1)   ;(11010001) (321) (209) (D1)   ;
;456;(11010010) (322) (210) (D2)    ;(11010010) (322) (210) (D2)   ;(11010010) (322) (210) (D2)   ;(11010010) (322) (210) (D2)   ;(11010010) (322) (210) (D2)   ;(11010010) (322) (210) (D2)   ;(11010010) (322) (210) (D2)   ;(11010011) (323) (211) (D3)   ;
;464;(11010011) (323) (211) (D3)    ;(11010011) (323) (211) (D3)   ;(11010011) (323) (211) (D3)   ;(11010011) (323) (211) (D3)   ;(11010011) (323) (211) (D3)   ;(11010100) (324) (212) (D4)   ;(11010100) (324) (212) (D4)   ;(11010100) (324) (212) (D4)   ;
;472;(11010100) (324) (212) (D4)    ;(11010100) (324) (212) (D4)   ;(11010100) (324) (212) (D4)   ;(11010100) (324) (212) (D4)   ;(11010101) (325) (213) (D5)   ;(11010101) (325) (213) (D5)   ;(11010101) (325) (213) (D5)   ;(11010101) (325) (213) (D5)   ;
;480;(11010101) (325) (213) (D5)    ;(11010101) (325) (213) (D5)   ;(11010101) (325) (213) (D5)   ;(11010110) (326) (214) (D6)   ;(11010110) (326) (214) (D6)   ;(11010110) (326) (214) (D6)   ;(11010110) (326) (214) (D6)   ;(11010110) (326) (214) (D6)   ;
;488;(11010110) (326) (214) (D6)    ;(11010110) (326) (214) (D6)   ;(11010111) (327) (215) (D7)   ;(11010111) (327) (215) (D7)   ;(11010111) (327) (215) (D7)   ;(11010111) (327) (215) (D7)   ;(11010111) (327) (215) (D7)   ;(11010111) (327) (215) (D7)   ;
;496;(11010111) (327) (215) (D7)    ;(11011000) (330) (216) (D8)   ;(11011000) (330) (216) (D8)   ;(11011000) (330) (216) (D8)   ;(11011000) (330) (216) (D8)   ;(11011000) (330) (216) (D8)   ;(11011000) (330) (216) (D8)   ;(11011000) (330) (216) (D8)   ;
;504;(11011001) (331) (217) (D9)    ;(11011001) (331) (217) (D9)   ;(11011001) (331) (217) (D9)   ;(11011001) (331) (217) (D9)   ;(11011001) (331) (217) (D9)   ;(11011001) (331) (217) (D9)   ;(11011001) (331) (217) (D9)   ;(11011010) (332) (218) (DA)   ;
;512;(11011010) (332) (218) (DA)    ;(11011010) (332) (218) (DA)   ;(11011010) (332) (218) (DA)   ;(11011010) (332) (218) (DA)   ;(11011010) (332) (218) (DA)   ;(11011010) (332) (218) (DA)   ;(11011010) (332) (218) (DA)   ;(11011011) (333) (219) (DB)   ;
;520;(11011011) (333) (219) (DB)    ;(11011011) (333) (219) (DB)   ;(11011011) (333) (219) (DB)   ;(11011011) (333) (219) (DB)   ;(11011011) (333) (219) (DB)   ;(11011011) (333) (219) (DB)   ;(11011100) (334) (220) (DC)   ;(11011100) (334) (220) (DC)   ;
;528;(11011100) (334) (220) (DC)    ;(11011100) (334) (220) (DC)   ;(11011100) (334) (220) (DC)   ;(11011100) (334) (220) (DC)   ;(11011100) (334) (220) (DC)   ;(11011101) (335) (221) (DD)   ;(11011101) (335) (221) (DD)   ;(11011101) (335) (221) (DD)   ;
;536;(11011101) (335) (221) (DD)    ;(11011101) (335) (221) (DD)   ;(11011101) (335) (221) (DD)   ;(11011101) (335) (221) (DD)   ;(11011101) (335) (221) (DD)   ;(11011110) (336) (222) (DE)   ;(11011110) (336) (222) (DE)   ;(11011110) (336) (222) (DE)   ;
;544;(11011110) (336) (222) (DE)    ;(11011110) (336) (222) (DE)   ;(11011110) (336) (222) (DE)   ;(11011110) (336) (222) (DE)   ;(11011110) (336) (222) (DE)   ;(11011111) (337) (223) (DF)   ;(11011111) (337) (223) (DF)   ;(11011111) (337) (223) (DF)   ;
;552;(11011111) (337) (223) (DF)    ;(11011111) (337) (223) (DF)   ;(11011111) (337) (223) (DF)   ;(11011111) (337) (223) (DF)   ;(11100000) (340) (224) (E0)   ;(11100000) (340) (224) (E0)   ;(11100000) (340) (224) (E0)   ;(11100000) (340) (224) (E0)   ;
;560;(11100000) (340) (224) (E0)    ;(11100000) (340) (224) (E0)   ;(11100000) (340) (224) (E0)   ;(11100000) (340) (224) (E0)   ;(11100001) (341) (225) (E1)   ;(11100001) (341) (225) (E1)   ;(11100001) (341) (225) (E1)   ;(11100001) (341) (225) (E1)   ;
;568;(11100001) (341) (225) (E1)    ;(11100001) (341) (225) (E1)   ;(11100001) (341) (225) (E1)   ;(11100001) (341) (225) (E1)   ;(11100010) (342) (226) (E2)   ;(11100010) (342) (226) (E2)   ;(11100010) (342) (226) (E2)   ;(11100010) (342) (226) (E2)   ;
;576;(11100010) (342) (226) (E2)    ;(11100010) (342) (226) (E2)   ;(11100010) (342) (226) (E2)   ;(11100010) (342) (226) (E2)   ;(11100011) (343) (227) (E3)   ;(11100011) (343) (227) (E3)   ;(11100011) (343) (227) (E3)   ;(11100011) (343) (227) (E3)   ;
;584;(11100011) (343) (227) (E3)    ;(11100011) (343) (227) (E3)   ;(11100011) (343) (227) (E3)   ;(11100011) (343) (227) (E3)   ;(11100100) (344) (228) (E4)   ;(11100100) (344) (228) (E4)   ;(11100100) (344) (228) (E4)   ;(11100100) (344) (228) (E4)   ;
;592;(11100100) (344) (228) (E4)    ;(11100100) (344) (228) (E4)   ;(11100100) (344) (228) (E4)   ;(11100100) (344) (228) (E4)   ;(11100100) (344) (228) (E4)   ;(11100101) (345) (229) (E5)   ;(11100101) (345) (229) (E5)   ;(11100101) (345) (229) (E5)   ;
;600;(11100101) (345) (229) (E5)    ;(11100101) (345) (229) (E5)   ;(11100101) (345) (229) (E5)   ;(11100101) (345) (229) (E5)   ;(11100101) (345) (229) (E5)   ;(11100110) (346) (230) (E6)   ;(11100110) (346) (230) (E6)   ;(11100110) (346) (230) (E6)   ;
;608;(11100110) (346) (230) (E6)    ;(11100110) (346) (230) (E6)   ;(11100110) (346) (230) (E6)   ;(11100110) (346) (230) (E6)   ;(11100110) (346) (230) (E6)   ;(11100110) (346) (230) (E6)   ;(11100111) (347) (231) (E7)   ;(11100111) (347) (231) (E7)   ;
;616;(11100111) (347) (231) (E7)    ;(11100111) (347) (231) (E7)   ;(11100111) (347) (231) (E7)   ;(11100111) (347) (231) (E7)   ;(11100111) (347) (231) (E7)   ;(11100111) (347) (231) (E7)   ;(11101000) (350) (232) (E8)   ;(11101000) (350) (232) (E8)   ;
;624;(11101000) (350) (232) (E8)    ;(11101000) (350) (232) (E8)   ;(11101000) (350) (232) (E8)   ;(11101000) (350) (232) (E8)   ;(11101000) (350) (232) (E8)   ;(11101000) (350) (232) (E8)   ;(11101000) (350) (232) (E8)   ;(11101001) (351) (233) (E9)   ;
;632;(11101001) (351) (233) (E9)    ;(11101001) (351) (233) (E9)   ;(11101001) (351) (233) (E9)   ;(11101001) (351) (233) (E9)   ;(11101001) (351) (233) (E9)   ;(11101001) (351) (233) (E9)   ;(11101001) (351) (233) (E9)   ;(11101001) (351) (233) (E9)   ;
;640;(11101010) (352) (234) (EA)    ;(11101010) (352) (234) (EA)   ;(11101010) (352) (234) (EA)   ;(11101010) (352) (234) (EA)   ;(11101010) (352) (234) (EA)   ;(11101010) (352) (234) (EA)   ;(11101010) (352) (234) (EA)   ;(11101010) (352) (234) (EA)   ;
;648;(11101010) (352) (234) (EA)    ;(11101010) (352) (234) (EA)   ;(11101011) (353) (235) (EB)   ;(11101011) (353) (235) (EB)   ;(11101011) (353) (235) (EB)   ;(11101011) (353) (235) (EB)   ;(11101011) (353) (235) (EB)   ;(11101011) (353) (235) (EB)   ;
;656;(11101011) (353) (235) (EB)    ;(11101011) (353) (235) (EB)   ;(11101011) (353) (235) (EB)   ;(11101100) (354) (236) (EC)   ;(11101100) (354) (236) (EC)   ;(11101100) (354) (236) (EC)   ;(11101100) (354) (236) (EC)   ;(11101100) (354) (236) (EC)   ;
;664;(11101100) (354) (236) (EC)    ;(11101100) (354) (236) (EC)   ;(11101100) (354) (236) (EC)   ;(11101100) (354) (236) (EC)   ;(11101100) (354) (236) (EC)   ;(11101101) (355) (237) (ED)   ;(11101101) (355) (237) (ED)   ;(11101101) (355) (237) (ED)   ;
;672;(11101101) (355) (237) (ED)    ;(11101101) (355) (237) (ED)   ;(11101101) (355) (237) (ED)   ;(11101101) (355) (237) (ED)   ;(11101101) (355) (237) (ED)   ;(11101101) (355) (237) (ED)   ;(11101101) (355) (237) (ED)   ;(11101110) (356) (238) (EE)   ;
;680;(11101110) (356) (238) (EE)    ;(11101110) (356) (238) (EE)   ;(11101110) (356) (238) (EE)   ;(11101110) (356) (238) (EE)   ;(11101110) (356) (238) (EE)   ;(11101110) (356) (238) (EE)   ;(11101110) (356) (238) (EE)   ;(11101110) (356) (238) (EE)   ;
;688;(11101110) (356) (238) (EE)    ;(11101111) (357) (239) (EF)   ;(11101111) (357) (239) (EF)   ;(11101111) (357) (239) (EF)   ;(11101111) (357) (239) (EF)   ;(11101111) (357) (239) (EF)   ;(11101111) (357) (239) (EF)   ;(11101111) (357) (239) (EF)   ;
;696;(11101111) (357) (239) (EF)    ;(11101111) (357) (239) (EF)   ;(11101111) (357) (239) (EF)   ;(11101111) (357) (239) (EF)   ;(11110000) (360) (240) (F0)   ;(11110000) (360) (240) (F0)   ;(11110000) (360) (240) (F0)   ;(11110000) (360) (240) (F0)   ;
;704;(11110000) (360) (240) (F0)    ;(11110000) (360) (240) (F0)   ;(11110000) (360) (240) (F0)   ;(11110000) (360) (240) (F0)   ;(11110000) (360) (240) (F0)   ;(11110000) (360) (240) (F0)   ;(11110000) (360) (240) (F0)   ;(11110001) (361) (241) (F1)   ;
;712;(11110001) (361) (241) (F1)    ;(11110001) (361) (241) (F1)   ;(11110001) (361) (241) (F1)   ;(11110001) (361) (241) (F1)   ;(11110001) (361) (241) (F1)   ;(11110001) (361) (241) (F1)   ;(11110001) (361) (241) (F1)   ;(11110001) (361) (241) (F1)   ;
;720;(11110001) (361) (241) (F1)    ;(11110001) (361) (241) (F1)   ;(11110010) (362) (242) (F2)   ;(11110010) (362) (242) (F2)   ;(11110010) (362) (242) (F2)   ;(11110010) (362) (242) (F2)   ;(11110010) (362) (242) (F2)   ;(11110010) (362) (242) (F2)   ;
;728;(11110010) (362) (242) (F2)    ;(11110010) (362) (242) (F2)   ;(11110010) (362) (242) (F2)   ;(11110010) (362) (242) (F2)   ;(11110010) (362) (242) (F2)   ;(11110011) (363) (243) (F3)   ;(11110011) (363) (243) (F3)   ;(11110011) (363) (243) (F3)   ;
;736;(11110011) (363) (243) (F3)    ;(11110011) (363) (243) (F3)   ;(11110011) (363) (243) (F3)   ;(11110011) (363) (243) (F3)   ;(11110011) (363) (243) (F3)   ;(11110011) (363) (243) (F3)   ;(11110011) (363) (243) (F3)   ;(11110011) (363) (243) (F3)   ;
;744;(11110011) (363) (243) (F3)    ;(11110100) (364) (244) (F4)   ;(11110100) (364) (244) (F4)   ;(11110100) (364) (244) (F4)   ;(11110100) (364) (244) (F4)   ;(11110100) (364) (244) (F4)   ;(11110100) (364) (244) (F4)   ;(11110100) (364) (244) (F4)   ;
;752;(11110100) (364) (244) (F4)    ;(11110100) (364) (244) (F4)   ;(11110100) (364) (244) (F4)   ;(11110100) (364) (244) (F4)   ;(11110100) (364) (244) (F4)   ;(11110100) (364) (244) (F4)   ;(11110101) (365) (245) (F5)   ;(11110101) (365) (245) (F5)   ;
;760;(11110101) (365) (245) (F5)    ;(11110101) (365) (245) (F5)   ;(11110101) (365) (245) (F5)   ;(11110101) (365) (245) (F5)   ;(11110101) (365) (245) (F5)   ;(11110101) (365) (245) (F5)   ;(11110101) (365) (245) (F5)   ;(11110101) (365) (245) (F5)   ;
;768;(11110101) (365) (245) (F5)    ;(11110101) (365) (245) (F5)   ;(11110101) (365) (245) (F5)   ;(11110110) (366) (246) (F6)   ;(11110110) (366) (246) (F6)   ;(11110110) (366) (246) (F6)   ;(11110110) (366) (246) (F6)   ;(11110110) (366) (246) (F6)   ;
;776;(11110110) (366) (246) (F6)    ;(11110110) (366) (246) (F6)   ;(11110110) (366) (246) (F6)   ;(11110110) (366) (246) (F6)   ;(11110110) (366) (246) (F6)   ;(11110110) (366) (246) (F6)   ;(11110110) (366) (246) (F6)   ;(11110110) (366) (246) (F6)   ;
;784;(11110110) (366) (246) (F6)    ;(11110111) (367) (247) (F7)   ;(11110111) (367) (247) (F7)   ;(11110111) (367) (247) (F7)   ;(11110111) (367) (247) (F7)   ;(11110111) (367) (247) (F7)   ;(11110111) (367) (247) (F7)   ;(11110111) (367) (247) (F7)   ;
;792;(11110111) (367) (247) (F7)    ;(11110111) (367) (247) (F7)   ;(11110111) (367) (247) (F7)   ;(11110111) (367) (247) (F7)   ;(11110111) (367) (247) (F7)   ;(11110111) (367) (247) (F7)   ;(11110111) (367) (247) (F7)   ;(11110111) (367) (247) (F7)   ;
;800;(11111000) (370) (248) (F8)    ;(11111000) (370) (248) (F8)   ;(11111000) (370) (248) (F8)   ;(11111000) (370) (248) (F8)   ;(11111000) (370) (248) (F8)   ;(11111000) (370) (248) (F8)   ;(11111000) (370) (248) (F8)   ;(11111000) (370) (248) (F8)   ;
;808;(11111000) (370) (248) (F8)    ;(11111000) (370) (248) (F8)   ;(11111000) (370) (248) (F8)   ;(11111000) (370) (248) (F8)   ;(11111000) (370) (248) (F8)   ;(11111000) (370) (248) (F8)   ;(11111000) (370) (248) (F8)   ;(11111001) (371) (249) (F9)   ;
;816;(11111001) (371) (249) (F9)    ;(11111001) (371) (249) (F9)   ;(11111001) (371) (249) (F9)   ;(11111001) (371) (249) (F9)   ;(11111001) (371) (249) (F9)   ;(11111001) (371) (249) (F9)   ;(11111001) (371) (249) (F9)   ;(11111001) (371) (249) (F9)   ;
;824;(11111001) (371) (249) (F9)    ;(11111001) (371) (249) (F9)   ;(11111001) (371) (249) (F9)   ;(11111001) (371) (249) (F9)   ;(11111001) (371) (249) (F9)   ;(11111001) (371) (249) (F9)   ;(11111001) (371) (249) (F9)   ;(11111001) (371) (249) (F9)   ;
;832;(11111010) (372) (250) (FA)    ;(11111010) (372) (250) (FA)   ;(11111010) (372) (250) (FA)   ;(11111010) (372) (250) (FA)   ;(11111010) (372) (250) (FA)   ;(11111010) (372) (250) (FA)   ;(11111010) (372) (250) (FA)   ;(11111010) (372) (250) (FA)   ;
;840;(11111010) (372) (250) (FA)    ;(11111010) (372) (250) (FA)   ;(11111010) (372) (250) (FA)   ;(11111010) (372) (250) (FA)   ;(11111010) (372) (250) (FA)   ;(11111010) (372) (250) (FA)   ;(11111010) (372) (250) (FA)   ;(11111010) (372) (250) (FA)   ;
;848;(11111010) (372) (250) (FA)    ;(11111010) (372) (250) (FA)   ;(11111010) (372) (250) (FA)   ;(11111011) (373) (251) (FB)   ;(11111011) (373) (251) (FB)   ;(11111011) (373) (251) (FB)   ;(11111011) (373) (251) (FB)   ;(11111011) (373) (251) (FB)   ;
;856;(11111011) (373) (251) (FB)    ;(11111011) (373) (251) (FB)   ;(11111011) (373) (251) (FB)   ;(11111011) (373) (251) (FB)   ;(11111011) (373) (251) (FB)   ;(11111011) (373) (251) (FB)   ;(11111011) (373) (251) (FB)   ;(11111011) (373) (251) (FB)   ;
;864;(11111011) (373) (251) (FB)    ;(11111011) (373) (251) (FB)   ;(11111011) (373) (251) (FB)   ;(11111011) (373) (251) (FB)   ;(11111011) (373) (251) (FB)   ;(11111011) (373) (251) (FB)   ;(11111011) (373) (251) (FB)   ;(11111100) (374) (252) (FC)   ;
;872;(11111100) (374) (252) (FC)    ;(11111100) (374) (252) (FC)   ;(11111100) (374) (252) (FC)   ;(11111100) (374) (252) (FC)   ;(11111100) (374) (252) (FC)   ;(11111100) (374) (252) (FC)   ;(11111100) (374) (252) (FC)   ;(11111100) (374) (252) (FC)   ;
;880;(11111100) (374) (252) (FC)    ;(11111100) (374) (252) (FC)   ;(11111100) (374) (252) (FC)   ;(11111100) (374) (252) (FC)   ;(11111100) (374) (252) (FC)   ;(11111100) (374) (252) (FC)   ;(11111100) (374) (252) (FC)   ;(11111100) (374) (252) (FC)   ;
;888;(11111100) (374) (252) (FC)    ;(11111100) (374) (252) (FC)   ;(11111100) (374) (252) (FC)   ;(11111100) (374) (252) (FC)   ;(11111100) (374) (252) (FC)   ;(11111100) (374) (252) (FC)   ;(11111100) (374) (252) (FC)   ;(11111101) (375) (253) (FD)   ;
;896;(11111101) (375) (253) (FD)    ;(11111101) (375) (253) (FD)   ;(11111101) (375) (253) (FD)   ;(11111101) (375) (253) (FD)   ;(11111101) (375) (253) (FD)   ;(11111101) (375) (253) (FD)   ;(11111101) (375) (253) (FD)   ;(11111101) (375) (253) (FD)   ;
;904;(11111101) (375) (253) (FD)    ;(11111101) (375) (253) (FD)   ;(11111101) (375) (253) (FD)   ;(11111101) (375) (253) (FD)   ;(11111101) (375) (253) (FD)   ;(11111101) (375) (253) (FD)   ;(11111101) (375) (253) (FD)   ;(11111101) (375) (253) (FD)   ;
;912;(11111101) (375) (253) (FD)    ;(11111101) (375) (253) (FD)   ;(11111101) (375) (253) (FD)   ;(11111101) (375) (253) (FD)   ;(11111101) (375) (253) (FD)   ;(11111101) (375) (253) (FD)   ;(11111101) (375) (253) (FD)   ;(11111101) (375) (253) (FD)   ;
;920;(11111101) (375) (253) (FD)    ;(11111101) (375) (253) (FD)   ;(11111101) (375) (253) (FD)   ;(11111101) (375) (253) (FD)   ;(11111110) (376) (254) (FE)   ;(11111110) (376) (254) (FE)   ;(11111110) (376) (254) (FE)   ;(11111110) (376) (254) (FE)   ;
;928;(11111110) (376) (254) (FE)    ;(11111110) (376) (254) (FE)   ;(11111110) (376) (254) (FE)   ;(11111110) (376) (254) (FE)   ;(11111110) (376) (254) (FE)   ;(11111110) (376) (254) (FE)   ;(11111110) (376) (254) (FE)   ;(11111110) (376) (254) (FE)   ;
;936;(11111110) (376) (254) (FE)    ;(11111110) (376) (254) (FE)   ;(11111110) (376) (254) (FE)   ;(11111110) (376) (254) (FE)   ;(11111110) (376) (254) (FE)   ;(11111110) (376) (254) (FE)   ;(11111110) (376) (254) (FE)   ;(11111110) (376) (254) (FE)   ;
;944;(11111110) (376) (254) (FE)    ;(11111110) (376) (254) (FE)   ;(11111110) (376) (254) (FE)   ;(11111110) (376) (254) (FE)   ;(11111110) (376) (254) (FE)   ;(11111110) (376) (254) (FE)   ;(11111110) (376) (254) (FE)   ;(11111110) (376) (254) (FE)   ;
;952;(11111110) (376) (254) (FE)    ;(11111110) (376) (254) (FE)   ;(11111110) (376) (254) (FE)   ;(11111110) (376) (254) (FE)   ;(11111110) (376) (254) (FE)   ;(11111110) (376) (254) (FE)   ;(11111110) (376) (254) (FE)   ;(11111110) (376) (254) (FE)   ;
;960;(11111110) (376) (254) (FE)    ;(11111110) (376) (254) (FE)   ;(11111110) (376) (254) (FE)   ;(11111110) (376) (254) (FE)   ;(11111110) (376) (254) (FE)   ;(11111110) (376) (254) (FE)   ;(11111110) (376) (254) (FE)   ;(11111111) (377) (255) (FF)   ;
;968;(11111111) (377) (255) (FF)    ;(11111111) (377) (255) (FF)   ;(11111111) (377) (255) (FF)   ;(11111111) (377) (255) (FF)   ;(11111111) (377) (255) (FF)   ;(11111111) (377) (255) (FF)   ;(11111111) (377) (255) (FF)   ;(11111111) (377) (255) (FF)   ;
;976;(11111111) (377) (255) (FF)    ;(11111111) (377) (255) (FF)   ;(11111111) (377) (255) (FF)   ;(11111111) (377) (255) (FF)   ;(11111111) (377) (255) (FF)   ;(11111111) (377) (255) (FF)   ;(11111111) (377) (255) (FF)   ;(11111111) (377) (255) (FF)   ;
;984;(11111111) (377) (255) (FF)    ;(11111111) (377) (255) (FF)   ;(11111111) (377) (255) (FF)   ;(11111111) (377) (255) (FF)   ;(11111111) (377) (255) (FF)   ;(11111111) (377) (255) (FF)   ;(11111111) (377) (255) (FF)   ;(11111111) (377) (255) (FF)   ;
;992;(11111111) (377) (255) (FF)    ;(11111111) (377) (255) (FF)   ;(11111111) (377) (255) (FF)   ;(11111111) (377) (255) (FF)   ;(11111111) (377) (255) (FF)   ;(11111111) (377) (255) (FF)   ;(11111111) (377) (255) (FF)   ;(11111111) (377) (255) (FF)   ;
;1000;(11111111) (377) (255) (FF)    ;(11111111) (377) (255) (FF)   ;(11111111) (377) (255) (FF)   ;(11111111) (377) (255) (FF)   ;(11111111) (377) (255) (FF)   ;(11111111) (377) (255) (FF)   ;(11111111) (377) (255) (FF)   ;(11111111) (377) (255) (FF)   ;
;1008;(11111111) (377) (255) (FF)    ;(11111111) (377) (255) (FF)   ;(11111111) (377) (255) (FF)   ;(11111111) (377) (255) (FF)   ;(11111111) (377) (255) (FF)   ;(11111111) (377) (255) (FF)   ;(11111111) (377) (255) (FF)   ;(11111111) (377) (255) (FF)   ;
;1016;(11111111) (377) (255) (FF)    ;(11111111) (377) (255) (FF)   ;(11111111) (377) (255) (FF)   ;(11111111) (377) (255) (FF)   ;(11111111) (377) (255) (FF)   ;(11111111) (377) (255) (FF)   ;(11111111) (377) (255) (FF)   ;(11111111) (377) (255) (FF)   ;
;1024;(11111111) (377) (255) (FF)    ;(11111111) (377) (255) (FF)   ;(11111111) (377) (255) (FF)   ;(11111111) (377) (255) (FF)   ;(11111111) (377) (255) (FF)   ;(11111111) (377) (255) (FF)   ;(11111111) (377) (255) (FF)   ;(11111111) (377) (255) (FF)   ;
;1032;(11111111) (377) (255) (FF)    ;(11111111) (377) (255) (FF)   ;(11111111) (377) (255) (FF)   ;(11111111) (377) (255) (FF)   ;(11111111) (377) (255) (FF)   ;(11111111) (377) (255) (FF)   ;(11111111) (377) (255) (FF)   ;(11111111) (377) (255) (FF)   ;
;1040;(11111111) (377) (255) (FF)    ;(11111111) (377) (255) (FF)   ;(11111111) (377) (255) (FF)   ;(11111111) (377) (255) (FF)   ;(11111111) (377) (255) (FF)   ;(11111111) (377) (255) (FF)   ;(11111111) (377) (255) (FF)   ;(11111111) (377) (255) (FF)   ;
;1048;(11111111) (377) (255) (FF)    ;(11111111) (377) (255) (FF)   ;(11111111) (377) (255) (FF)   ;(11111111) (377) (255) (FF)   ;(11111111) (377) (255) (FF)   ;(11111111) (377) (255) (FF)   ;(11111111) (377) (255) (FF)   ;(11111111) (377) (255) (FF)   ;
;1056;(11111111) (377) (255) (FF)    ;(11111111) (377) (255) (FF)   ;(11111111) (377) (255) (FF)   ;(11111111) (377) (255) (FF)   ;(11111111) (377) (255) (FF)   ;(11111111) (377) (255) (FF)   ;(11111111) (377) (255) (FF)   ;(11111111) (377) (255) (FF)   ;
;1064;(11111111) (377) (255) (FF)    ;(11111111) (377) (255) (FF)   ;(11111111) (377) (255) (FF)   ;(11111111) (377) (255) (FF)   ;(11111111) (377) (255) (FF)   ;(11111111) (377) (255) (FF)   ;(11111111) (377) (255) (FF)   ;(11111111) (377) (255) (FF)   ;
;1072;(11111111) (377) (255) (FF)    ;(11111111) (377) (255) (FF)   ;(11111111) (377) (255) (FF)   ;(11111111) (377) (255) (FF)   ;(11111111) (377) (255) (FF)   ;(11111111) (377) (255) (FF)   ;(11111111) (377) (255) (FF)   ;(11111111) (377) (255) (FF)   ;
;1080;(11111111) (377) (255) (FF)    ;(11111111) (377) (255) (FF)   ;(11111110) (376) (254) (FE)   ;(11111110) (376) (254) (FE)   ;(11111110) (376) (254) (FE)   ;(11111110) (376) (254) (FE)   ;(11111110) (376) (254) (FE)   ;(11111110) (376) (254) (FE)   ;
;1088;(11111110) (376) (254) (FE)    ;(11111110) (376) (254) (FE)   ;(11111110) (376) (254) (FE)   ;(11111110) (376) (254) (FE)   ;(11111110) (376) (254) (FE)   ;(11111110) (376) (254) (FE)   ;(11111110) (376) (254) (FE)   ;(11111110) (376) (254) (FE)   ;
;1096;(11111110) (376) (254) (FE)    ;(11111110) (376) (254) (FE)   ;(11111110) (376) (254) (FE)   ;(11111110) (376) (254) (FE)   ;(11111110) (376) (254) (FE)   ;(11111110) (376) (254) (FE)   ;(11111110) (376) (254) (FE)   ;(11111110) (376) (254) (FE)   ;
;1104;(11111110) (376) (254) (FE)    ;(11111110) (376) (254) (FE)   ;(11111110) (376) (254) (FE)   ;(11111110) (376) (254) (FE)   ;(11111110) (376) (254) (FE)   ;(11111110) (376) (254) (FE)   ;(11111110) (376) (254) (FE)   ;(11111110) (376) (254) (FE)   ;
;1112;(11111110) (376) (254) (FE)    ;(11111110) (376) (254) (FE)   ;(11111110) (376) (254) (FE)   ;(11111110) (376) (254) (FE)   ;(11111110) (376) (254) (FE)   ;(11111110) (376) (254) (FE)   ;(11111110) (376) (254) (FE)   ;(11111110) (376) (254) (FE)   ;
;1120;(11111110) (376) (254) (FE)    ;(11111110) (376) (254) (FE)   ;(11111110) (376) (254) (FE)   ;(11111110) (376) (254) (FE)   ;(11111110) (376) (254) (FE)   ;(11111101) (375) (253) (FD)   ;(11111101) (375) (253) (FD)   ;(11111101) (375) (253) (FD)   ;
;1128;(11111101) (375) (253) (FD)    ;(11111101) (375) (253) (FD)   ;(11111101) (375) (253) (FD)   ;(11111101) (375) (253) (FD)   ;(11111101) (375) (253) (FD)   ;(11111101) (375) (253) (FD)   ;(11111101) (375) (253) (FD)   ;(11111101) (375) (253) (FD)   ;
;1136;(11111101) (375) (253) (FD)    ;(11111101) (375) (253) (FD)   ;(11111101) (375) (253) (FD)   ;(11111101) (375) (253) (FD)   ;(11111101) (375) (253) (FD)   ;(11111101) (375) (253) (FD)   ;(11111101) (375) (253) (FD)   ;(11111101) (375) (253) (FD)   ;
;1144;(11111101) (375) (253) (FD)    ;(11111101) (375) (253) (FD)   ;(11111101) (375) (253) (FD)   ;(11111101) (375) (253) (FD)   ;(11111101) (375) (253) (FD)   ;(11111101) (375) (253) (FD)   ;(11111101) (375) (253) (FD)   ;(11111101) (375) (253) (FD)   ;
;1152;(11111101) (375) (253) (FD)    ;(11111101) (375) (253) (FD)   ;(11111100) (374) (252) (FC)   ;(11111100) (374) (252) (FC)   ;(11111100) (374) (252) (FC)   ;(11111100) (374) (252) (FC)   ;(11111100) (374) (252) (FC)   ;(11111100) (374) (252) (FC)   ;
;1160;(11111100) (374) (252) (FC)    ;(11111100) (374) (252) (FC)   ;(11111100) (374) (252) (FC)   ;(11111100) (374) (252) (FC)   ;(11111100) (374) (252) (FC)   ;(11111100) (374) (252) (FC)   ;(11111100) (374) (252) (FC)   ;(11111100) (374) (252) (FC)   ;
;1168;(11111100) (374) (252) (FC)    ;(11111100) (374) (252) (FC)   ;(11111100) (374) (252) (FC)   ;(11111100) (374) (252) (FC)   ;(11111100) (374) (252) (FC)   ;(11111100) (374) (252) (FC)   ;(11111100) (374) (252) (FC)   ;(11111100) (374) (252) (FC)   ;
;1176;(11111100) (374) (252) (FC)    ;(11111100) (374) (252) (FC)   ;(11111011) (373) (251) (FB)   ;(11111011) (373) (251) (FB)   ;(11111011) (373) (251) (FB)   ;(11111011) (373) (251) (FB)   ;(11111011) (373) (251) (FB)   ;(11111011) (373) (251) (FB)   ;
;1184;(11111011) (373) (251) (FB)    ;(11111011) (373) (251) (FB)   ;(11111011) (373) (251) (FB)   ;(11111011) (373) (251) (FB)   ;(11111011) (373) (251) (FB)   ;(11111011) (373) (251) (FB)   ;(11111011) (373) (251) (FB)   ;(11111011) (373) (251) (FB)   ;
;1192;(11111011) (373) (251) (FB)    ;(11111011) (373) (251) (FB)   ;(11111011) (373) (251) (FB)   ;(11111011) (373) (251) (FB)   ;(11111011) (373) (251) (FB)   ;(11111011) (373) (251) (FB)   ;(11111010) (372) (250) (FA)   ;(11111010) (372) (250) (FA)   ;
;1200;(11111010) (372) (250) (FA)    ;(11111010) (372) (250) (FA)   ;(11111010) (372) (250) (FA)   ;(11111010) (372) (250) (FA)   ;(11111010) (372) (250) (FA)   ;(11111010) (372) (250) (FA)   ;(11111010) (372) (250) (FA)   ;(11111010) (372) (250) (FA)   ;
;1208;(11111010) (372) (250) (FA)    ;(11111010) (372) (250) (FA)   ;(11111010) (372) (250) (FA)   ;(11111010) (372) (250) (FA)   ;(11111010) (372) (250) (FA)   ;(11111010) (372) (250) (FA)   ;(11111010) (372) (250) (FA)   ;(11111010) (372) (250) (FA)   ;
;1216;(11111010) (372) (250) (FA)    ;(11111001) (371) (249) (F9)   ;(11111001) (371) (249) (F9)   ;(11111001) (371) (249) (F9)   ;(11111001) (371) (249) (F9)   ;(11111001) (371) (249) (F9)   ;(11111001) (371) (249) (F9)   ;(11111001) (371) (249) (F9)   ;
;1224;(11111001) (371) (249) (F9)    ;(11111001) (371) (249) (F9)   ;(11111001) (371) (249) (F9)   ;(11111001) (371) (249) (F9)   ;(11111001) (371) (249) (F9)   ;(11111001) (371) (249) (F9)   ;(11111001) (371) (249) (F9)   ;(11111001) (371) (249) (F9)   ;
;1232;(11111001) (371) (249) (F9)    ;(11111001) (371) (249) (F9)   ;(11111000) (370) (248) (F8)   ;(11111000) (370) (248) (F8)   ;(11111000) (370) (248) (F8)   ;(11111000) (370) (248) (F8)   ;(11111000) (370) (248) (F8)   ;(11111000) (370) (248) (F8)   ;
;1240;(11111000) (370) (248) (F8)    ;(11111000) (370) (248) (F8)   ;(11111000) (370) (248) (F8)   ;(11111000) (370) (248) (F8)   ;(11111000) (370) (248) (F8)   ;(11111000) (370) (248) (F8)   ;(11111000) (370) (248) (F8)   ;(11111000) (370) (248) (F8)   ;
;1248;(11111000) (370) (248) (F8)    ;(11110111) (367) (247) (F7)   ;(11110111) (367) (247) (F7)   ;(11110111) (367) (247) (F7)   ;(11110111) (367) (247) (F7)   ;(11110111) (367) (247) (F7)   ;(11110111) (367) (247) (F7)   ;(11110111) (367) (247) (F7)   ;
;1256;(11110111) (367) (247) (F7)    ;(11110111) (367) (247) (F7)   ;(11110111) (367) (247) (F7)   ;(11110111) (367) (247) (F7)   ;(11110111) (367) (247) (F7)   ;(11110111) (367) (247) (F7)   ;(11110111) (367) (247) (F7)   ;(11110111) (367) (247) (F7)   ;
;1264;(11110110) (366) (246) (F6)    ;(11110110) (366) (246) (F6)   ;(11110110) (366) (246) (F6)   ;(11110110) (366) (246) (F6)   ;(11110110) (366) (246) (F6)   ;(11110110) (366) (246) (F6)   ;(11110110) (366) (246) (F6)   ;(11110110) (366) (246) (F6)   ;
;1272;(11110110) (366) (246) (F6)    ;(11110110) (366) (246) (F6)   ;(11110110) (366) (246) (F6)   ;(11110110) (366) (246) (F6)   ;(11110110) (366) (246) (F6)   ;(11110110) (366) (246) (F6)   ;(11110101) (365) (245) (F5)   ;(11110101) (365) (245) (F5)   ;
;1280;(11110101) (365) (245) (F5)    ;(11110101) (365) (245) (F5)   ;(11110101) (365) (245) (F5)   ;(11110101) (365) (245) (F5)   ;(11110101) (365) (245) (F5)   ;(11110101) (365) (245) (F5)   ;(11110101) (365) (245) (F5)   ;(11110101) (365) (245) (F5)   ;
;1288;(11110101) (365) (245) (F5)    ;(11110101) (365) (245) (F5)   ;(11110101) (365) (245) (F5)   ;(11110100) (364) (244) (F4)   ;(11110100) (364) (244) (F4)   ;(11110100) (364) (244) (F4)   ;(11110100) (364) (244) (F4)   ;(11110100) (364) (244) (F4)   ;
;1296;(11110100) (364) (244) (F4)    ;(11110100) (364) (244) (F4)   ;(11110100) (364) (244) (F4)   ;(11110100) (364) (244) (F4)   ;(11110100) (364) (244) (F4)   ;(11110100) (364) (244) (F4)   ;(11110100) (364) (244) (F4)   ;(11110100) (364) (244) (F4)   ;
;1304;(11110011) (363) (243) (F3)    ;(11110011) (363) (243) (F3)   ;(11110011) (363) (243) (F3)   ;(11110011) (363) (243) (F3)   ;(11110011) (363) (243) (F3)   ;(11110011) (363) (243) (F3)   ;(11110011) (363) (243) (F3)   ;(11110011) (363) (243) (F3)   ;
;1312;(11110011) (363) (243) (F3)    ;(11110011) (363) (243) (F3)   ;(11110011) (363) (243) (F3)   ;(11110011) (363) (243) (F3)   ;(11110010) (362) (242) (F2)   ;(11110010) (362) (242) (F2)   ;(11110010) (362) (242) (F2)   ;(11110010) (362) (242) (F2)   ;
;1320;(11110010) (362) (242) (F2)    ;(11110010) (362) (242) (F2)   ;(11110010) (362) (242) (F2)   ;(11110010) (362) (242) (F2)   ;(11110010) (362) (242) (F2)   ;(11110010) (362) (242) (F2)   ;(11110010) (362) (242) (F2)   ;(11110001) (361) (241) (F1)   ;
;1328;(11110001) (361) (241) (F1)    ;(11110001) (361) (241) (F1)   ;(11110001) (361) (241) (F1)   ;(11110001) (361) (241) (F1)   ;(11110001) (361) (241) (F1)   ;(11110001) (361) (241) (F1)   ;(11110001) (361) (241) (F1)   ;(11110001) (361) (241) (F1)   ;
;1336;(11110001) (361) (241) (F1)    ;(11110001) (361) (241) (F1)   ;(11110000) (360) (240) (F0)   ;(11110000) (360) (240) (F0)   ;(11110000) (360) (240) (F0)   ;(11110000) (360) (240) (F0)   ;(11110000) (360) (240) (F0)   ;(11110000) (360) (240) (F0)   ;
;1344;(11110000) (360) (240) (F0)    ;(11110000) (360) (240) (F0)   ;(11110000) (360) (240) (F0)   ;(11110000) (360) (240) (F0)   ;(11110000) (360) (240) (F0)   ;(11101111) (357) (239) (EF)   ;(11101111) (357) (239) (EF)   ;(11101111) (357) (239) (EF)   ;
;1352;(11101111) (357) (239) (EF)    ;(11101111) (357) (239) (EF)   ;(11101111) (357) (239) (EF)   ;(11101111) (357) (239) (EF)   ;(11101111) (357) (239) (EF)   ;(11101111) (357) (239) (EF)   ;(11101111) (357) (239) (EF)   ;(11101111) (357) (239) (EF)   ;
;1360;(11101110) (356) (238) (EE)    ;(11101110) (356) (238) (EE)   ;(11101110) (356) (238) (EE)   ;(11101110) (356) (238) (EE)   ;(11101110) (356) (238) (EE)   ;(11101110) (356) (238) (EE)   ;(11101110) (356) (238) (EE)   ;(11101110) (356) (238) (EE)   ;
;1368;(11101110) (356) (238) (EE)    ;(11101110) (356) (238) (EE)   ;(11101101) (355) (237) (ED)   ;(11101101) (355) (237) (ED)   ;(11101101) (355) (237) (ED)   ;(11101101) (355) (237) (ED)   ;(11101101) (355) (237) (ED)   ;(11101101) (355) (237) (ED)   ;
;1376;(11101101) (355) (237) (ED)    ;(11101101) (355) (237) (ED)   ;(11101101) (355) (237) (ED)   ;(11101101) (355) (237) (ED)   ;(11101100) (354) (236) (EC)   ;(11101100) (354) (236) (EC)   ;(11101100) (354) (236) (EC)   ;(11101100) (354) (236) (EC)   ;
;1384;(11101100) (354) (236) (EC)    ;(11101100) (354) (236) (EC)   ;(11101100) (354) (236) (EC)   ;(11101100) (354) (236) (EC)   ;(11101100) (354) (236) (EC)   ;(11101100) (354) (236) (EC)   ;(11101011) (353) (235) (EB)   ;(11101011) (353) (235) (EB)   ;
;1392;(11101011) (353) (235) (EB)    ;(11101011) (353) (235) (EB)   ;(11101011) (353) (235) (EB)   ;(11101011) (353) (235) (EB)   ;(11101011) (353) (235) (EB)   ;(11101011) (353) (235) (EB)   ;(11101011) (353) (235) (EB)   ;(11101010) (352) (234) (EA)   ;
;1400;(11101010) (352) (234) (EA)    ;(11101010) (352) (234) (EA)   ;(11101010) (352) (234) (EA)   ;(11101010) (352) (234) (EA)   ;(11101010) (352) (234) (EA)   ;(11101010) (352) (234) (EA)   ;(11101010) (352) (234) (EA)   ;(11101010) (352) (234) (EA)   ;
;1408;(11101010) (352) (234) (EA)    ;(11101001) (351) (233) (E9)   ;(11101001) (351) (233) (E9)   ;(11101001) (351) (233) (E9)   ;(11101001) (351) (233) (E9)   ;(11101001) (351) (233) (E9)   ;(11101001) (351) (233) (E9)   ;(11101001) (351) (233) (E9)   ;
;1416;(11101001) (351) (233) (E9)    ;(11101001) (351) (233) (E9)   ;(11101000) (350) (232) (E8)   ;(11101000) (350) (232) (E8)   ;(11101000) (350) (232) (E8)   ;(11101000) (350) (232) (E8)   ;(11101000) (350) (232) (E8)   ;(11101000) (350) (232) (E8)   ;
;1424;(11101000) (350) (232) (E8)    ;(11101000) (350) (232) (E8)   ;(11101000) (350) (232) (E8)   ;(11100111) (347) (231) (E7)   ;(11100111) (347) (231) (E7)   ;(11100111) (347) (231) (E7)   ;(11100111) (347) (231) (E7)   ;(11100111) (347) (231) (E7)   ;
;1432;(11100111) (347) (231) (E7)    ;(11100111) (347) (231) (E7)   ;(11100111) (347) (231) (E7)   ;(11100110) (346) (230) (E6)   ;(11100110) (346) (230) (E6)   ;(11100110) (346) (230) (E6)   ;(11100110) (346) (230) (E6)   ;(11100110) (346) (230) (E6)   ;
;1440;(11100110) (346) (230) (E6)    ;(11100110) (346) (230) (E6)   ;(11100110) (346) (230) (E6)   ;(11100110) (346) (230) (E6)   ;(11100101) (345) (229) (E5)   ;(11100101) (345) (229) (E5)   ;(11100101) (345) (229) (E5)   ;(11100101) (345) (229) (E5)   ;
;1448;(11100101) (345) (229) (E5)    ;(11100101) (345) (229) (E5)   ;(11100101) (345) (229) (E5)   ;(11100101) (345) (229) (E5)   ;(11100100) (344) (228) (E4)   ;(11100100) (344) (228) (E4)   ;(11100100) (344) (228) (E4)   ;(11100100) (344) (228) (E4)   ;
;1456;(11100100) (344) (228) (E4)    ;(11100100) (344) (228) (E4)   ;(11100100) (344) (228) (E4)   ;(11100100) (344) (228) (E4)   ;(11100100) (344) (228) (E4)   ;(11100011) (343) (227) (E3)   ;(11100011) (343) (227) (E3)   ;(11100011) (343) (227) (E3)   ;
;1464;(11100011) (343) (227) (E3)    ;(11100011) (343) (227) (E3)   ;(11100011) (343) (227) (E3)   ;(11100011) (343) (227) (E3)   ;(11100011) (343) (227) (E3)   ;(11100010) (342) (226) (E2)   ;(11100010) (342) (226) (E2)   ;(11100010) (342) (226) (E2)   ;
;1472;(11100010) (342) (226) (E2)    ;(11100010) (342) (226) (E2)   ;(11100010) (342) (226) (E2)   ;(11100010) (342) (226) (E2)   ;(11100010) (342) (226) (E2)   ;(11100001) (341) (225) (E1)   ;(11100001) (341) (225) (E1)   ;(11100001) (341) (225) (E1)   ;
;1480;(11100001) (341) (225) (E1)    ;(11100001) (341) (225) (E1)   ;(11100001) (341) (225) (E1)   ;(11100001) (341) (225) (E1)   ;(11100001) (341) (225) (E1)   ;(11100000) (340) (224) (E0)   ;(11100000) (340) (224) (E0)   ;(11100000) (340) (224) (E0)   ;
;1488;(11100000) (340) (224) (E0)    ;(11100000) (340) (224) (E0)   ;(11100000) (340) (224) (E0)   ;(11100000) (340) (224) (E0)   ;(11100000) (340) (224) (E0)   ;(11011111) (337) (223) (DF)   ;(11011111) (337) (223) (DF)   ;(11011111) (337) (223) (DF)   ;
;1496;(11011111) (337) (223) (DF)    ;(11011111) (337) (223) (DF)   ;(11011111) (337) (223) (DF)   ;(11011111) (337) (223) (DF)   ;(11011110) (336) (222) (DE)   ;(11011110) (336) (222) (DE)   ;(11011110) (336) (222) (DE)   ;(11011110) (336) (222) (DE)   ;
;1504;(11011110) (336) (222) (DE)    ;(11011110) (336) (222) (DE)   ;(11011110) (336) (222) (DE)   ;(11011110) (336) (222) (DE)   ;(11011101) (335) (221) (DD)   ;(11011101) (335) (221) (DD)   ;(11011101) (335) (221) (DD)   ;(11011101) (335) (221) (DD)   ;
;1512;(11011101) (335) (221) (DD)    ;(11011101) (335) (221) (DD)   ;(11011101) (335) (221) (DD)   ;(11011101) (335) (221) (DD)   ;(11011100) (334) (220) (DC)   ;(11011100) (334) (220) (DC)   ;(11011100) (334) (220) (DC)   ;(11011100) (334) (220) (DC)   ;
;1520;(11011100) (334) (220) (DC)    ;(11011100) (334) (220) (DC)   ;(11011100) (334) (220) (DC)   ;(11011011) (333) (219) (DB)   ;(11011011) (333) (219) (DB)   ;(11011011) (333) (219) (DB)   ;(11011011) (333) (219) (DB)   ;(11011011) (333) (219) (DB)   ;
;1528;(11011011) (333) (219) (DB)    ;(11011011) (333) (219) (DB)   ;(11011010) (332) (218) (DA)   ;(11011010) (332) (218) (DA)   ;(11011010) (332) (218) (DA)   ;(11011010) (332) (218) (DA)   ;(11011010) (332) (218) (DA)   ;(11011010) (332) (218) (DA)   ;
;1536;(11011010) (332) (218) (DA)    ;(11011010) (332) (218) (DA)   ;(11011001) (331) (217) (D9)   ;(11011001) (331) (217) (D9)   ;(11011001) (331) (217) (D9)   ;(11011001) (331) (217) (D9)   ;(11011001) (331) (217) (D9)   ;(11011001) (331) (217) (D9)   ;
;1544;(11011001) (331) (217) (D9)    ;(11011000) (330) (216) (D8)   ;(11011000) (330) (216) (D8)   ;(11011000) (330) (216) (D8)   ;(11011000) (330) (216) (D8)   ;(11011000) (330) (216) (D8)   ;(11011000) (330) (216) (D8)   ;(11011000) (330) (216) (D8)   ;
;1552;(11010111) (327) (215) (D7)    ;(11010111) (327) (215) (D7)   ;(11010111) (327) (215) (D7)   ;(11010111) (327) (215) (D7)   ;(11010111) (327) (215) (D7)   ;(11010111) (327) (215) (D7)   ;(11010111) (327) (215) (D7)   ;(11010110) (326) (214) (D6)   ;
;1560;(11010110) (326) (214) (D6)    ;(11010110) (326) (214) (D6)   ;(11010110) (326) (214) (D6)   ;(11010110) (326) (214) (D6)   ;(11010110) (326) (214) (D6)   ;(11010110) (326) (214) (D6)   ;(11010101) (325) (213) (D5)   ;(11010101) (325) (213) (D5)   ;
;1568;(11010101) (325) (213) (D5)    ;(11010101) (325) (213) (D5)   ;(11010101) (325) (213) (D5)   ;(11010101) (325) (213) (D5)   ;(11010101) (325) (213) (D5)   ;(11010100) (324) (212) (D4)   ;(11010100) (324) (212) (D4)   ;(11010100) (324) (212) (D4)   ;
;1576;(11010100) (324) (212) (D4)    ;(11010100) (324) (212) (D4)   ;(11010100) (324) (212) (D4)   ;(11010100) (324) (212) (D4)   ;(11010011) (323) (211) (D3)   ;(11010011) (323) (211) (D3)   ;(11010011) (323) (211) (D3)   ;(11010011) (323) (211) (D3)   ;
;1584;(11010011) (323) (211) (D3)    ;(11010011) (323) (211) (D3)   ;(11010010) (322) (210) (D2)   ;(11010010) (322) (210) (D2)   ;(11010010) (322) (210) (D2)   ;(11010010) (322) (210) (D2)   ;(11010010) (322) (210) (D2)   ;(11010010) (322) (210) (D2)   ;
;1592;(11010010) (322) (210) (D2)    ;(11010001) (321) (209) (D1)   ;(11010001) (321) (209) (D1)   ;(11010001) (321) (209) (D1)   ;(11010001) (321) (209) (D1)   ;(11010001) (321) (209) (D1)   ;(11010001) (321) (209) (D1)   ;(11010001) (321) (209) (D1)   ;
;1600;(11010000) (320) (208) (D0)    ;(11010000) (320) (208) (D0)   ;(11010000) (320) (208) (D0)   ;(11010000) (320) (208) (D0)   ;(11010000) (320) (208) (D0)   ;(11010000) (320) (208) (D0)   ;(11001111) (317) (207) (CF)   ;(11001111) (317) (207) (CF)   ;
;1608;(11001111) (317) (207) (CF)    ;(11001111) (317) (207) (CF)   ;(11001111) (317) (207) (CF)   ;(11001111) (317) (207) (CF)   ;(11001111) (317) (207) (CF)   ;(11001110) (316) (206) (CE)   ;(11001110) (316) (206) (CE)   ;(11001110) (316) (206) (CE)   ;
;1616;(11001110) (316) (206) (CE)    ;(11001110) (316) (206) (CE)   ;(11001110) (316) (206) (CE)   ;(11001101) (315) (205) (CD)   ;(11001101) (315) (205) (CD)   ;(11001101) (315) (205) (CD)   ;(11001101) (315) (205) (CD)   ;(11001101) (315) (205) (CD)   ;
;1624;(11001101) (315) (205) (CD)    ;(11001101) (315) (205) (CD)   ;(11001100) (314) (204) (CC)   ;(11001100) (314) (204) (CC)   ;(11001100) (314) (204) (CC)   ;(11001100) (314) (204) (CC)   ;(11001100) (314) (204) (CC)   ;(11001100) (314) (204) (CC)   ;
;1632;(11001011) (313) (203) (CB)    ;(11001011) (313) (203) (CB)   ;(11001011) (313) (203) (CB)   ;(11001011) (313) (203) (CB)   ;(11001011) (313) (203) (CB)   ;(11001011) (313) (203) (CB)   ;(11001011) (313) (203) (CB)   ;(11001010) (312) (202) (CA)   ;
;1640;(11001010) (312) (202) (CA)    ;(11001010) (312) (202) (CA)   ;(11001010) (312) (202) (CA)   ;(11001010) (312) (202) (CA)   ;(11001010) (312) (202) (CA)   ;(11001001) (311) (201) (C9)   ;(11001001) (311) (201) (C9)   ;(11001001) (311) (201) (C9)   ;
;1648;(11001001) (311) (201) (C9)    ;(11001001) (311) (201) (C9)   ;(11001001) (311) (201) (C9)   ;(11001000) (310) (200) (C8)   ;(11001000) (310) (200) (C8)   ;(11001000) (310) (200) (C8)   ;(11001000) (310) (200) (C8)   ;(11001000) (310) (200) (C8)   ;
;1656;(11001000) (310) (200) (C8)    ;(11000111) (307) (199) (C7)   ;(11000111) (307) (199) (C7)   ;(11000111) (307) (199) (C7)   ;(11000111) (307) (199) (C7)   ;(11000111) (307) (199) (C7)   ;(11000111) (307) (199) (C7)   ;(11000110) (306) (198) (C6)   ;
;1664;(11000110) (306) (198) (C6)    ;(11000110) (306) (198) (C6)   ;(11000110) (306) (198) (C6)   ;(11000110) (306) (198) (C6)   ;(11000110) (306) (198) (C6)   ;(11000110) (306) (198) (C6)   ;(11000101) (305) (197) (C5)   ;(11000101) (305) (197) (C5)   ;
;1672;(11000101) (305) (197) (C5)    ;(11000101) (305) (197) (C5)   ;(11000101) (305) (197) (C5)   ;(11000101) (305) (197) (C5)   ;(11000100) (304) (196) (C4)   ;(11000100) (304) (196) (C4)   ;(11000100) (304) (196) (C4)   ;(11000100) (304) (196) (C4)   ;
;1680;(11000100) (304) (196) (C4)    ;(11000100) (304) (196) (C4)   ;(11000011) (303) (195) (C3)   ;(11000011) (303) (195) (C3)   ;(11000011) (303) (195) (C3)   ;(11000011) (303) (195) (C3)   ;(11000011) (303) (195) (C3)   ;(11000011) (303) (195) (C3)   ;
;1688;(11000010) (302) (194) (C2)    ;(11000010) (302) (194) (C2)   ;(11000010) (302) (194) (C2)   ;(11000010) (302) (194) (C2)   ;(11000010) (302) (194) (C2)   ;(11000010) (302) (194) (C2)   ;(11000001) (301) (193) (C1)   ;(11000001) (301) (193) (C1)   ;
;1696;(11000001) (301) (193) (C1)    ;(11000001) (301) (193) (C1)   ;(11000001) (301) (193) (C1)   ;(11000001) (301) (193) (C1)   ;(11000000) (300) (192) (C0)   ;(11000000) (300) (192) (C0)   ;(11000000) (300) (192) (C0)   ;(11000000) (300) (192) (C0)   ;
;1704;(11000000) (300) (192) (C0)    ;(11000000) (300) (192) (C0)   ;(10111111) (277) (191) (BF)   ;(10111111) (277) (191) (BF)   ;(10111111) (277) (191) (BF)   ;(10111111) (277) (191) (BF)   ;(10111111) (277) (191) (BF)   ;(10111111) (277) (191) (BF)   ;
;1712;(10111110) (276) (190) (BE)    ;(10111110) (276) (190) (BE)   ;(10111110) (276) (190) (BE)   ;(10111110) (276) (190) (BE)   ;(10111110) (276) (190) (BE)   ;(10111101) (275) (189) (BD)   ;(10111101) (275) (189) (BD)   ;(10111101) (275) (189) (BD)   ;
;1720;(10111101) (275) (189) (BD)    ;(10111101) (275) (189) (BD)   ;(10111101) (275) (189) (BD)   ;(10111100) (274) (188) (BC)   ;(10111100) (274) (188) (BC)   ;(10111100) (274) (188) (BC)   ;(10111100) (274) (188) (BC)   ;(10111100) (274) (188) (BC)   ;
;1728;(10111100) (274) (188) (BC)    ;(10111011) (273) (187) (BB)   ;(10111011) (273) (187) (BB)   ;(10111011) (273) (187) (BB)   ;(10111011) (273) (187) (BB)   ;(10111011) (273) (187) (BB)   ;(10111011) (273) (187) (BB)   ;(10111010) (272) (186) (BA)   ;
;1736;(10111010) (272) (186) (BA)    ;(10111010) (272) (186) (BA)   ;(10111010) (272) (186) (BA)   ;(10111010) (272) (186) (BA)   ;(10111010) (272) (186) (BA)   ;(10111001) (271) (185) (B9)   ;(10111001) (271) (185) (B9)   ;(10111001) (271) (185) (B9)   ;
;1744;(10111001) (271) (185) (B9)    ;(10111001) (271) (185) (B9)   ;(10111000) (270) (184) (B8)   ;(10111000) (270) (184) (B8)   ;(10111000) (270) (184) (B8)   ;(10111000) (270) (184) (B8)   ;(10111000) (270) (184) (B8)   ;(10111000) (270) (184) (B8)   ;
;1752;(10110111) (267) (183) (B7)    ;(10110111) (267) (183) (B7)   ;(10110111) (267) (183) (B7)   ;(10110111) (267) (183) (B7)   ;(10110111) (267) (183) (B7)   ;(10110111) (267) (183) (B7)   ;(10110110) (266) (182) (B6)   ;(10110110) (266) (182) (B6)   ;
;1760;(10110110) (266) (182) (B6)    ;(10110110) (266) (182) (B6)   ;(10110110) (266) (182) (B6)   ;(10110101) (265) (181) (B5)   ;(10110101) (265) (181) (B5)   ;(10110101) (265) (181) (B5)   ;(10110101) (265) (181) (B5)   ;(10110101) (265) (181) (B5)   ;
;1768;(10110101) (265) (181) (B5)    ;(10110100) (264) (180) (B4)   ;(10110100) (264) (180) (B4)   ;(10110100) (264) (180) (B4)   ;(10110100) (264) (180) (B4)   ;(10110100) (264) (180) (B4)   ;(10110100) (264) (180) (B4)   ;(10110011) (263) (179) (B3)   ;
;1776;(10110011) (263) (179) (B3)    ;(10110011) (263) (179) (B3)   ;(10110011) (263) (179) (B3)   ;(10110011) (263) (179) (B3)   ;(10110010) (262) (178) (B2)   ;(10110010) (262) (178) (B2)   ;(10110010) (262) (178) (B2)   ;(10110010) (262) (178) (B2)   ;
;1784;(10110010) (262) (178) (B2)    ;(10110010) (262) (178) (B2)   ;(10110001) (261) (177) (B1)   ;(10110001) (261) (177) (B1)   ;(10110001) (261) (177) (B1)   ;(10110001) (261) (177) (B1)   ;(10110001) (261) (177) (B1)   ;(10110000) (260) (176) (B0)   ;
;1792;(10110000) (260) (176) (B0)    ;(10110000) (260) (176) (B0)   ;(10110000) (260) (176) (B0)   ;(10110000) (260) (176) (B0)   ;(10110000) (260) (176) (B0)   ;(10101111) (257) (175) (AF)   ;(10101111) (257) (175) (AF)   ;(10101111) (257) (175) (AF)   ;
;1800;(10101111) (257) (175) (AF)    ;(10101111) (257) (175) (AF)   ;(10101110) (256) (174) (AE)   ;(10101110) (256) (174) (AE)   ;(10101110) (256) (174) (AE)   ;(10101110) (256) (174) (AE)   ;(10101110) (256) (174) (AE)   ;(10101110) (256) (174) (AE)   ;
;1808;(10101101) (255) (173) (AD)    ;(10101101) (255) (173) (AD)   ;(10101101) (255) (173) (AD)   ;(10101101) (255) (173) (AD)   ;(10101101) (255) (173) (AD)   ;(10101100) (254) (172) (AC)   ;(10101100) (254) (172) (AC)   ;(10101100) (254) (172) (AC)   ;
;1816;(10101100) (254) (172) (AC)    ;(10101100) (254) (172) (AC)   ;(10101100) (254) (172) (AC)   ;(10101011) (253) (171) (AB)   ;(10101011) (253) (171) (AB)   ;(10101011) (253) (171) (AB)   ;(10101011) (253) (171) (AB)   ;(10101011) (253) (171) (AB)   ;
;1824;(10101010) (252) (170) (AA)    ;(10101010) (252) (170) (AA)   ;(10101010) (252) (170) (AA)   ;(10101010) (252) (170) (AA)   ;(10101010) (252) (170) (AA)   ;(10101010) (252) (170) (AA)   ;(10101001) (251) (169) (A9)   ;(10101001) (251) (169) (A9)   ;
;1832;(10101001) (251) (169) (A9)    ;(10101001) (251) (169) (A9)   ;(10101001) (251) (169) (A9)   ;(10101000) (250) (168) (A8)   ;(10101000) (250) (168) (A8)   ;(10101000) (250) (168) (A8)   ;(10101000) (250) (168) (A8)   ;(10101000) (250) (168) (A8)   ;
;1840;(10100111) (247) (167) (A7)    ;(10100111) (247) (167) (A7)   ;(10100111) (247) (167) (A7)   ;(10100111) (247) (167) (A7)   ;(10100111) (247) (167) (A7)   ;(10100111) (247) (167) (A7)   ;(10100110) (246) (166) (A6)   ;(10100110) (246) (166) (A6)   ;
;1848;(10100110) (246) (166) (A6)    ;(10100110) (246) (166) (A6)   ;(10100110) (246) (166) (A6)   ;(10100101) (245) (165) (A5)   ;(10100101) (245) (165) (A5)   ;(10100101) (245) (165) (A5)   ;(10100101) (245) (165) (A5)   ;(10100101) (245) (165) (A5)   ;
;1856;(10100101) (245) (165) (A5)    ;(10100100) (244) (164) (A4)   ;(10100100) (244) (164) (A4)   ;(10100100) (244) (164) (A4)   ;(10100100) (244) (164) (A4)   ;(10100100) (244) (164) (A4)   ;(10100011) (243) (163) (A3)   ;(10100011) (243) (163) (A3)   ;
;1864;(10100011) (243) (163) (A3)    ;(10100011) (243) (163) (A3)   ;(10100011) (243) (163) (A3)   ;(10100010) (242) (162) (A2)   ;(10100010) (242) (162) (A2)   ;(10100010) (242) (162) (A2)   ;(10100010) (242) (162) (A2)   ;(10100010) (242) (162) (A2)   ;
;1872;(10100010) (242) (162) (A2)    ;(10100001) (241) (161) (A1)   ;(10100001) (241) (161) (A1)   ;(10100001) (241) (161) (A1)   ;(10100001) (241) (161) (A1)   ;(10100001) (241) (161) (A1)   ;(10100000) (240) (160) (A0)   ;(10100000) (240) (160) (A0)   ;
;1880;(10100000) (240) (160) (A0)    ;(10100000) (240) (160) (A0)   ;(10100000) (240) (160) (A0)   ;(10011111) (237) (159) (9F)   ;(10011111) (237) (159) (9F)   ;(10011111) (237) (159) (9F)   ;(10011111) (237) (159) (9F)   ;(10011111) (237) (159) (9F)   ;
;1888;(10011110) (236) (158) (9E)    ;(10011110) (236) (158) (9E)   ;(10011110) (236) (158) (9E)   ;(10011110) (236) (158) (9E)   ;(10011110) (236) (158) (9E)   ;(10011110) (236) (158) (9E)   ;(10011101) (235) (157) (9D)   ;(10011101) (235) (157) (9D)   ;
;1896;(10011101) (235) (157) (9D)    ;(10011101) (235) (157) (9D)   ;(10011101) (235) (157) (9D)   ;(10011100) (234) (156) (9C)   ;(10011100) (234) (156) (9C)   ;(10011100) (234) (156) (9C)   ;(10011100) (234) (156) (9C)   ;(10011100) (234) (156) (9C)   ;
;1904;(10011011) (233) (155) (9B)    ;(10011011) (233) (155) (9B)   ;(10011011) (233) (155) (9B)   ;(10011011) (233) (155) (9B)   ;(10011011) (233) (155) (9B)   ;(10011010) (232) (154) (9A)   ;(10011010) (232) (154) (9A)   ;(10011010) (232) (154) (9A)   ;
;1912;(10011010) (232) (154) (9A)    ;(10011010) (232) (154) (9A)   ;(10011010) (232) (154) (9A)   ;(10011001) (231) (153) (99)   ;(10011001) (231) (153) (99)   ;(10011001) (231) (153) (99)   ;(10011001) (231) (153) (99)   ;(10011001) (231) (153) (99)   ;
;1920;(10011000) (230) (152) (98)    ;(10011000) (230) (152) (98)   ;(10011000) (230) (152) (98)   ;(10011000) (230) (152) (98)   ;(10011000) (230) (152) (98)   ;(10010111) (227) (151) (97)   ;(10010111) (227) (151) (97)   ;(10010111) (227) (151) (97)   ;
;1928;(10010111) (227) (151) (97)    ;(10010111) (227) (151) (97)   ;(10010110) (226) (150) (96)   ;(10010110) (226) (150) (96)   ;(10010110) (226) (150) (96)   ;(10010110) (226) (150) (96)   ;(10010110) (226) (150) (96)   ;(10010101) (225) (149) (95)   ;
;1936;(10010101) (225) (149) (95)    ;(10010101) (225) (149) (95)   ;(10010101) (225) (149) (95)   ;(10010101) (225) (149) (95)   ;(10010101) (225) (149) (95)   ;(10010100) (224) (148) (94)   ;(10010100) (224) (148) (94)   ;(10010100) (224) (148) (94)   ;
;1944;(10010100) (224) (148) (94)    ;(10010100) (224) (148) (94)   ;(10010011) (223) (147) (93)   ;(10010011) (223) (147) (93)   ;(10010011) (223) (147) (93)   ;(10010011) (223) (147) (93)   ;(10010011) (223) (147) (93)   ;(10010010) (222) (146) (92)   ;
;1952;(10010010) (222) (146) (92)    ;(10010010) (222) (146) (92)   ;(10010010) (222) (146) (92)   ;(10010010) (222) (146) (92)   ;(10010001) (221) (145) (91)   ;(10010001) (221) (145) (91)   ;(10010001) (221) (145) (91)   ;(10010001) (221) (145) (91)   ;
;1960;(10010001) (221) (145) (91)    ;(10010000) (220) (144) (90)   ;(10010000) (220) (144) (90)   ;(10010000) (220) (144) (90)   ;(10010000) (220) (144) (90)   ;(10010000) (220) (144) (90)   ;(10001111) (217) (143) (8F)   ;(10001111) (217) (143) (8F)   ;
;1968;(10001111) (217) (143) (8F)    ;(10001111) (217) (143) (8F)   ;(10001111) (217) (143) (8F)   ;(10001111) (217) (143) (8F)   ;(10001110) (216) (142) (8E)   ;(10001110) (216) (142) (8E)   ;(10001110) (216) (142) (8E)   ;(10001110) (216) (142) (8E)   ;
;1976;(10001110) (216) (142) (8E)    ;(10001101) (215) (141) (8D)   ;(10001101) (215) (141) (8D)   ;(10001101) (215) (141) (8D)   ;(10001101) (215) (141) (8D)   ;(10001101) (215) (141) (8D)   ;(10001100) (214) (140) (8C)   ;(10001100) (214) (140) (8C)   ;
;1984;(10001100) (214) (140) (8C)    ;(10001100) (214) (140) (8C)   ;(10001100) (214) (140) (8C)   ;(10001011) (213) (139) (8B)   ;(10001011) (213) (139) (8B)   ;(10001011) (213) (139) (8B)   ;(10001011) (213) (139) (8B)   ;(10001011) (213) (139) (8B)   ;
;1992;(10001010) (212) (138) (8A)    ;(10001010) (212) (138) (8A)   ;(10001010) (212) (138) (8A)   ;(10001010) (212) (138) (8A)   ;(10001010) (212) (138) (8A)   ;(10001001) (211) (137) (89)   ;(10001001) (211) (137) (89)   ;(10001001) (211) (137) (89)   ;
;2000;(10001001) (211) (137) (89)    ;(10001001) (211) (137) (89)   ;(10001000) (210) (136) (88)   ;(10001000) (210) (136) (88)   ;(10001000) (210) (136) (88)   ;(10001000) (210) (136) (88)   ;(10001000) (210) (136) (88)   ;(10001000) (210) (136) (88)   ;
;2008;(10000111) (207) (135) (87)    ;(10000111) (207) (135) (87)   ;(10000111) (207) (135) (87)   ;(10000111) (207) (135) (87)   ;(10000111) (207) (135) (87)   ;(10000110) (206) (134) (86)   ;(10000110) (206) (134) (86)   ;(10000110) (206) (134) (86)   ;
;2016;(10000110) (206) (134) (86)    ;(10000110) (206) (134) (86)   ;(10000101) (205) (133) (85)   ;(10000101) (205) (133) (85)   ;(10000101) (205) (133) (85)   ;(10000101) (205) (133) (85)   ;(10000101) (205) (133) (85)   ;(10000100) (204) (132) (84)   ;
;2024;(10000100) (204) (132) (84)    ;(10000100) (204) (132) (84)   ;(10000100) (204) (132) (84)   ;(10000100) (204) (132) (84)   ;(10000011) (203) (131) (83)   ;(10000011) (203) (131) (83)   ;(10000011) (203) (131) (83)   ;(10000011) (203) (131) (83)   ;
;2032;(10000011) (203) (131) (83)    ;(10000010) (202) (130) (82)   ;(10000010) (202) (130) (82)   ;(10000010) (202) (130) (82)   ;(10000010) (202) (130) (82)   ;(10000010) (202) (130) (82)   ;(10000001) (201) (129) (81)   ;(10000001) (201) (129) (81)   ;
;2040;(10000001) (201) (129) (81)    ;(10000001) (201) (129) (81)   ;(10000001) (201) (129) (81)   ;(10000000) (200) (128) (80)   ;(10000000) (200) (128) (80)   ;(10000000) (200) (128) (80)   ;(10000000) (200) (128) (80)   ;(10000000) (200) (128) (80)   ;
;2048;(01111111) (177) (127) (7F)    ;(01111111) (177) (127) (7F)   ;(01111111) (177) (127) (7F)   ;(01111111) (177) (127) (7F)   ;(01111111) (177) (127) (7F)   ;(01111111) (177) (127) (7F)   ;(01111110) (176) (126) (7E)   ;(01111110) (176) (126) (7E)   ;
;2056;(01111110) (176) (126) (7E)    ;(01111110) (176) (126) (7E)   ;(01111110) (176) (126) (7E)   ;(01111101) (175) (125) (7D)   ;(01111101) (175) (125) (7D)   ;(01111101) (175) (125) (7D)   ;(01111101) (175) (125) (7D)   ;(01111101) (175) (125) (7D)   ;
;2064;(01111100) (174) (124) (7C)    ;(01111100) (174) (124) (7C)   ;(01111100) (174) (124) (7C)   ;(01111100) (174) (124) (7C)   ;(01111100) (174) (124) (7C)   ;(01111011) (173) (123) (7B)   ;(01111011) (173) (123) (7B)   ;(01111011) (173) (123) (7B)   ;
;2072;(01111011) (173) (123) (7B)    ;(01111011) (173) (123) (7B)   ;(01111010) (172) (122) (7A)   ;(01111010) (172) (122) (7A)   ;(01111010) (172) (122) (7A)   ;(01111010) (172) (122) (7A)   ;(01111010) (172) (122) (7A)   ;(01111001) (171) (121) (79)   ;
;2080;(01111001) (171) (121) (79)    ;(01111001) (171) (121) (79)   ;(01111001) (171) (121) (79)   ;(01111001) (171) (121) (79)   ;(01111000) (170) (120) (78)   ;(01111000) (170) (120) (78)   ;(01111000) (170) (120) (78)   ;(01111000) (170) (120) (78)   ;
;2088;(01111000) (170) (120) (78)    ;(01110111) (167) (119) (77)   ;(01110111) (167) (119) (77)   ;(01110111) (167) (119) (77)   ;(01110111) (167) (119) (77)   ;(01110111) (167) (119) (77)   ;(01110111) (167) (119) (77)   ;(01110110) (166) (118) (76)   ;
;2096;(01110110) (166) (118) (76)    ;(01110110) (166) (118) (76)   ;(01110110) (166) (118) (76)   ;(01110110) (166) (118) (76)   ;(01110101) (165) (117) (75)   ;(01110101) (165) (117) (75)   ;(01110101) (165) (117) (75)   ;(01110101) (165) (117) (75)   ;
;2104;(01110101) (165) (117) (75)    ;(01110100) (164) (116) (74)   ;(01110100) (164) (116) (74)   ;(01110100) (164) (116) (74)   ;(01110100) (164) (116) (74)   ;(01110100) (164) (116) (74)   ;(01110011) (163) (115) (73)   ;(01110011) (163) (115) (73)   ;
;2112;(01110011) (163) (115) (73)    ;(01110011) (163) (115) (73)   ;(01110011) (163) (115) (73)   ;(01110010) (162) (114) (72)   ;(01110010) (162) (114) (72)   ;(01110010) (162) (114) (72)   ;(01110010) (162) (114) (72)   ;(01110010) (162) (114) (72)   ;
;2120;(01110001) (161) (113) (71)    ;(01110001) (161) (113) (71)   ;(01110001) (161) (113) (71)   ;(01110001) (161) (113) (71)   ;(01110001) (161) (113) (71)   ;(01110000) (160) (112) (70)   ;(01110000) (160) (112) (70)   ;(01110000) (160) (112) (70)   ;
;2128;(01110000) (160) (112) (70)    ;(01110000) (160) (112) (70)   ;(01110000) (160) (112) (70)   ;(01101111) (157) (111) (6F)   ;(01101111) (157) (111) (6F)   ;(01101111) (157) (111) (6F)   ;(01101111) (157) (111) (6F)   ;(01101111) (157) (111) (6F)   ;
;2136;(01101110) (156) (110) (6E)    ;(01101110) (156) (110) (6E)   ;(01101110) (156) (110) (6E)   ;(01101110) (156) (110) (6E)   ;(01101110) (156) (110) (6E)   ;(01101101) (155) (109) (6D)   ;(01101101) (155) (109) (6D)   ;(01101101) (155) (109) (6D)   ;
;2144;(01101101) (155) (109) (6D)    ;(01101101) (155) (109) (6D)   ;(01101100) (154) (108) (6C)   ;(01101100) (154) (108) (6C)   ;(01101100) (154) (108) (6C)   ;(01101100) (154) (108) (6C)   ;(01101100) (154) (108) (6C)   ;(01101011) (153) (107) (6B)   ;
;2152;(01101011) (153) (107) (6B)    ;(01101011) (153) (107) (6B)   ;(01101011) (153) (107) (6B)   ;(01101011) (153) (107) (6B)   ;(01101010) (152) (106) (6A)   ;(01101010) (152) (106) (6A)   ;(01101010) (152) (106) (6A)   ;(01101010) (152) (106) (6A)   ;
;2160;(01101010) (152) (106) (6A)    ;(01101010) (152) (106) (6A)   ;(01101001) (151) (105) (69)   ;(01101001) (151) (105) (69)   ;(01101001) (151) (105) (69)   ;(01101001) (151) (105) (69)   ;(01101001) (151) (105) (69)   ;(01101000) (150) (104) (68)   ;
;2168;(01101000) (150) (104) (68)    ;(01101000) (150) (104) (68)   ;(01101000) (150) (104) (68)   ;(01101000) (150) (104) (68)   ;(01100111) (147) (103) (67)   ;(01100111) (147) (103) (67)   ;(01100111) (147) (103) (67)   ;(01100111) (147) (103) (67)   ;
;2176;(01100111) (147) (103) (67)    ;(01100110) (146) (102) (66)   ;(01100110) (146) (102) (66)   ;(01100110) (146) (102) (66)   ;(01100110) (146) (102) (66)   ;(01100110) (146) (102) (66)   ;(01100101) (145) (101) (65)   ;(01100101) (145) (101) (65)   ;
;2184;(01100101) (145) (101) (65)    ;(01100101) (145) (101) (65)   ;(01100101) (145) (101) (65)   ;(01100101) (145) (101) (65)   ;(01100100) (144) (100) (64)   ;(01100100) (144) (100) (64)   ;(01100100) (144) (100) (64)   ;(01100100) (144) (100) (64)   ;
;2192;(01100100) (144) (100) (64)    ;(01100011) (143) (99) (63)   ;(01100011) (143) (99) (63)   ;(01100011) (143) (99) (63)   ;(01100011) (143) (99) (63)   ;(01100011) (143) (99) (63)   ;(01100010) (142) (98) (62)   ;(01100010) (142) (98) (62)   ;
;2200;(01100010) (142) (98) (62)    ;(01100010) (142) (98) (62)   ;(01100010) (142) (98) (62)   ;(01100001) (141) (97) (61)   ;(01100001) (141) (97) (61)   ;(01100001) (141) (97) (61)   ;(01100001) (141) (97) (61)   ;(01100001) (141) (97) (61)   ;
;2208;(01100001) (141) (97) (61)    ;(01100000) (140) (96) (60)   ;(01100000) (140) (96) (60)   ;(01100000) (140) (96) (60)   ;(01100000) (140) (96) (60)   ;(01100000) (140) (96) (60)   ;(01011111) (137) (95) (5F)   ;(01011111) (137) (95) (5F)   ;
;2216;(01011111) (137) (95) (5F)    ;(01011111) (137) (95) (5F)   ;(01011111) (137) (95) (5F)   ;(01011110) (136) (94) (5E)   ;(01011110) (136) (94) (5E)   ;(01011110) (136) (94) (5E)   ;(01011110) (136) (94) (5E)   ;(01011110) (136) (94) (5E)   ;
;2224;(01011101) (135) (93) (5D)    ;(01011101) (135) (93) (5D)   ;(01011101) (135) (93) (5D)   ;(01011101) (135) (93) (5D)   ;(01011101) (135) (93) (5D)   ;(01011101) (135) (93) (5D)   ;(01011100) (134) (92) (5C)   ;(01011100) (134) (92) (5C)   ;
;2232;(01011100) (134) (92) (5C)    ;(01011100) (134) (92) (5C)   ;(01011100) (134) (92) (5C)   ;(01011011) (133) (91) (5B)   ;(01011011) (133) (91) (5B)   ;(01011011) (133) (91) (5B)   ;(01011011) (133) (91) (5B)   ;(01011011) (133) (91) (5B)   ;
;2240;(01011010) (132) (90) (5A)    ;(01011010) (132) (90) (5A)   ;(01011010) (132) (90) (5A)   ;(01011010) (132) (90) (5A)   ;(01011010) (132) (90) (5A)   ;(01011010) (132) (90) (5A)   ;(01011001) (131) (89) (59)   ;(01011001) (131) (89) (59)   ;
;2248;(01011001) (131) (89) (59)    ;(01011001) (131) (89) (59)   ;(01011001) (131) (89) (59)   ;(01011000) (130) (88) (58)   ;(01011000) (130) (88) (58)   ;(01011000) (130) (88) (58)   ;(01011000) (130) (88) (58)   ;(01011000) (130) (88) (58)   ;
;2256;(01011000) (130) (88) (58)    ;(01010111) (127) (87) (57)   ;(01010111) (127) (87) (57)   ;(01010111) (127) (87) (57)   ;(01010111) (127) (87) (57)   ;(01010111) (127) (87) (57)   ;(01010110) (126) (86) (56)   ;(01010110) (126) (86) (56)   ;
;2264;(01010110) (126) (86) (56)    ;(01010110) (126) (86) (56)   ;(01010110) (126) (86) (56)   ;(01010101) (125) (85) (55)   ;(01010101) (125) (85) (55)   ;(01010101) (125) (85) (55)   ;(01010101) (125) (85) (55)   ;(01010101) (125) (85) (55)   ;
;2272;(01010101) (125) (85) (55)    ;(01010100) (124) (84) (54)   ;(01010100) (124) (84) (54)   ;(01010100) (124) (84) (54)   ;(01010100) (124) (84) (54)   ;(01010100) (124) (84) (54)   ;(01010011) (123) (83) (53)   ;(01010011) (123) (83) (53)   ;
;2280;(01010011) (123) (83) (53)    ;(01010011) (123) (83) (53)   ;(01010011) (123) (83) (53)   ;(01010011) (123) (83) (53)   ;(01010010) (122) (82) (52)   ;(01010010) (122) (82) (52)   ;(01010010) (122) (82) (52)   ;(01010010) (122) (82) (52)   ;
;2288;(01010010) (122) (82) (52)    ;(01010001) (121) (81) (51)   ;(01010001) (121) (81) (51)   ;(01010001) (121) (81) (51)   ;(01010001) (121) (81) (51)   ;(01010001) (121) (81) (51)   ;(01010001) (121) (81) (51)   ;(01010000) (120) (80) (50)   ;
;2296;(01010000) (120) (80) (50)    ;(01010000) (120) (80) (50)   ;(01010000) (120) (80) (50)   ;(01010000) (120) (80) (50)   ;(01001111) (117) (79) (4F)   ;(01001111) (117) (79) (4F)   ;(01001111) (117) (79) (4F)   ;(01001111) (117) (79) (4F)   ;
;2304;(01001111) (117) (79) (4F)    ;(01001111) (117) (79) (4F)   ;(01001110) (116) (78) (4E)   ;(01001110) (116) (78) (4E)   ;(01001110) (116) (78) (4E)   ;(01001110) (116) (78) (4E)   ;(01001110) (116) (78) (4E)   ;(01001101) (115) (77) (4D)   ;
;2312;(01001101) (115) (77) (4D)    ;(01001101) (115) (77) (4D)   ;(01001101) (115) (77) (4D)   ;(01001101) (115) (77) (4D)   ;(01001101) (115) (77) (4D)   ;(01001100) (114) (76) (4C)   ;(01001100) (114) (76) (4C)   ;(01001100) (114) (76) (4C)   ;
;2320;(01001100) (114) (76) (4C)    ;(01001100) (114) (76) (4C)   ;(01001011) (113) (75) (4B)   ;(01001011) (113) (75) (4B)   ;(01001011) (113) (75) (4B)   ;(01001011) (113) (75) (4B)   ;(01001011) (113) (75) (4B)   ;(01001011) (113) (75) (4B)   ;
;2328;(01001010) (112) (74) (4A)    ;(01001010) (112) (74) (4A)   ;(01001010) (112) (74) (4A)   ;(01001010) (112) (74) (4A)   ;(01001010) (112) (74) (4A)   ;(01001010) (112) (74) (4A)   ;(01001001) (111) (73) (49)   ;(01001001) (111) (73) (49)   ;
;2336;(01001001) (111) (73) (49)    ;(01001001) (111) (73) (49)   ;(01001001) (111) (73) (49)   ;(01001000) (110) (72) (48)   ;(01001000) (110) (72) (48)   ;(01001000) (110) (72) (48)   ;(01001000) (110) (72) (48)   ;(01001000) (110) (72) (48)   ;
;2344;(01001000) (110) (72) (48)    ;(01000111) (107) (71) (47)   ;(01000111) (107) (71) (47)   ;(01000111) (107) (71) (47)   ;(01000111) (107) (71) (47)   ;(01000111) (107) (71) (47)   ;(01000111) (107) (71) (47)   ;(01000110) (106) (70) (46)   ;
;2352;(01000110) (106) (70) (46)    ;(01000110) (106) (70) (46)   ;(01000110) (106) (70) (46)   ;(01000110) (106) (70) (46)   ;(01000101) (105) (69) (45)   ;(01000101) (105) (69) (45)   ;(01000101) (105) (69) (45)   ;(01000101) (105) (69) (45)   ;
;2360;(01000101) (105) (69) (45)    ;(01000101) (105) (69) (45)   ;(01000100) (104) (68) (44)   ;(01000100) (104) (68) (44)   ;(01000100) (104) (68) (44)   ;(01000100) (104) (68) (44)   ;(01000100) (104) (68) (44)   ;(01000100) (104) (68) (44)   ;
;2368;(01000011) (103) (67) (43)    ;(01000011) (103) (67) (43)   ;(01000011) (103) (67) (43)   ;(01000011) (103) (67) (43)   ;(01000011) (103) (67) (43)   ;(01000011) (103) (67) (43)   ;(01000010) (102) (66) (42)   ;(01000010) (102) (66) (42)   ;
;2376;(01000010) (102) (66) (42)    ;(01000010) (102) (66) (42)   ;(01000010) (102) (66) (42)   ;(01000010) (102) (66) (42)   ;(01000001) (101) (65) (41)   ;(01000001) (101) (65) (41)   ;(01000001) (101) (65) (41)   ;(01000001) (101) (65) (41)   ;
;2384;(01000001) (101) (65) (41)    ;(01000000) (100) (64) (40)   ;(01000000) (100) (64) (40)   ;(01000000) (100) (64) (40)   ;(01000000) (100) (64) (40)   ;(01000000) (100) (64) (40)   ;(01000000) (100) (64) (40)   ;(00111111) (77) (63) (3F)   ;
;2392;(00111111) (77) (63) (3F)    ;(00111111) (77) (63) (3F)   ;(00111111) (77) (63) (3F)   ;(00111111) (77) (63) (3F)   ;(00111111) (77) (63) (3F)   ;(00111110) (76) (62) (3E)   ;(00111110) (76) (62) (3E)   ;(00111110) (76) (62) (3E)   ;
;2400;(00111110) (76) (62) (3E)    ;(00111110) (76) (62) (3E)   ;(00111110) (76) (62) (3E)   ;(00111101) (75) (61) (3D)   ;(00111101) (75) (61) (3D)   ;(00111101) (75) (61) (3D)   ;(00111101) (75) (61) (3D)   ;(00111101) (75) (61) (3D)   ;
;2408;(00111101) (75) (61) (3D)    ;(00111100) (74) (60) (3C)   ;(00111100) (74) (60) (3C)   ;(00111100) (74) (60) (3C)   ;(00111100) (74) (60) (3C)   ;(00111100) (74) (60) (3C)   ;(00111100) (74) (60) (3C)   ;(00111011) (73) (59) (3B)   ;
;2416;(00111011) (73) (59) (3B)    ;(00111011) (73) (59) (3B)   ;(00111011) (73) (59) (3B)   ;(00111011) (73) (59) (3B)   ;(00111011) (73) (59) (3B)   ;(00111010) (72) (58) (3A)   ;(00111010) (72) (58) (3A)   ;(00111010) (72) (58) (3A)   ;
;2424;(00111010) (72) (58) (3A)    ;(00111010) (72) (58) (3A)   ;(00111010) (72) (58) (3A)   ;(00111001) (71) (57) (39)   ;(00111001) (71) (57) (39)   ;(00111001) (71) (57) (39)   ;(00111001) (71) (57) (39)   ;(00111001) (71) (57) (39)   ;
;2432;(00111001) (71) (57) (39)    ;(00111001) (71) (57) (39)   ;(00111000) (70) (56) (38)   ;(00111000) (70) (56) (38)   ;(00111000) (70) (56) (38)   ;(00111000) (70) (56) (38)   ;(00111000) (70) (56) (38)   ;(00111000) (70) (56) (38)   ;
;2440;(00110111) (67) (55) (37)    ;(00110111) (67) (55) (37)   ;(00110111) (67) (55) (37)   ;(00110111) (67) (55) (37)   ;(00110111) (67) (55) (37)   ;(00110111) (67) (55) (37)   ;(00110110) (66) (54) (36)   ;(00110110) (66) (54) (36)   ;
;2448;(00110110) (66) (54) (36)    ;(00110110) (66) (54) (36)   ;(00110110) (66) (54) (36)   ;(00110110) (66) (54) (36)   ;(00110101) (65) (53) (35)   ;(00110101) (65) (53) (35)   ;(00110101) (65) (53) (35)   ;(00110101) (65) (53) (35)   ;
;2456;(00110101) (65) (53) (35)    ;(00110101) (65) (53) (35)   ;(00110100) (64) (52) (34)   ;(00110100) (64) (52) (34)   ;(00110100) (64) (52) (34)   ;(00110100) (64) (52) (34)   ;(00110100) (64) (52) (34)   ;(00110100) (64) (52) (34)   ;
;2464;(00110100) (64) (52) (34)    ;(00110011) (63) (51) (33)   ;(00110011) (63) (51) (33)   ;(00110011) (63) (51) (33)   ;(00110011) (63) (51) (33)   ;(00110011) (63) (51) (33)   ;(00110011) (63) (51) (33)   ;(00110010) (62) (50) (32)   ;
;2472;(00110010) (62) (50) (32)    ;(00110010) (62) (50) (32)   ;(00110010) (62) (50) (32)   ;(00110010) (62) (50) (32)   ;(00110010) (62) (50) (32)   ;(00110010) (62) (50) (32)   ;(00110001) (61) (49) (31)   ;(00110001) (61) (49) (31)   ;
;2480;(00110001) (61) (49) (31)    ;(00110001) (61) (49) (31)   ;(00110001) (61) (49) (31)   ;(00110001) (61) (49) (31)   ;(00110000) (60) (48) (30)   ;(00110000) (60) (48) (30)   ;(00110000) (60) (48) (30)   ;(00110000) (60) (48) (30)   ;
;2488;(00110000) (60) (48) (30)    ;(00110000) (60) (48) (30)   ;(00110000) (60) (48) (30)   ;(00101111) (57) (47) (2F)   ;(00101111) (57) (47) (2F)   ;(00101111) (57) (47) (2F)   ;(00101111) (57) (47) (2F)   ;(00101111) (57) (47) (2F)   ;
;2496;(00101111) (57) (47) (2F)    ;(00101110) (56) (46) (2E)   ;(00101110) (56) (46) (2E)   ;(00101110) (56) (46) (2E)   ;(00101110) (56) (46) (2E)   ;(00101110) (56) (46) (2E)   ;(00101110) (56) (46) (2E)   ;(00101110) (56) (46) (2E)   ;
;2504;(00101101) (55) (45) (2D)    ;(00101101) (55) (45) (2D)   ;(00101101) (55) (45) (2D)   ;(00101101) (55) (45) (2D)   ;(00101101) (55) (45) (2D)   ;(00101101) (55) (45) (2D)   ;(00101101) (55) (45) (2D)   ;(00101100) (54) (44) (2C)   ;
;2512;(00101100) (54) (44) (2C)    ;(00101100) (54) (44) (2C)   ;(00101100) (54) (44) (2C)   ;(00101100) (54) (44) (2C)   ;(00101100) (54) (44) (2C)   ;(00101011) (53) (43) (2B)   ;(00101011) (53) (43) (2B)   ;(00101011) (53) (43) (2B)   ;
;2520;(00101011) (53) (43) (2B)    ;(00101011) (53) (43) (2B)   ;(00101011) (53) (43) (2B)   ;(00101011) (53) (43) (2B)   ;(00101010) (52) (42) (2A)   ;(00101010) (52) (42) (2A)   ;(00101010) (52) (42) (2A)   ;(00101010) (52) (42) (2A)   ;
;2528;(00101010) (52) (42) (2A)    ;(00101010) (52) (42) (2A)   ;(00101010) (52) (42) (2A)   ;(00101001) (51) (41) (29)   ;(00101001) (51) (41) (29)   ;(00101001) (51) (41) (29)   ;(00101001) (51) (41) (29)   ;(00101001) (51) (41) (29)   ;
;2536;(00101001) (51) (41) (29)    ;(00101001) (51) (41) (29)   ;(00101000) (50) (40) (28)   ;(00101000) (50) (40) (28)   ;(00101000) (50) (40) (28)   ;(00101000) (50) (40) (28)   ;(00101000) (50) (40) (28)   ;(00101000) (50) (40) (28)   ;
;2544;(00101000) (50) (40) (28)    ;(00100111) (47) (39) (27)   ;(00100111) (47) (39) (27)   ;(00100111) (47) (39) (27)   ;(00100111) (47) (39) (27)   ;(00100111) (47) (39) (27)   ;(00100111) (47) (39) (27)   ;(00100111) (47) (39) (27)   ;
;2552;(00100110) (46) (38) (26)    ;(00100110) (46) (38) (26)   ;(00100110) (46) (38) (26)   ;(00100110) (46) (38) (26)   ;(00100110) (46) (38) (26)   ;(00100110) (46) (38) (26)   ;(00100110) (46) (38) (26)   ;(00100101) (45) (37) (25)   ;
;2560;(00100101) (45) (37) (25)    ;(00100101) (45) (37) (25)   ;(00100101) (45) (37) (25)   ;(00100101) (45) (37) (25)   ;(00100101) (45) (37) (25)   ;(00100101) (45) (37) (25)   ;(00100101) (45) (37) (25)   ;(00100100) (44) (36) (24)   ;
;2568;(00100100) (44) (36) (24)    ;(00100100) (44) (36) (24)   ;(00100100) (44) (36) (24)   ;(00100100) (44) (36) (24)   ;(00100100) (44) (36) (24)   ;(00100100) (44) (36) (24)   ;(00100011) (43) (35) (23)   ;(00100011) (43) (35) (23)   ;
;2576;(00100011) (43) (35) (23)    ;(00100011) (43) (35) (23)   ;(00100011) (43) (35) (23)   ;(00100011) (43) (35) (23)   ;(00100011) (43) (35) (23)   ;(00100010) (42) (34) (22)   ;(00100010) (42) (34) (22)   ;(00100010) (42) (34) (22)   ;
;2584;(00100010) (42) (34) (22)    ;(00100010) (42) (34) (22)   ;(00100010) (42) (34) (22)   ;(00100010) (42) (34) (22)   ;(00100010) (42) (34) (22)   ;(00100001) (41) (33) (21)   ;(00100001) (41) (33) (21)   ;(00100001) (41) (33) (21)   ;
;2592;(00100001) (41) (33) (21)    ;(00100001) (41) (33) (21)   ;(00100001) (41) (33) (21)   ;(00100001) (41) (33) (21)   ;(00100001) (41) (33) (21)   ;(00100000) (40) (32) (20)   ;(00100000) (40) (32) (20)   ;(00100000) (40) (32) (20)   ;
;2600;(00100000) (40) (32) (20)    ;(00100000) (40) (32) (20)   ;(00100000) (40) (32) (20)   ;(00100000) (40) (32) (20)   ;(00011111) (37) (31) (1F)   ;(00011111) (37) (31) (1F)   ;(00011111) (37) (31) (1F)   ;(00011111) (37) (31) (1F)   ;
;2608;(00011111) (37) (31) (1F)    ;(00011111) (37) (31) (1F)   ;(00011111) (37) (31) (1F)   ;(00011111) (37) (31) (1F)   ;(00011110) (36) (30) (1E)   ;(00011110) (36) (30) (1E)   ;(00011110) (36) (30) (1E)   ;(00011110) (36) (30) (1E)   ;
;2616;(00011110) (36) (30) (1E)    ;(00011110) (36) (30) (1E)   ;(00011110) (36) (30) (1E)   ;(00011110) (36) (30) (1E)   ;(00011101) (35) (29) (1D)   ;(00011101) (35) (29) (1D)   ;(00011101) (35) (29) (1D)   ;(00011101) (35) (29) (1D)   ;
;2624;(00011101) (35) (29) (1D)    ;(00011101) (35) (29) (1D)   ;(00011101) (35) (29) (1D)   ;(00011101) (35) (29) (1D)   ;(00011100) (34) (28) (1C)   ;(00011100) (34) (28) (1C)   ;(00011100) (34) (28) (1C)   ;(00011100) (34) (28) (1C)   ;
;2632;(00011100) (34) (28) (1C)    ;(00011100) (34) (28) (1C)   ;(00011100) (34) (28) (1C)   ;(00011100) (34) (28) (1C)   ;(00011011) (33) (27) (1B)   ;(00011011) (33) (27) (1B)   ;(00011011) (33) (27) (1B)   ;(00011011) (33) (27) (1B)   ;
;2640;(00011011) (33) (27) (1B)    ;(00011011) (33) (27) (1B)   ;(00011011) (33) (27) (1B)   ;(00011011) (33) (27) (1B)   ;(00011011) (33) (27) (1B)   ;(00011010) (32) (26) (1A)   ;(00011010) (32) (26) (1A)   ;(00011010) (32) (26) (1A)   ;
;2648;(00011010) (32) (26) (1A)    ;(00011010) (32) (26) (1A)   ;(00011010) (32) (26) (1A)   ;(00011010) (32) (26) (1A)   ;(00011010) (32) (26) (1A)   ;(00011001) (31) (25) (19)   ;(00011001) (31) (25) (19)   ;(00011001) (31) (25) (19)   ;
;2656;(00011001) (31) (25) (19)    ;(00011001) (31) (25) (19)   ;(00011001) (31) (25) (19)   ;(00011001) (31) (25) (19)   ;(00011001) (31) (25) (19)   ;(00011001) (31) (25) (19)   ;(00011000) (30) (24) (18)   ;(00011000) (30) (24) (18)   ;
;2664;(00011000) (30) (24) (18)    ;(00011000) (30) (24) (18)   ;(00011000) (30) (24) (18)   ;(00011000) (30) (24) (18)   ;(00011000) (30) (24) (18)   ;(00011000) (30) (24) (18)   ;(00010111) (27) (23) (17)   ;(00010111) (27) (23) (17)   ;
;2672;(00010111) (27) (23) (17)    ;(00010111) (27) (23) (17)   ;(00010111) (27) (23) (17)   ;(00010111) (27) (23) (17)   ;(00010111) (27) (23) (17)   ;(00010111) (27) (23) (17)   ;(00010111) (27) (23) (17)   ;(00010110) (26) (22) (16)   ;
;2680;(00010110) (26) (22) (16)    ;(00010110) (26) (22) (16)   ;(00010110) (26) (22) (16)   ;(00010110) (26) (22) (16)   ;(00010110) (26) (22) (16)   ;(00010110) (26) (22) (16)   ;(00010110) (26) (22) (16)   ;(00010110) (26) (22) (16)   ;
;2688;(00010101) (25) (21) (15)    ;(00010101) (25) (21) (15)   ;(00010101) (25) (21) (15)   ;(00010101) (25) (21) (15)   ;(00010101) (25) (21) (15)   ;(00010101) (25) (21) (15)   ;(00010101) (25) (21) (15)   ;(00010101) (25) (21) (15)   ;
;2696;(00010101) (25) (21) (15)    ;(00010101) (25) (21) (15)   ;(00010100) (24) (20) (14)   ;(00010100) (24) (20) (14)   ;(00010100) (24) (20) (14)   ;(00010100) (24) (20) (14)   ;(00010100) (24) (20) (14)   ;(00010100) (24) (20) (14)   ;
;2704;(00010100) (24) (20) (14)    ;(00010100) (24) (20) (14)   ;(00010100) (24) (20) (14)   ;(00010011) (23) (19) (13)   ;(00010011) (23) (19) (13)   ;(00010011) (23) (19) (13)   ;(00010011) (23) (19) (13)   ;(00010011) (23) (19) (13)   ;
;2712;(00010011) (23) (19) (13)    ;(00010011) (23) (19) (13)   ;(00010011) (23) (19) (13)   ;(00010011) (23) (19) (13)   ;(00010011) (23) (19) (13)   ;(00010010) (22) (18) (12)   ;(00010010) (22) (18) (12)   ;(00010010) (22) (18) (12)   ;
;2720;(00010010) (22) (18) (12)    ;(00010010) (22) (18) (12)   ;(00010010) (22) (18) (12)   ;(00010010) (22) (18) (12)   ;(00010010) (22) (18) (12)   ;(00010010) (22) (18) (12)   ;(00010010) (22) (18) (12)   ;(00010001) (21) (17) (11)   ;
;2728;(00010001) (21) (17) (11)    ;(00010001) (21) (17) (11)   ;(00010001) (21) (17) (11)   ;(00010001) (21) (17) (11)   ;(00010001) (21) (17) (11)   ;(00010001) (21) (17) (11)   ;(00010001) (21) (17) (11)   ;(00010001) (21) (17) (11)   ;
;2736;(00010001) (21) (17) (11)    ;(00010000) (20) (16) (10)   ;(00010000) (20) (16) (10)   ;(00010000) (20) (16) (10)   ;(00010000) (20) (16) (10)   ;(00010000) (20) (16) (10)   ;(00010000) (20) (16) (10)   ;(00010000) (20) (16) (10)   ;
;2744;(00010000) (20) (16) (10)    ;(00010000) (20) (16) (10)   ;(00010000) (20) (16) (10)   ;(00010000) (20) (16) (10)   ;(00001111) (17) (15) (0F)   ;(00001111) (17) (15) (0F)   ;(00001111) (17) (15) (0F)   ;(00001111) (17) (15) (0F)   ;
;2752;(00001111) (17) (15) (0F)    ;(00001111) (17) (15) (0F)   ;(00001111) (17) (15) (0F)   ;(00001111) (17) (15) (0F)   ;(00001111) (17) (15) (0F)   ;(00001111) (17) (15) (0F)   ;(00001111) (17) (15) (0F)   ;(00001110) (16) (14) (0E)   ;
;2760;(00001110) (16) (14) (0E)    ;(00001110) (16) (14) (0E)   ;(00001110) (16) (14) (0E)   ;(00001110) (16) (14) (0E)   ;(00001110) (16) (14) (0E)   ;(00001110) (16) (14) (0E)   ;(00001110) (16) (14) (0E)   ;(00001110) (16) (14) (0E)   ;
;2768;(00001110) (16) (14) (0E)    ;(00001110) (16) (14) (0E)   ;(00001101) (15) (13) (0D)   ;(00001101) (15) (13) (0D)   ;(00001101) (15) (13) (0D)   ;(00001101) (15) (13) (0D)   ;(00001101) (15) (13) (0D)   ;(00001101) (15) (13) (0D)   ;
;2776;(00001101) (15) (13) (0D)    ;(00001101) (15) (13) (0D)   ;(00001101) (15) (13) (0D)   ;(00001101) (15) (13) (0D)   ;(00001101) (15) (13) (0D)   ;(00001100) (14) (12) (0C)   ;(00001100) (14) (12) (0C)   ;(00001100) (14) (12) (0C)   ;
;2784;(00001100) (14) (12) (0C)    ;(00001100) (14) (12) (0C)   ;(00001100) (14) (12) (0C)   ;(00001100) (14) (12) (0C)   ;(00001100) (14) (12) (0C)   ;(00001100) (14) (12) (0C)   ;(00001100) (14) (12) (0C)   ;(00001100) (14) (12) (0C)   ;
;2792;(00001100) (14) (12) (0C)    ;(00001011) (13) (11) (0B)   ;(00001011) (13) (11) (0B)   ;(00001011) (13) (11) (0B)   ;(00001011) (13) (11) (0B)   ;(00001011) (13) (11) (0B)   ;(00001011) (13) (11) (0B)   ;(00001011) (13) (11) (0B)   ;
;2800;(00001011) (13) (11) (0B)    ;(00001011) (13) (11) (0B)   ;(00001011) (13) (11) (0B)   ;(00001011) (13) (11) (0B)   ;(00001011) (13) (11) (0B)   ;(00001011) (13) (11) (0B)   ;(00001010) (12) (10) (0A)   ;(00001010) (12) (10) (0A)   ;
;2808;(00001010) (12) (10) (0A)    ;(00001010) (12) (10) (0A)   ;(00001010) (12) (10) (0A)   ;(00001010) (12) (10) (0A)   ;(00001010) (12) (10) (0A)   ;(00001010) (12) (10) (0A)   ;(00001010) (12) (10) (0A)   ;(00001010) (12) (10) (0A)   ;
;2816;(00001010) (12) (10) (0A)    ;(00001010) (12) (10) (0A)   ;(00001010) (12) (10) (0A)   ;(00001001) (11) (9) (09)   ;(00001001) (11) (9) (09)   ;(00001001) (11) (9) (09)   ;(00001001) (11) (9) (09)   ;(00001001) (11) (9) (09)   ;
;2824;(00001001) (11) (9) (09)    ;(00001001) (11) (9) (09)   ;(00001001) (11) (9) (09)   ;(00001001) (11) (9) (09)   ;(00001001) (11) (9) (09)   ;(00001001) (11) (9) (09)   ;(00001001) (11) (9) (09)   ;(00001001) (11) (9) (09)   ;
;2832;(00001001) (11) (9) (09)    ;(00001000) (10) (8) (08)   ;(00001000) (10) (8) (08)   ;(00001000) (10) (8) (08)   ;(00001000) (10) (8) (08)   ;(00001000) (10) (8) (08)   ;(00001000) (10) (8) (08)   ;(00001000) (10) (8) (08)   ;
;2840;(00001000) (10) (8) (08)    ;(00001000) (10) (8) (08)   ;(00001000) (10) (8) (08)   ;(00001000) (10) (8) (08)   ;(00001000) (10) (8) (08)   ;(00001000) (10) (8) (08)   ;(00001000) (10) (8) (08)   ;(00001000) (10) (8) (08)   ;
;2848;(00000111) (7) (7) (07)    ;(00000111) (7) (7) (07)   ;(00000111) (7) (7) (07)   ;(00000111) (7) (7) (07)   ;(00000111) (7) (7) (07)   ;(00000111) (7) (7) (07)   ;(00000111) (7) (7) (07)   ;(00000111) (7) (7) (07)   ;
;2856;(00000111) (7) (7) (07)    ;(00000111) (7) (7) (07)   ;(00000111) (7) (7) (07)   ;(00000111) (7) (7) (07)   ;(00000111) (7) (7) (07)   ;(00000111) (7) (7) (07)   ;(00000111) (7) (7) (07)   ;(00000110) (6) (6) (06)   ;
;2864;(00000110) (6) (6) (06)    ;(00000110) (6) (6) (06)   ;(00000110) (6) (6) (06)   ;(00000110) (6) (6) (06)   ;(00000110) (6) (6) (06)   ;(00000110) (6) (6) (06)   ;(00000110) (6) (6) (06)   ;(00000110) (6) (6) (06)   ;
;2872;(00000110) (6) (6) (06)    ;(00000110) (6) (6) (06)   ;(00000110) (6) (6) (06)   ;(00000110) (6) (6) (06)   ;(00000110) (6) (6) (06)   ;(00000110) (6) (6) (06)   ;(00000110) (6) (6) (06)   ;(00000110) (6) (6) (06)   ;
;2880;(00000101) (5) (5) (05)    ;(00000101) (5) (5) (05)   ;(00000101) (5) (5) (05)   ;(00000101) (5) (5) (05)   ;(00000101) (5) (5) (05)   ;(00000101) (5) (5) (05)   ;(00000101) (5) (5) (05)   ;(00000101) (5) (5) (05)   ;
;2888;(00000101) (5) (5) (05)    ;(00000101) (5) (5) (05)   ;(00000101) (5) (5) (05)   ;(00000101) (5) (5) (05)   ;(00000101) (5) (5) (05)   ;(00000101) (5) (5) (05)   ;(00000101) (5) (5) (05)   ;(00000101) (5) (5) (05)   ;
;2896;(00000101) (5) (5) (05)    ;(00000101) (5) (5) (05)   ;(00000101) (5) (5) (05)   ;(00000100) (4) (4) (04)   ;(00000100) (4) (4) (04)   ;(00000100) (4) (4) (04)   ;(00000100) (4) (4) (04)   ;(00000100) (4) (4) (04)   ;
;2904;(00000100) (4) (4) (04)    ;(00000100) (4) (4) (04)   ;(00000100) (4) (4) (04)   ;(00000100) (4) (4) (04)   ;(00000100) (4) (4) (04)   ;(00000100) (4) (4) (04)   ;(00000100) (4) (4) (04)   ;(00000100) (4) (4) (04)   ;
;2912;(00000100) (4) (4) (04)    ;(00000100) (4) (4) (04)   ;(00000100) (4) (4) (04)   ;(00000100) (4) (4) (04)   ;(00000100) (4) (4) (04)   ;(00000100) (4) (4) (04)   ;(00000100) (4) (4) (04)   ;(00000011) (3) (3) (03)   ;
;2920;(00000011) (3) (3) (03)    ;(00000011) (3) (3) (03)   ;(00000011) (3) (3) (03)   ;(00000011) (3) (3) (03)   ;(00000011) (3) (3) (03)   ;(00000011) (3) (3) (03)   ;(00000011) (3) (3) (03)   ;(00000011) (3) (3) (03)   ;
;2928;(00000011) (3) (3) (03)    ;(00000011) (3) (3) (03)   ;(00000011) (3) (3) (03)   ;(00000011) (3) (3) (03)   ;(00000011) (3) (3) (03)   ;(00000011) (3) (3) (03)   ;(00000011) (3) (3) (03)   ;(00000011) (3) (3) (03)   ;
;2936;(00000011) (3) (3) (03)    ;(00000011) (3) (3) (03)   ;(00000011) (3) (3) (03)   ;(00000011) (3) (3) (03)   ;(00000011) (3) (3) (03)   ;(00000011) (3) (3) (03)   ;(00000011) (3) (3) (03)   ;(00000010) (2) (2) (02)   ;
;2944;(00000010) (2) (2) (02)    ;(00000010) (2) (2) (02)   ;(00000010) (2) (2) (02)   ;(00000010) (2) (2) (02)   ;(00000010) (2) (2) (02)   ;(00000010) (2) (2) (02)   ;(00000010) (2) (2) (02)   ;(00000010) (2) (2) (02)   ;
;2952;(00000010) (2) (2) (02)    ;(00000010) (2) (2) (02)   ;(00000010) (2) (2) (02)   ;(00000010) (2) (2) (02)   ;(00000010) (2) (2) (02)   ;(00000010) (2) (2) (02)   ;(00000010) (2) (2) (02)   ;(00000010) (2) (2) (02)   ;
;2960;(00000010) (2) (2) (02)    ;(00000010) (2) (2) (02)   ;(00000010) (2) (2) (02)   ;(00000010) (2) (2) (02)   ;(00000010) (2) (2) (02)   ;(00000010) (2) (2) (02)   ;(00000010) (2) (2) (02)   ;(00000010) (2) (2) (02)   ;
;2968;(00000010) (2) (2) (02)    ;(00000010) (2) (2) (02)   ;(00000010) (2) (2) (02)   ;(00000010) (2) (2) (02)   ;(00000001) (1) (1) (01)   ;(00000001) (1) (1) (01)   ;(00000001) (1) (1) (01)   ;(00000001) (1) (1) (01)   ;
;2976;(00000001) (1) (1) (01)    ;(00000001) (1) (1) (01)   ;(00000001) (1) (1) (01)   ;(00000001) (1) (1) (01)   ;(00000001) (1) (1) (01)   ;(00000001) (1) (1) (01)   ;(00000001) (1) (1) (01)   ;(00000001) (1) (1) (01)   ;
;2984;(00000001) (1) (1) (01)    ;(00000001) (1) (1) (01)   ;(00000001) (1) (1) (01)   ;(00000001) (1) (1) (01)   ;(00000001) (1) (1) (01)   ;(00000001) (1) (1) (01)   ;(00000001) (1) (1) (01)   ;(00000001) (1) (1) (01)   ;
;2992;(00000001) (1) (1) (01)    ;(00000001) (1) (1) (01)   ;(00000001) (1) (1) (01)   ;(00000001) (1) (1) (01)   ;(00000001) (1) (1) (01)   ;(00000001) (1) (1) (01)   ;(00000001) (1) (1) (01)   ;(00000001) (1) (1) (01)   ;
;3000;(00000001) (1) (1) (01)    ;(00000001) (1) (1) (01)   ;(00000001) (1) (1) (01)   ;(00000001) (1) (1) (01)   ;(00000001) (1) (1) (01)   ;(00000001) (1) (1) (01)   ;(00000001) (1) (1) (01)   ;(00000001) (1) (1) (01)   ;
;3008;(00000001) (1) (1) (01)    ;(00000001) (1) (1) (01)   ;(00000001) (1) (1) (01)   ;(00000001) (1) (1) (01)   ;(00000001) (1) (1) (01)   ;(00000001) (1) (1) (01)   ;(00000001) (1) (1) (01)   ;(00000000) (0) (0) (00)   ;
;3016;(00000000) (0) (0) (00)    ;(00000000) (0) (0) (00)   ;(00000000) (0) (0) (00)   ;(00000000) (0) (0) (00)   ;(00000000) (0) (0) (00)   ;(00000000) (0) (0) (00)   ;(00000000) (0) (0) (00)   ;(00000000) (0) (0) (00)   ;
;3024;(00000000) (0) (0) (00)    ;(00000000) (0) (0) (00)   ;(00000000) (0) (0) (00)   ;(00000000) (0) (0) (00)   ;(00000000) (0) (0) (00)   ;(00000000) (0) (0) (00)   ;(00000000) (0) (0) (00)   ;(00000000) (0) (0) (00)   ;
;3032;(00000000) (0) (0) (00)    ;(00000000) (0) (0) (00)   ;(00000000) (0) (0) (00)   ;(00000000) (0) (0) (00)   ;(00000000) (0) (0) (00)   ;(00000000) (0) (0) (00)   ;(00000000) (0) (0) (00)   ;(00000000) (0) (0) (00)   ;
;3040;(00000000) (0) (0) (00)    ;(00000000) (0) (0) (00)   ;(00000000) (0) (0) (00)   ;(00000000) (0) (0) (00)   ;(00000000) (0) (0) (00)   ;(00000000) (0) (0) (00)   ;(00000000) (0) (0) (00)   ;(00000000) (0) (0) (00)   ;
;3048;(00000000) (0) (0) (00)    ;(00000000) (0) (0) (00)   ;(00000000) (0) (0) (00)   ;(00000000) (0) (0) (00)   ;(00000000) (0) (0) (00)   ;(00000000) (0) (0) (00)   ;(00000000) (0) (0) (00)   ;(00000000) (0) (0) (00)   ;
;3056;(00000000) (0) (0) (00)    ;(00000000) (0) (0) (00)   ;(00000000) (0) (0) (00)   ;(00000000) (0) (0) (00)   ;(00000000) (0) (0) (00)   ;(00000000) (0) (0) (00)   ;(00000000) (0) (0) (00)   ;(00000000) (0) (0) (00)   ;
;3064;(00000000) (0) (0) (00)    ;(00000000) (0) (0) (00)   ;(00000000) (0) (0) (00)   ;(00000000) (0) (0) (00)   ;(00000000) (0) (0) (00)   ;(00000000) (0) (0) (00)   ;(00000000) (0) (0) (00)   ;(00000000) (0) (0) (00)   ;
;3072;(00000000) (0) (0) (00)    ;(00000000) (0) (0) (00)   ;(00000000) (0) (0) (00)   ;(00000000) (0) (0) (00)   ;(00000000) (0) (0) (00)   ;(00000000) (0) (0) (00)   ;(00000000) (0) (0) (00)   ;(00000000) (0) (0) (00)   ;
;3080;(00000000) (0) (0) (00)    ;(00000000) (0) (0) (00)   ;(00000000) (0) (0) (00)   ;(00000000) (0) (0) (00)   ;(00000000) (0) (0) (00)   ;(00000000) (0) (0) (00)   ;(00000000) (0) (0) (00)   ;(00000000) (0) (0) (00)   ;
;3088;(00000000) (0) (0) (00)    ;(00000000) (0) (0) (00)   ;(00000000) (0) (0) (00)   ;(00000000) (0) (0) (00)   ;(00000000) (0) (0) (00)   ;(00000000) (0) (0) (00)   ;(00000000) (0) (0) (00)   ;(00000000) (0) (0) (00)   ;
;3096;(00000000) (0) (0) (00)    ;(00000000) (0) (0) (00)   ;(00000000) (0) (0) (00)   ;(00000000) (0) (0) (00)   ;(00000000) (0) (0) (00)   ;(00000000) (0) (0) (00)   ;(00000000) (0) (0) (00)   ;(00000000) (0) (0) (00)   ;
;3104;(00000000) (0) (0) (00)    ;(00000000) (0) (0) (00)   ;(00000000) (0) (0) (00)   ;(00000000) (0) (0) (00)   ;(00000000) (0) (0) (00)   ;(00000000) (0) (0) (00)   ;(00000000) (0) (0) (00)   ;(00000000) (0) (0) (00)   ;
;3112;(00000000) (0) (0) (00)    ;(00000000) (0) (0) (00)   ;(00000000) (0) (0) (00)   ;(00000000) (0) (0) (00)   ;(00000000) (0) (0) (00)   ;(00000000) (0) (0) (00)   ;(00000000) (0) (0) (00)   ;(00000000) (0) (0) (00)   ;
;3120;(00000000) (0) (0) (00)    ;(00000000) (0) (0) (00)   ;(00000000) (0) (0) (00)   ;(00000000) (0) (0) (00)   ;(00000000) (0) (0) (00)   ;(00000000) (0) (0) (00)   ;(00000000) (0) (0) (00)   ;(00000000) (0) (0) (00)   ;
;3128;(00000000) (0) (0) (00)    ;(00000000) (0) (0) (00)   ;(00000001) (1) (1) (01)   ;(00000001) (1) (1) (01)   ;(00000001) (1) (1) (01)   ;(00000001) (1) (1) (01)   ;(00000001) (1) (1) (01)   ;(00000001) (1) (1) (01)   ;
;3136;(00000001) (1) (1) (01)    ;(00000001) (1) (1) (01)   ;(00000001) (1) (1) (01)   ;(00000001) (1) (1) (01)   ;(00000001) (1) (1) (01)   ;(00000001) (1) (1) (01)   ;(00000001) (1) (1) (01)   ;(00000001) (1) (1) (01)   ;
;3144;(00000001) (1) (1) (01)    ;(00000001) (1) (1) (01)   ;(00000001) (1) (1) (01)   ;(00000001) (1) (1) (01)   ;(00000001) (1) (1) (01)   ;(00000001) (1) (1) (01)   ;(00000001) (1) (1) (01)   ;(00000001) (1) (1) (01)   ;
;3152;(00000001) (1) (1) (01)    ;(00000001) (1) (1) (01)   ;(00000001) (1) (1) (01)   ;(00000001) (1) (1) (01)   ;(00000001) (1) (1) (01)   ;(00000001) (1) (1) (01)   ;(00000001) (1) (1) (01)   ;(00000001) (1) (1) (01)   ;
;3160;(00000001) (1) (1) (01)    ;(00000001) (1) (1) (01)   ;(00000001) (1) (1) (01)   ;(00000001) (1) (1) (01)   ;(00000001) (1) (1) (01)   ;(00000001) (1) (1) (01)   ;(00000001) (1) (1) (01)   ;(00000001) (1) (1) (01)   ;
;3168;(00000001) (1) (1) (01)    ;(00000001) (1) (1) (01)   ;(00000001) (1) (1) (01)   ;(00000001) (1) (1) (01)   ;(00000001) (1) (1) (01)   ;(00000010) (2) (2) (02)   ;(00000010) (2) (2) (02)   ;(00000010) (2) (2) (02)   ;
;3176;(00000010) (2) (2) (02)    ;(00000010) (2) (2) (02)   ;(00000010) (2) (2) (02)   ;(00000010) (2) (2) (02)   ;(00000010) (2) (2) (02)   ;(00000010) (2) (2) (02)   ;(00000010) (2) (2) (02)   ;(00000010) (2) (2) (02)   ;
;3184;(00000010) (2) (2) (02)    ;(00000010) (2) (2) (02)   ;(00000010) (2) (2) (02)   ;(00000010) (2) (2) (02)   ;(00000010) (2) (2) (02)   ;(00000010) (2) (2) (02)   ;(00000010) (2) (2) (02)   ;(00000010) (2) (2) (02)   ;
;3192;(00000010) (2) (2) (02)    ;(00000010) (2) (2) (02)   ;(00000010) (2) (2) (02)   ;(00000010) (2) (2) (02)   ;(00000010) (2) (2) (02)   ;(00000010) (2) (2) (02)   ;(00000010) (2) (2) (02)   ;(00000010) (2) (2) (02)   ;
;3200;(00000010) (2) (2) (02)    ;(00000010) (2) (2) (02)   ;(00000011) (3) (3) (03)   ;(00000011) (3) (3) (03)   ;(00000011) (3) (3) (03)   ;(00000011) (3) (3) (03)   ;(00000011) (3) (3) (03)   ;(00000011) (3) (3) (03)   ;
;3208;(00000011) (3) (3) (03)    ;(00000011) (3) (3) (03)   ;(00000011) (3) (3) (03)   ;(00000011) (3) (3) (03)   ;(00000011) (3) (3) (03)   ;(00000011) (3) (3) (03)   ;(00000011) (3) (3) (03)   ;(00000011) (3) (3) (03)   ;
;3216;(00000011) (3) (3) (03)    ;(00000011) (3) (3) (03)   ;(00000011) (3) (3) (03)   ;(00000011) (3) (3) (03)   ;(00000011) (3) (3) (03)   ;(00000011) (3) (3) (03)   ;(00000011) (3) (3) (03)   ;(00000011) (3) (3) (03)   ;
;3224;(00000011) (3) (3) (03)    ;(00000011) (3) (3) (03)   ;(00000100) (4) (4) (04)   ;(00000100) (4) (4) (04)   ;(00000100) (4) (4) (04)   ;(00000100) (4) (4) (04)   ;(00000100) (4) (4) (04)   ;(00000100) (4) (4) (04)   ;
;3232;(00000100) (4) (4) (04)    ;(00000100) (4) (4) (04)   ;(00000100) (4) (4) (04)   ;(00000100) (4) (4) (04)   ;(00000100) (4) (4) (04)   ;(00000100) (4) (4) (04)   ;(00000100) (4) (4) (04)   ;(00000100) (4) (4) (04)   ;
;3240;(00000100) (4) (4) (04)    ;(00000100) (4) (4) (04)   ;(00000100) (4) (4) (04)   ;(00000100) (4) (4) (04)   ;(00000100) (4) (4) (04)   ;(00000100) (4) (4) (04)   ;(00000101) (5) (5) (05)   ;(00000101) (5) (5) (05)   ;
;3248;(00000101) (5) (5) (05)    ;(00000101) (5) (5) (05)   ;(00000101) (5) (5) (05)   ;(00000101) (5) (5) (05)   ;(00000101) (5) (5) (05)   ;(00000101) (5) (5) (05)   ;(00000101) (5) (5) (05)   ;(00000101) (5) (5) (05)   ;
;3256;(00000101) (5) (5) (05)    ;(00000101) (5) (5) (05)   ;(00000101) (5) (5) (05)   ;(00000101) (5) (5) (05)   ;(00000101) (5) (5) (05)   ;(00000101) (5) (5) (05)   ;(00000101) (5) (5) (05)   ;(00000101) (5) (5) (05)   ;
;3264;(00000101) (5) (5) (05)    ;(00000110) (6) (6) (06)   ;(00000110) (6) (6) (06)   ;(00000110) (6) (6) (06)   ;(00000110) (6) (6) (06)   ;(00000110) (6) (6) (06)   ;(00000110) (6) (6) (06)   ;(00000110) (6) (6) (06)   ;
;3272;(00000110) (6) (6) (06)    ;(00000110) (6) (6) (06)   ;(00000110) (6) (6) (06)   ;(00000110) (6) (6) (06)   ;(00000110) (6) (6) (06)   ;(00000110) (6) (6) (06)   ;(00000110) (6) (6) (06)   ;(00000110) (6) (6) (06)   ;
;3280;(00000110) (6) (6) (06)    ;(00000110) (6) (6) (06)   ;(00000111) (7) (7) (07)   ;(00000111) (7) (7) (07)   ;(00000111) (7) (7) (07)   ;(00000111) (7) (7) (07)   ;(00000111) (7) (7) (07)   ;(00000111) (7) (7) (07)   ;
;3288;(00000111) (7) (7) (07)    ;(00000111) (7) (7) (07)   ;(00000111) (7) (7) (07)   ;(00000111) (7) (7) (07)   ;(00000111) (7) (7) (07)   ;(00000111) (7) (7) (07)   ;(00000111) (7) (7) (07)   ;(00000111) (7) (7) (07)   ;
;3296;(00000111) (7) (7) (07)    ;(00001000) (10) (8) (08)   ;(00001000) (10) (8) (08)   ;(00001000) (10) (8) (08)   ;(00001000) (10) (8) (08)   ;(00001000) (10) (8) (08)   ;(00001000) (10) (8) (08)   ;(00001000) (10) (8) (08)   ;
;3304;(00001000) (10) (8) (08)    ;(00001000) (10) (8) (08)   ;(00001000) (10) (8) (08)   ;(00001000) (10) (8) (08)   ;(00001000) (10) (8) (08)   ;(00001000) (10) (8) (08)   ;(00001000) (10) (8) (08)   ;(00001000) (10) (8) (08)   ;
;3312;(00001001) (11) (9) (09)    ;(00001001) (11) (9) (09)   ;(00001001) (11) (9) (09)   ;(00001001) (11) (9) (09)   ;(00001001) (11) (9) (09)   ;(00001001) (11) (9) (09)   ;(00001001) (11) (9) (09)   ;(00001001) (11) (9) (09)   ;
;3320;(00001001) (11) (9) (09)    ;(00001001) (11) (9) (09)   ;(00001001) (11) (9) (09)   ;(00001001) (11) (9) (09)   ;(00001001) (11) (9) (09)   ;(00001001) (11) (9) (09)   ;(00001010) (12) (10) (0A)   ;(00001010) (12) (10) (0A)   ;
;3328;(00001010) (12) (10) (0A)    ;(00001010) (12) (10) (0A)   ;(00001010) (12) (10) (0A)   ;(00001010) (12) (10) (0A)   ;(00001010) (12) (10) (0A)   ;(00001010) (12) (10) (0A)   ;(00001010) (12) (10) (0A)   ;(00001010) (12) (10) (0A)   ;
;3336;(00001010) (12) (10) (0A)    ;(00001010) (12) (10) (0A)   ;(00001010) (12) (10) (0A)   ;(00001011) (13) (11) (0B)   ;(00001011) (13) (11) (0B)   ;(00001011) (13) (11) (0B)   ;(00001011) (13) (11) (0B)   ;(00001011) (13) (11) (0B)   ;
;3344;(00001011) (13) (11) (0B)    ;(00001011) (13) (11) (0B)   ;(00001011) (13) (11) (0B)   ;(00001011) (13) (11) (0B)   ;(00001011) (13) (11) (0B)   ;(00001011) (13) (11) (0B)   ;(00001011) (13) (11) (0B)   ;(00001011) (13) (11) (0B)   ;
;3352;(00001100) (14) (12) (0C)    ;(00001100) (14) (12) (0C)   ;(00001100) (14) (12) (0C)   ;(00001100) (14) (12) (0C)   ;(00001100) (14) (12) (0C)   ;(00001100) (14) (12) (0C)   ;(00001100) (14) (12) (0C)   ;(00001100) (14) (12) (0C)   ;
;3360;(00001100) (14) (12) (0C)    ;(00001100) (14) (12) (0C)   ;(00001100) (14) (12) (0C)   ;(00001100) (14) (12) (0C)   ;(00001101) (15) (13) (0D)   ;(00001101) (15) (13) (0D)   ;(00001101) (15) (13) (0D)   ;(00001101) (15) (13) (0D)   ;
;3368;(00001101) (15) (13) (0D)    ;(00001101) (15) (13) (0D)   ;(00001101) (15) (13) (0D)   ;(00001101) (15) (13) (0D)   ;(00001101) (15) (13) (0D)   ;(00001101) (15) (13) (0D)   ;(00001101) (15) (13) (0D)   ;(00001110) (16) (14) (0E)   ;
;3376;(00001110) (16) (14) (0E)    ;(00001110) (16) (14) (0E)   ;(00001110) (16) (14) (0E)   ;(00001110) (16) (14) (0E)   ;(00001110) (16) (14) (0E)   ;(00001110) (16) (14) (0E)   ;(00001110) (16) (14) (0E)   ;(00001110) (16) (14) (0E)   ;
;3384;(00001110) (16) (14) (0E)    ;(00001110) (16) (14) (0E)   ;(00001111) (17) (15) (0F)   ;(00001111) (17) (15) (0F)   ;(00001111) (17) (15) (0F)   ;(00001111) (17) (15) (0F)   ;(00001111) (17) (15) (0F)   ;(00001111) (17) (15) (0F)   ;
;3392;(00001111) (17) (15) (0F)    ;(00001111) (17) (15) (0F)   ;(00001111) (17) (15) (0F)   ;(00001111) (17) (15) (0F)   ;(00001111) (17) (15) (0F)   ;(00010000) (20) (16) (10)   ;(00010000) (20) (16) (10)   ;(00010000) (20) (16) (10)   ;
;3400;(00010000) (20) (16) (10)    ;(00010000) (20) (16) (10)   ;(00010000) (20) (16) (10)   ;(00010000) (20) (16) (10)   ;(00010000) (20) (16) (10)   ;(00010000) (20) (16) (10)   ;(00010000) (20) (16) (10)   ;(00010000) (20) (16) (10)   ;
;3408;(00010001) (21) (17) (11)    ;(00010001) (21) (17) (11)   ;(00010001) (21) (17) (11)   ;(00010001) (21) (17) (11)   ;(00010001) (21) (17) (11)   ;(00010001) (21) (17) (11)   ;(00010001) (21) (17) (11)   ;(00010001) (21) (17) (11)   ;
;3416;(00010001) (21) (17) (11)    ;(00010001) (21) (17) (11)   ;(00010010) (22) (18) (12)   ;(00010010) (22) (18) (12)   ;(00010010) (22) (18) (12)   ;(00010010) (22) (18) (12)   ;(00010010) (22) (18) (12)   ;(00010010) (22) (18) (12)   ;
;3424;(00010010) (22) (18) (12)    ;(00010010) (22) (18) (12)   ;(00010010) (22) (18) (12)   ;(00010010) (22) (18) (12)   ;(00010011) (23) (19) (13)   ;(00010011) (23) (19) (13)   ;(00010011) (23) (19) (13)   ;(00010011) (23) (19) (13)   ;
;3432;(00010011) (23) (19) (13)    ;(00010011) (23) (19) (13)   ;(00010011) (23) (19) (13)   ;(00010011) (23) (19) (13)   ;(00010011) (23) (19) (13)   ;(00010011) (23) (19) (13)   ;(00010100) (24) (20) (14)   ;(00010100) (24) (20) (14)   ;
;3440;(00010100) (24) (20) (14)    ;(00010100) (24) (20) (14)   ;(00010100) (24) (20) (14)   ;(00010100) (24) (20) (14)   ;(00010100) (24) (20) (14)   ;(00010100) (24) (20) (14)   ;(00010100) (24) (20) (14)   ;(00010101) (25) (21) (15)   ;
;3448;(00010101) (25) (21) (15)    ;(00010101) (25) (21) (15)   ;(00010101) (25) (21) (15)   ;(00010101) (25) (21) (15)   ;(00010101) (25) (21) (15)   ;(00010101) (25) (21) (15)   ;(00010101) (25) (21) (15)   ;(00010101) (25) (21) (15)   ;
;3456;(00010101) (25) (21) (15)    ;(00010110) (26) (22) (16)   ;(00010110) (26) (22) (16)   ;(00010110) (26) (22) (16)   ;(00010110) (26) (22) (16)   ;(00010110) (26) (22) (16)   ;(00010110) (26) (22) (16)   ;(00010110) (26) (22) (16)   ;
;3464;(00010110) (26) (22) (16)    ;(00010110) (26) (22) (16)   ;(00010111) (27) (23) (17)   ;(00010111) (27) (23) (17)   ;(00010111) (27) (23) (17)   ;(00010111) (27) (23) (17)   ;(00010111) (27) (23) (17)   ;(00010111) (27) (23) (17)   ;
;3472;(00010111) (27) (23) (17)    ;(00010111) (27) (23) (17)   ;(00010111) (27) (23) (17)   ;(00011000) (30) (24) (18)   ;(00011000) (30) (24) (18)   ;(00011000) (30) (24) (18)   ;(00011000) (30) (24) (18)   ;(00011000) (30) (24) (18)   ;
;3480;(00011000) (30) (24) (18)    ;(00011000) (30) (24) (18)   ;(00011000) (30) (24) (18)   ;(00011001) (31) (25) (19)   ;(00011001) (31) (25) (19)   ;(00011001) (31) (25) (19)   ;(00011001) (31) (25) (19)   ;(00011001) (31) (25) (19)   ;
;3488;(00011001) (31) (25) (19)    ;(00011001) (31) (25) (19)   ;(00011001) (31) (25) (19)   ;(00011001) (31) (25) (19)   ;(00011010) (32) (26) (1A)   ;(00011010) (32) (26) (1A)   ;(00011010) (32) (26) (1A)   ;(00011010) (32) (26) (1A)   ;
;3496;(00011010) (32) (26) (1A)    ;(00011010) (32) (26) (1A)   ;(00011010) (32) (26) (1A)   ;(00011010) (32) (26) (1A)   ;(00011011) (33) (27) (1B)   ;(00011011) (33) (27) (1B)   ;(00011011) (33) (27) (1B)   ;(00011011) (33) (27) (1B)   ;
;3504;(00011011) (33) (27) (1B)    ;(00011011) (33) (27) (1B)   ;(00011011) (33) (27) (1B)   ;(00011011) (33) (27) (1B)   ;(00011011) (33) (27) (1B)   ;(00011100) (34) (28) (1C)   ;(00011100) (34) (28) (1C)   ;(00011100) (34) (28) (1C)   ;
;3512;(00011100) (34) (28) (1C)    ;(00011100) (34) (28) (1C)   ;(00011100) (34) (28) (1C)   ;(00011100) (34) (28) (1C)   ;(00011100) (34) (28) (1C)   ;(00011101) (35) (29) (1D)   ;(00011101) (35) (29) (1D)   ;(00011101) (35) (29) (1D)   ;
;3520;(00011101) (35) (29) (1D)    ;(00011101) (35) (29) (1D)   ;(00011101) (35) (29) (1D)   ;(00011101) (35) (29) (1D)   ;(00011101) (35) (29) (1D)   ;(00011110) (36) (30) (1E)   ;(00011110) (36) (30) (1E)   ;(00011110) (36) (30) (1E)   ;
;3528;(00011110) (36) (30) (1E)    ;(00011110) (36) (30) (1E)   ;(00011110) (36) (30) (1E)   ;(00011110) (36) (30) (1E)   ;(00011110) (36) (30) (1E)   ;(00011111) (37) (31) (1F)   ;(00011111) (37) (31) (1F)   ;(00011111) (37) (31) (1F)   ;
;3536;(00011111) (37) (31) (1F)    ;(00011111) (37) (31) (1F)   ;(00011111) (37) (31) (1F)   ;(00011111) (37) (31) (1F)   ;(00011111) (37) (31) (1F)   ;(00100000) (40) (32) (20)   ;(00100000) (40) (32) (20)   ;(00100000) (40) (32) (20)   ;
;3544;(00100000) (40) (32) (20)    ;(00100000) (40) (32) (20)   ;(00100000) (40) (32) (20)   ;(00100000) (40) (32) (20)   ;(00100001) (41) (33) (21)   ;(00100001) (41) (33) (21)   ;(00100001) (41) (33) (21)   ;(00100001) (41) (33) (21)   ;
;3552;(00100001) (41) (33) (21)    ;(00100001) (41) (33) (21)   ;(00100001) (41) (33) (21)   ;(00100001) (41) (33) (21)   ;(00100010) (42) (34) (22)   ;(00100010) (42) (34) (22)   ;(00100010) (42) (34) (22)   ;(00100010) (42) (34) (22)   ;
;3560;(00100010) (42) (34) (22)    ;(00100010) (42) (34) (22)   ;(00100010) (42) (34) (22)   ;(00100010) (42) (34) (22)   ;(00100011) (43) (35) (23)   ;(00100011) (43) (35) (23)   ;(00100011) (43) (35) (23)   ;(00100011) (43) (35) (23)   ;
;3568;(00100011) (43) (35) (23)    ;(00100011) (43) (35) (23)   ;(00100011) (43) (35) (23)   ;(00100100) (44) (36) (24)   ;(00100100) (44) (36) (24)   ;(00100100) (44) (36) (24)   ;(00100100) (44) (36) (24)   ;(00100100) (44) (36) (24)   ;
;3576;(00100100) (44) (36) (24)    ;(00100100) (44) (36) (24)   ;(00100101) (45) (37) (25)   ;(00100101) (45) (37) (25)   ;(00100101) (45) (37) (25)   ;(00100101) (45) (37) (25)   ;(00100101) (45) (37) (25)   ;(00100101) (45) (37) (25)   ;
;3584;(00100101) (45) (37) (25)    ;(00100101) (45) (37) (25)   ;(00100110) (46) (38) (26)   ;(00100110) (46) (38) (26)   ;(00100110) (46) (38) (26)   ;(00100110) (46) (38) (26)   ;(00100110) (46) (38) (26)   ;(00100110) (46) (38) (26)   ;
;3592;(00100110) (46) (38) (26)    ;(00100111) (47) (39) (27)   ;(00100111) (47) (39) (27)   ;(00100111) (47) (39) (27)   ;(00100111) (47) (39) (27)   ;(00100111) (47) (39) (27)   ;(00100111) (47) (39) (27)   ;(00100111) (47) (39) (27)   ;
;3600;(00101000) (50) (40) (28)    ;(00101000) (50) (40) (28)   ;(00101000) (50) (40) (28)   ;(00101000) (50) (40) (28)   ;(00101000) (50) (40) (28)   ;(00101000) (50) (40) (28)   ;(00101000) (50) (40) (28)   ;(00101001) (51) (41) (29)   ;
;3608;(00101001) (51) (41) (29)    ;(00101001) (51) (41) (29)   ;(00101001) (51) (41) (29)   ;(00101001) (51) (41) (29)   ;(00101001) (51) (41) (29)   ;(00101001) (51) (41) (29)   ;(00101010) (52) (42) (2A)   ;(00101010) (52) (42) (2A)   ;
;3616;(00101010) (52) (42) (2A)    ;(00101010) (52) (42) (2A)   ;(00101010) (52) (42) (2A)   ;(00101010) (52) (42) (2A)   ;(00101010) (52) (42) (2A)   ;(00101011) (53) (43) (2B)   ;(00101011) (53) (43) (2B)   ;(00101011) (53) (43) (2B)   ;
;3624;(00101011) (53) (43) (2B)    ;(00101011) (53) (43) (2B)   ;(00101011) (53) (43) (2B)   ;(00101011) (53) (43) (2B)   ;(00101100) (54) (44) (2C)   ;(00101100) (54) (44) (2C)   ;(00101100) (54) (44) (2C)   ;(00101100) (54) (44) (2C)   ;
;3632;(00101100) (54) (44) (2C)    ;(00101100) (54) (44) (2C)   ;(00101101) (55) (45) (2D)   ;(00101101) (55) (45) (2D)   ;(00101101) (55) (45) (2D)   ;(00101101) (55) (45) (2D)   ;(00101101) (55) (45) (2D)   ;(00101101) (55) (45) (2D)   ;
;3640;(00101101) (55) (45) (2D)    ;(00101110) (56) (46) (2E)   ;(00101110) (56) (46) (2E)   ;(00101110) (56) (46) (2E)   ;(00101110) (56) (46) (2E)   ;(00101110) (56) (46) (2E)   ;(00101110) (56) (46) (2E)   ;(00101110) (56) (46) (2E)   ;
;3648;(00101111) (57) (47) (2F)    ;(00101111) (57) (47) (2F)   ;(00101111) (57) (47) (2F)   ;(00101111) (57) (47) (2F)   ;(00101111) (57) (47) (2F)   ;(00101111) (57) (47) (2F)   ;(00110000) (60) (48) (30)   ;(00110000) (60) (48) (30)   ;
;3656;(00110000) (60) (48) (30)    ;(00110000) (60) (48) (30)   ;(00110000) (60) (48) (30)   ;(00110000) (60) (48) (30)   ;(00110000) (60) (48) (30)   ;(00110001) (61) (49) (31)   ;(00110001) (61) (49) (31)   ;(00110001) (61) (49) (31)   ;
;3664;(00110001) (61) (49) (31)    ;(00110001) (61) (49) (31)   ;(00110001) (61) (49) (31)   ;(00110010) (62) (50) (32)   ;(00110010) (62) (50) (32)   ;(00110010) (62) (50) (32)   ;(00110010) (62) (50) (32)   ;(00110010) (62) (50) (32)   ;
;3672;(00110010) (62) (50) (32)    ;(00110010) (62) (50) (32)   ;(00110011) (63) (51) (33)   ;(00110011) (63) (51) (33)   ;(00110011) (63) (51) (33)   ;(00110011) (63) (51) (33)   ;(00110011) (63) (51) (33)   ;(00110011) (63) (51) (33)   ;
;3680;(00110100) (64) (52) (34)    ;(00110100) (64) (52) (34)   ;(00110100) (64) (52) (34)   ;(00110100) (64) (52) (34)   ;(00110100) (64) (52) (34)   ;(00110100) (64) (52) (34)   ;(00110100) (64) (52) (34)   ;(00110101) (65) (53) (35)   ;
;3688;(00110101) (65) (53) (35)    ;(00110101) (65) (53) (35)   ;(00110101) (65) (53) (35)   ;(00110101) (65) (53) (35)   ;(00110101) (65) (53) (35)   ;(00110110) (66) (54) (36)   ;(00110110) (66) (54) (36)   ;(00110110) (66) (54) (36)   ;
;3696;(00110110) (66) (54) (36)    ;(00110110) (66) (54) (36)   ;(00110110) (66) (54) (36)   ;(00110111) (67) (55) (37)   ;(00110111) (67) (55) (37)   ;(00110111) (67) (55) (37)   ;(00110111) (67) (55) (37)   ;(00110111) (67) (55) (37)   ;
;3704;(00110111) (67) (55) (37)    ;(00111000) (70) (56) (38)   ;(00111000) (70) (56) (38)   ;(00111000) (70) (56) (38)   ;(00111000) (70) (56) (38)   ;(00111000) (70) (56) (38)   ;(00111000) (70) (56) (38)   ;(00111001) (71) (57) (39)   ;
;3712;(00111001) (71) (57) (39)    ;(00111001) (71) (57) (39)   ;(00111001) (71) (57) (39)   ;(00111001) (71) (57) (39)   ;(00111001) (71) (57) (39)   ;(00111001) (71) (57) (39)   ;(00111010) (72) (58) (3A)   ;(00111010) (72) (58) (3A)   ;
;3720;(00111010) (72) (58) (3A)    ;(00111010) (72) (58) (3A)   ;(00111010) (72) (58) (3A)   ;(00111010) (72) (58) (3A)   ;(00111011) (73) (59) (3B)   ;(00111011) (73) (59) (3B)   ;(00111011) (73) (59) (3B)   ;(00111011) (73) (59) (3B)   ;
;3728;(00111011) (73) (59) (3B)    ;(00111011) (73) (59) (3B)   ;(00111100) (74) (60) (3C)   ;(00111100) (74) (60) (3C)   ;(00111100) (74) (60) (3C)   ;(00111100) (74) (60) (3C)   ;(00111100) (74) (60) (3C)   ;(00111100) (74) (60) (3C)   ;
;3736;(00111101) (75) (61) (3D)    ;(00111101) (75) (61) (3D)   ;(00111101) (75) (61) (3D)   ;(00111101) (75) (61) (3D)   ;(00111101) (75) (61) (3D)   ;(00111101) (75) (61) (3D)   ;(00111110) (76) (62) (3E)   ;(00111110) (76) (62) (3E)   ;
;3744;(00111110) (76) (62) (3E)    ;(00111110) (76) (62) (3E)   ;(00111110) (76) (62) (3E)   ;(00111110) (76) (62) (3E)   ;(00111111) (77) (63) (3F)   ;(00111111) (77) (63) (3F)   ;(00111111) (77) (63) (3F)   ;(00111111) (77) (63) (3F)   ;
;3752;(00111111) (77) (63) (3F)    ;(00111111) (77) (63) (3F)   ;(01000000) (100) (64) (40)   ;(01000000) (100) (64) (40)   ;(01000000) (100) (64) (40)   ;(01000000) (100) (64) (40)   ;(01000000) (100) (64) (40)   ;(01000000) (100) (64) (40)   ;
;3760;(01000001) (101) (65) (41)    ;(01000001) (101) (65) (41)   ;(01000001) (101) (65) (41)   ;(01000001) (101) (65) (41)   ;(01000001) (101) (65) (41)   ;(01000010) (102) (66) (42)   ;(01000010) (102) (66) (42)   ;(01000010) (102) (66) (42)   ;
;3768;(01000010) (102) (66) (42)    ;(01000010) (102) (66) (42)   ;(01000010) (102) (66) (42)   ;(01000011) (103) (67) (43)   ;(01000011) (103) (67) (43)   ;(01000011) (103) (67) (43)   ;(01000011) (103) (67) (43)   ;(01000011) (103) (67) (43)   ;
;3776;(01000011) (103) (67) (43)    ;(01000100) (104) (68) (44)   ;(01000100) (104) (68) (44)   ;(01000100) (104) (68) (44)   ;(01000100) (104) (68) (44)   ;(01000100) (104) (68) (44)   ;(01000100) (104) (68) (44)   ;(01000101) (105) (69) (45)   ;
;3784;(01000101) (105) (69) (45)    ;(01000101) (105) (69) (45)   ;(01000101) (105) (69) (45)   ;(01000101) (105) (69) (45)   ;(01000101) (105) (69) (45)   ;(01000110) (106) (70) (46)   ;(01000110) (106) (70) (46)   ;(01000110) (106) (70) (46)   ;
;3792;(01000110) (106) (70) (46)    ;(01000110) (106) (70) (46)   ;(01000111) (107) (71) (47)   ;(01000111) (107) (71) (47)   ;(01000111) (107) (71) (47)   ;(01000111) (107) (71) (47)   ;(01000111) (107) (71) (47)   ;(01000111) (107) (71) (47)   ;
;3800;(01001000) (110) (72) (48)    ;(01001000) (110) (72) (48)   ;(01001000) (110) (72) (48)   ;(01001000) (110) (72) (48)   ;(01001000) (110) (72) (48)   ;(01001000) (110) (72) (48)   ;(01001001) (111) (73) (49)   ;(01001001) (111) (73) (49)   ;
;3808;(01001001) (111) (73) (49)    ;(01001001) (111) (73) (49)   ;(01001001) (111) (73) (49)   ;(01001010) (112) (74) (4A)   ;(01001010) (112) (74) (4A)   ;(01001010) (112) (74) (4A)   ;(01001010) (112) (74) (4A)   ;(01001010) (112) (74) (4A)   ;
;3816;(01001010) (112) (74) (4A)    ;(01001011) (113) (75) (4B)   ;(01001011) (113) (75) (4B)   ;(01001011) (113) (75) (4B)   ;(01001011) (113) (75) (4B)   ;(01001011) (113) (75) (4B)   ;(01001011) (113) (75) (4B)   ;(01001100) (114) (76) (4C)   ;
;3824;(01001100) (114) (76) (4C)    ;(01001100) (114) (76) (4C)   ;(01001100) (114) (76) (4C)   ;(01001100) (114) (76) (4C)   ;(01001101) (115) (77) (4D)   ;(01001101) (115) (77) (4D)   ;(01001101) (115) (77) (4D)   ;(01001101) (115) (77) (4D)   ;
;3832;(01001101) (115) (77) (4D)    ;(01001101) (115) (77) (4D)   ;(01001110) (116) (78) (4E)   ;(01001110) (116) (78) (4E)   ;(01001110) (116) (78) (4E)   ;(01001110) (116) (78) (4E)   ;(01001110) (116) (78) (4E)   ;(01001111) (117) (79) (4F)   ;
;3840;(01001111) (117) (79) (4F)    ;(01001111) (117) (79) (4F)   ;(01001111) (117) (79) (4F)   ;(01001111) (117) (79) (4F)   ;(01001111) (117) (79) (4F)   ;(01010000) (120) (80) (50)   ;(01010000) (120) (80) (50)   ;(01010000) (120) (80) (50)   ;
;3848;(01010000) (120) (80) (50)    ;(01010000) (120) (80) (50)   ;(01010001) (121) (81) (51)   ;(01010001) (121) (81) (51)   ;(01010001) (121) (81) (51)   ;(01010001) (121) (81) (51)   ;(01010001) (121) (81) (51)   ;(01010001) (121) (81) (51)   ;
;3856;(01010010) (122) (82) (52)    ;(01010010) (122) (82) (52)   ;(01010010) (122) (82) (52)   ;(01010010) (122) (82) (52)   ;(01010010) (122) (82) (52)   ;(01010011) (123) (83) (53)   ;(01010011) (123) (83) (53)   ;(01010011) (123) (83) (53)   ;
;3864;(01010011) (123) (83) (53)    ;(01010011) (123) (83) (53)   ;(01010011) (123) (83) (53)   ;(01010100) (124) (84) (54)   ;(01010100) (124) (84) (54)   ;(01010100) (124) (84) (54)   ;(01010100) (124) (84) (54)   ;(01010100) (124) (84) (54)   ;
;3872;(01010101) (125) (85) (55)    ;(01010101) (125) (85) (55)   ;(01010101) (125) (85) (55)   ;(01010101) (125) (85) (55)   ;(01010101) (125) (85) (55)   ;(01010101) (125) (85) (55)   ;(01010110) (126) (86) (56)   ;(01010110) (126) (86) (56)   ;
;3880;(01010110) (126) (86) (56)    ;(01010110) (126) (86) (56)   ;(01010110) (126) (86) (56)   ;(01010111) (127) (87) (57)   ;(01010111) (127) (87) (57)   ;(01010111) (127) (87) (57)   ;(01010111) (127) (87) (57)   ;(01010111) (127) (87) (57)   ;
;3888;(01011000) (130) (88) (58)    ;(01011000) (130) (88) (58)   ;(01011000) (130) (88) (58)   ;(01011000) (130) (88) (58)   ;(01011000) (130) (88) (58)   ;(01011000) (130) (88) (58)   ;(01011001) (131) (89) (59)   ;(01011001) (131) (89) (59)   ;
;3896;(01011001) (131) (89) (59)    ;(01011001) (131) (89) (59)   ;(01011001) (131) (89) (59)   ;(01011010) (132) (90) (5A)   ;(01011010) (132) (90) (5A)   ;(01011010) (132) (90) (5A)   ;(01011010) (132) (90) (5A)   ;(01011010) (132) (90) (5A)   ;
;3904;(01011010) (132) (90) (5A)    ;(01011011) (133) (91) (5B)   ;(01011011) (133) (91) (5B)   ;(01011011) (133) (91) (5B)   ;(01011011) (133) (91) (5B)   ;(01011011) (133) (91) (5B)   ;(01011100) (134) (92) (5C)   ;(01011100) (134) (92) (5C)   ;
;3912;(01011100) (134) (92) (5C)    ;(01011100) (134) (92) (5C)   ;(01011100) (134) (92) (5C)   ;(01011101) (135) (93) (5D)   ;(01011101) (135) (93) (5D)   ;(01011101) (135) (93) (5D)   ;(01011101) (135) (93) (5D)   ;(01011101) (135) (93) (5D)   ;
;3920;(01011101) (135) (93) (5D)    ;(01011110) (136) (94) (5E)   ;(01011110) (136) (94) (5E)   ;(01011110) (136) (94) (5E)   ;(01011110) (136) (94) (5E)   ;(01011110) (136) (94) (5E)   ;(01011111) (137) (95) (5F)   ;(01011111) (137) (95) (5F)   ;
;3928;(01011111) (137) (95) (5F)    ;(01011111) (137) (95) (5F)   ;(01011111) (137) (95) (5F)   ;(01100000) (140) (96) (60)   ;(01100000) (140) (96) (60)   ;(01100000) (140) (96) (60)   ;(01100000) (140) (96) (60)   ;(01100000) (140) (96) (60)   ;
;3936;(01100001) (141) (97) (61)    ;(01100001) (141) (97) (61)   ;(01100001) (141) (97) (61)   ;(01100001) (141) (97) (61)   ;(01100001) (141) (97) (61)   ;(01100001) (141) (97) (61)   ;(01100010) (142) (98) (62)   ;(01100010) (142) (98) (62)   ;
;3944;(01100010) (142) (98) (62)    ;(01100010) (142) (98) (62)   ;(01100010) (142) (98) (62)   ;(01100011) (143) (99) (63)   ;(01100011) (143) (99) (63)   ;(01100011) (143) (99) (63)   ;(01100011) (143) (99) (63)   ;(01100011) (143) (99) (63)   ;
;3952;(01100100) (144) (100) (64)    ;(01100100) (144) (100) (64)   ;(01100100) (144) (100) (64)   ;(01100100) (144) (100) (64)   ;(01100100) (144) (100) (64)   ;(01100101) (145) (101) (65)   ;(01100101) (145) (101) (65)   ;(01100101) (145) (101) (65)   ;
;3960;(01100101) (145) (101) (65)    ;(01100101) (145) (101) (65)   ;(01100101) (145) (101) (65)   ;(01100110) (146) (102) (66)   ;(01100110) (146) (102) (66)   ;(01100110) (146) (102) (66)   ;(01100110) (146) (102) (66)   ;(01100110) (146) (102) (66)   ;
;3968;(01100111) (147) (103) (67)    ;(01100111) (147) (103) (67)   ;(01100111) (147) (103) (67)   ;(01100111) (147) (103) (67)   ;(01100111) (147) (103) (67)   ;(01101000) (150) (104) (68)   ;(01101000) (150) (104) (68)   ;(01101000) (150) (104) (68)   ;
;3976;(01101000) (150) (104) (68)    ;(01101000) (150) (104) (68)   ;(01101001) (151) (105) (69)   ;(01101001) (151) (105) (69)   ;(01101001) (151) (105) (69)   ;(01101001) (151) (105) (69)   ;(01101001) (151) (105) (69)   ;(01101010) (152) (106) (6A)   ;
;3984;(01101010) (152) (106) (6A)    ;(01101010) (152) (106) (6A)   ;(01101010) (152) (106) (6A)   ;(01101010) (152) (106) (6A)   ;(01101010) (152) (106) (6A)   ;(01101011) (153) (107) (6B)   ;(01101011) (153) (107) (6B)   ;(01101011) (153) (107) (6B)   ;
;3992;(01101011) (153) (107) (6B)    ;(01101011) (153) (107) (6B)   ;(01101100) (154) (108) (6C)   ;(01101100) (154) (108) (6C)   ;(01101100) (154) (108) (6C)   ;(01101100) (154) (108) (6C)   ;(01101100) (154) (108) (6C)   ;(01101101) (155) (109) (6D)   ;
;4000;(01101101) (155) (109) (6D)    ;(01101101) (155) (109) (6D)   ;(01101101) (155) (109) (6D)   ;(01101101) (155) (109) (6D)   ;(01101110) (156) (110) (6E)   ;(01101110) (156) (110) (6E)   ;(01101110) (156) (110) (6E)   ;(01101110) (156) (110) (6E)   ;
;4008;(01101110) (156) (110) (6E)    ;(01101111) (157) (111) (6F)   ;(01101111) (157) (111) (6F)   ;(01101111) (157) (111) (6F)   ;(01101111) (157) (111) (6F)   ;(01101111) (157) (111) (6F)   ;(01110000) (160) (112) (70)   ;(01110000) (160) (112) (70)   ;
;4016;(01110000) (160) (112) (70)    ;(01110000) (160) (112) (70)   ;(01110000) (160) (112) (70)   ;(01110000) (160) (112) (70)   ;(01110001) (161) (113) (71)   ;(01110001) (161) (113) (71)   ;(01110001) (161) (113) (71)   ;(01110001) (161) (113) (71)   ;
;4024;(01110001) (161) (113) (71)    ;(01110010) (162) (114) (72)   ;(01110010) (162) (114) (72)   ;(01110010) (162) (114) (72)   ;(01110010) (162) (114) (72)   ;(01110010) (162) (114) (72)   ;(01110011) (163) (115) (73)   ;(01110011) (163) (115) (73)   ;
;4032;(01110011) (163) (115) (73)    ;(01110011) (163) (115) (73)   ;(01110011) (163) (115) (73)   ;(01110100) (164) (116) (74)   ;(01110100) (164) (116) (74)   ;(01110100) (164) (116) (74)   ;(01110100) (164) (116) (74)   ;(01110100) (164) (116) (74)   ;
;4040;(01110101) (165) (117) (75)    ;(01110101) (165) (117) (75)   ;(01110101) (165) (117) (75)   ;(01110101) (165) (117) (75)   ;(01110101) (165) (117) (75)   ;(01110110) (166) (118) (76)   ;(01110110) (166) (118) (76)   ;(01110110) (166) (118) (76)   ;
;4048;(01110110) (166) (118) (76)    ;(01110110) (166) (118) (76)   ;(01110111) (167) (119) (77)   ;(01110111) (167) (119) (77)   ;(01110111) (167) (119) (77)   ;(01110111) (167) (119) (77)   ;(01110111) (167) (119) (77)   ;(01110111) (167) (119) (77)   ;
;4056;(01111000) (170) (120) (78)    ;(01111000) (170) (120) (78)   ;(01111000) (170) (120) (78)   ;(01111000) (170) (120) (78)   ;(01111000) (170) (120) (78)   ;(01111001) (171) (121) (79)   ;(01111001) (171) (121) (79)   ;(01111001) (171) (121) (79)   ;
;4064;(01111001) (171) (121) (79)    ;(01111001) (171) (121) (79)   ;(01111010) (172) (122) (7A)   ;(01111010) (172) (122) (7A)   ;(01111010) (172) (122) (7A)   ;(01111010) (172) (122) (7A)   ;(01111010) (172) (122) (7A)   ;(01111011) (173) (123) (7B)   ;
;4072;(01111011) (173) (123) (7B)    ;(01111011) (173) (123) (7B)   ;(01111011) (173) (123) (7B)   ;(01111011) (173) (123) (7B)   ;(01111100) (174) (124) (7C)   ;(01111100) (174) (124) (7C)   ;(01111100) (174) (124) (7C)   ;(01111100) (174) (124) (7C)   ;
;4080;(01111100) (174) (124) (7C)    ;(01111101) (175) (125) (7D)   ;(01111101) (175) (125) (7D)   ;(01111101) (175) (125) (7D)   ;(01111101) (175) (125) (7D)   ;(01111101) (175) (125) (7D)   ;(01111110) (176) (126) (7E)   ;(01111110) (176) (126) (7E)   ;
;4088;(01111110) (176) (126) (7E)    ;(01111110) (176) (126) (7E)   ;(01111110) (176) (126) (7E)   ;(01111111) (177) (127) (7F)   ;(01111111) (177) (127) (7F)   ;(01111111) (177) (127) (7F)   ;(01111111) (177) (127) (7F)   ;(01111111) (177) (127) (7F)   ;


RAM content values are presented in the following format: (Binary) (Octal) (Decimal) (Hexadecimal) 
+------------------------------------------------------------------------------------------------------------------------------------------------------------------------------------------------------------------------------------------------------------------+
; |C_2024_carrier|DDS_time_delay:u_DDS_time_delay|rom_delay_time:rom_delay_time_inst|altsyncram:altsyncram_component|altsyncram_jmd1:auto_generated|ALTSYNCRAM                                                                                                     ;
+------------------------------------------------------------------------------------------------------------------------------------------------------------------------------------------------------------------------------------------------------------------+
;   Addr   ;              +0              ;              +1              ;              +2              ;              +3              ;              +4              ;              +5              ;              +6              ;              +7              ;
+----------+------------------------------+------------------------------+------------------------------+------------------------------+------------------------------+------------------------------+------------------------------+------------------------------+
;0;(10110100) (264) (180) (B4)    ;(10010000) (220) (144) (90)   ;(01101100) (154) (108) (6C)   ;(01001000) (110) (72) (48)   ;(00100100) (44) (36) (24)   ;(00000000) (0) (0) (00)   ;(10100010) (242) (162) (A2)   ;(10101101) (255) (173) (AD)   ;
;8;(10010100) (224) (148) (94)    ;(01111010) (172) (122) (7A)   ;(01100001) (141) (97) (61)   ;(01001000) (110) (72) (48)   ;(10010000) (220) (144) (90)   ;(10011110) (236) (158) (9E)   ;(10101101) (255) (173) (AD)   ;(10101101) (255) (173) (AD)   ;
;16;(10011110) (236) (158) (9E)    ;(10010000) (220) (144) (90)   ;(01111110) (176) (126) (7E)   ;(10000010) (202) (130) (82)   ;(10000101) (205) (133) (85)   ;(10001001) (211) (137) (89)   ;(10001100) (214) (140) (8C)   ;(10010000) (220) (144) (90)   ;
;24;(01101100) (154) (108) (6C)    ;(01100101) (145) (101) (65)   ;(01011110) (136) (94) (5E)   ;(01010110) (126) (86) (56)   ;(01001111) (117) (79) (4F)   ;(01001000) (110) (72) (48)   ;(01011010) (132) (90) (5A)   ;(01001000) (110) (72) (48)   ;
;32;(00110110) (66) (54) (36)    ;(00100100) (44) (36) (24)   ;(00010010) (22) (18) (12)   ;(00000000) (0) (0) (00)   ;(01001000) (110) (72) (48)   ;(00101011) (53) (43) (2B)   ;(00001110) (16) (14) (0E)   ;(00001110) (16) (14) (0E)   ;
;40;(00101011) (53) (43) (2B)    ;(01001000) (110) (72) (48)   ;(00110110) (66) (54) (36)   ;(00001110) (16) (14) (0E)   ;(00011001) (31) (25) (19)   ;(01000001) (101) (65) (41)   ;(01101000) (150) (104) (68)   ;(10010000) (220) (144) (90)   ;
;48;(00100100) (44) (36) (24)    ;(00001110) (16) (14) (0E)   ;(01000001) (101) (65) (41)   ;(01110011) (163) (115) (73)   ;(10100101) (245) (165) (A5)   ;(10010000) (220) (144) (90)   ;(00010010) (22) (18) (12)   ;(00101011) (53) (43) (2B)   ;
;56;(01101000) (150) (104) (68)    ;(10100110) (246) (166) (A6)   ;(10000101) (205) (133) (85)   ;(01001000) (110) (72) (48)   ;(00000000) (0) (0) (00)   ;(01001000) (110) (72) (48)   ;(10010000) (220) (144) (90)   ;(10010000) (220) (144) (90)   ;
;64;(01001000) (110) (72) (48)    ;(00000000) (0) (0) (00)   ;


+------------------------------------------------+
; Routing Usage Summary                          ;
+-----------------------+------------------------+
; Routing Resource Type ; Usage                  ;
+-----------------------+------------------------+
; Block interconnects   ; 1,442 / 27,275 ( 5 % ) ;
; C16 interconnects     ; 11 / 1,240 ( < 1 % )   ;
; C4 interconnects      ; 771 / 20,832 ( 4 % )   ;
; Direct links          ; 223 / 27,275 ( < 1 % ) ;
; Global clocks         ; 6 / 10 ( 60 % )        ;
; Local interconnects   ; 952 / 8,064 ( 12 % )   ;
; R24 interconnects     ; 15 / 1,320 ( 1 % )     ;
; R4 interconnects      ; 872 / 28,560 ( 3 % )   ;
+-----------------------+------------------------+


+-----------------------------------------------------------------------------+
; LAB Logic Elements                                                          ;
+---------------------------------------------+-------------------------------+
; Number of Logic Elements  (Average = 11.05) ; Number of LABs  (Total = 128) ;
+---------------------------------------------+-------------------------------+
; 1                                           ; 16                            ;
; 2                                           ; 4                             ;
; 3                                           ; 0                             ;
; 4                                           ; 0                             ;
; 5                                           ; 4                             ;
; 6                                           ; 2                             ;
; 7                                           ; 0                             ;
; 8                                           ; 2                             ;
; 9                                           ; 6                             ;
; 10                                          ; 23                            ;
; 11                                          ; 5                             ;
; 12                                          ; 4                             ;
; 13                                          ; 3                             ;
; 14                                          ; 6                             ;
; 15                                          ; 16                            ;
; 16                                          ; 37                            ;
+---------------------------------------------+-------------------------------+


+--------------------------------------------------------------------+
; LAB-wide Signals                                                   ;
+------------------------------------+-------------------------------+
; LAB-wide Signals  (Average = 1.54) ; Number of LABs  (Total = 128) ;
+------------------------------------+-------------------------------+
; 1 Async. clear                     ; 45                            ;
; 1 Clock                            ; 108                           ;
; 1 Clock enable                     ; 22                            ;
; 1 Sync. clear                      ; 4                             ;
; 1 Sync. load                       ; 5                             ;
; 2 Clock enables                    ; 6                             ;
; 2 Clocks                           ; 7                             ;
+------------------------------------+-------------------------------+


+------------------------------------------------------------------------------+
; LAB Signals Sourced                                                          ;
+----------------------------------------------+-------------------------------+
; Number of Signals Sourced  (Average = 18.39) ; Number of LABs  (Total = 128) ;
+----------------------------------------------+-------------------------------+
; 0                                            ; 1                             ;
; 1                                            ; 8                             ;
; 2                                            ; 7                             ;
; 3                                            ; 3                             ;
; 4                                            ; 1                             ;
; 5                                            ; 0                             ;
; 6                                            ; 2                             ;
; 7                                            ; 1                             ;
; 8                                            ; 0                             ;
; 9                                            ; 3                             ;
; 10                                           ; 0                             ;
; 11                                           ; 4                             ;
; 12                                           ; 1                             ;
; 13                                           ; 0                             ;
; 14                                           ; 0                             ;
; 15                                           ; 9                             ;
; 16                                           ; 7                             ;
; 17                                           ; 8                             ;
; 18                                           ; 7                             ;
; 19                                           ; 3                             ;
; 20                                           ; 5                             ;
; 21                                           ; 5                             ;
; 22                                           ; 4                             ;
; 23                                           ; 2                             ;
; 24                                           ; 8                             ;
; 25                                           ; 5                             ;
; 26                                           ; 5                             ;
; 27                                           ; 7                             ;
; 28                                           ; 2                             ;
; 29                                           ; 4                             ;
; 30                                           ; 3                             ;
; 31                                           ; 2                             ;
; 32                                           ; 11                            ;
+----------------------------------------------+-------------------------------+


+---------------------------------------------------------------------------------+
; LAB Signals Sourced Out                                                         ;
+-------------------------------------------------+-------------------------------+
; Number of Signals Sourced Out  (Average = 4.70) ; Number of LABs  (Total = 128) ;
+-------------------------------------------------+-------------------------------+
; 0                                               ; 2                             ;
; 1                                               ; 27                            ;
; 2                                               ; 37                            ;
; 3                                               ; 18                            ;
; 4                                               ; 2                             ;
; 5                                               ; 6                             ;
; 6                                               ; 4                             ;
; 7                                               ; 1                             ;
; 8                                               ; 4                             ;
; 9                                               ; 6                             ;
; 10                                              ; 5                             ;
; 11                                              ; 2                             ;
; 12                                              ; 4                             ;
; 13                                              ; 0                             ;
; 14                                              ; 1                             ;
; 15                                              ; 1                             ;
; 16                                              ; 6                             ;
; 17                                              ; 0                             ;
; 18                                              ; 0                             ;
; 19                                              ; 0                             ;
; 20                                              ; 0                             ;
; 21                                              ; 0                             ;
; 22                                              ; 0                             ;
; 23                                              ; 1                             ;
; 24                                              ; 1                             ;
+-------------------------------------------------+-------------------------------+


+-----------------------------------------------------------------------------+
; LAB Distinct Inputs                                                         ;
+---------------------------------------------+-------------------------------+
; Number of Distinct Inputs  (Average = 8.09) ; Number of LABs  (Total = 128) ;
+---------------------------------------------+-------------------------------+
; 0                                           ; 0                             ;
; 1                                           ; 1                             ;
; 2                                           ; 18                            ;
; 3                                           ; 31                            ;
; 4                                           ; 12                            ;
; 5                                           ; 5                             ;
; 6                                           ; 4                             ;
; 7                                           ; 5                             ;
; 8                                           ; 9                             ;
; 9                                           ; 2                             ;
; 10                                          ; 2                             ;
; 11                                          ; 2                             ;
; 12                                          ; 0                             ;
; 13                                          ; 2                             ;
; 14                                          ; 2                             ;
; 15                                          ; 3                             ;
; 16                                          ; 4                             ;
; 17                                          ; 3                             ;
; 18                                          ; 2                             ;
; 19                                          ; 3                             ;
; 20                                          ; 5                             ;
; 21                                          ; 3                             ;
; 22                                          ; 3                             ;
; 23                                          ; 2                             ;
; 24                                          ; 0                             ;
; 25                                          ; 0                             ;
; 26                                          ; 1                             ;
; 27                                          ; 0                             ;
; 28                                          ; 0                             ;
; 29                                          ; 0                             ;
; 30                                          ; 0                             ;
; 31                                          ; 0                             ;
; 32                                          ; 0                             ;
; 33                                          ; 1                             ;
+---------------------------------------------+-------------------------------+


+------------------------------------------+
; I/O Rules Summary                        ;
+----------------------------------+-------+
; I/O Rules Statistic              ; Total ;
+----------------------------------+-------+
; Total I/O Rules                  ; 30    ;
; Number of I/O Rules Passed       ; 9     ;
; Number of I/O Rules Failed       ; 0     ;
; Number of I/O Rules Unchecked    ; 0     ;
; Number of I/O Rules Inapplicable ; 21    ;
+----------------------------------+-------+


+--------------------------------------------------------------------------------------------------------------------------------------------------------------------------------------------------------------------------------------------------------------------------------------+
; I/O Rules Details                                                                                                                                                                                                                                                                    ;
+--------------+-----------+-----------------------------------+------------------------------------------------------------------------------------------------------+----------+--------------------------------------------------------------------------+------+-------------------+
; Status       ; ID        ; Category                          ; Rule Description                                                                                     ; Severity ; Information                                                              ; Area ; Extra Information ;
+--------------+-----------+-----------------------------------+------------------------------------------------------------------------------------------------------+----------+--------------------------------------------------------------------------+------+-------------------+
; Pass         ; IO_000001 ; Capacity Checks                   ; Number of pins in an I/O bank should not exceed the number of locations available.                   ; Critical ; 0 such failures found.                                                   ; I/O  ;                   ;
; Inapplicable ; IO_000002 ; Capacity Checks                   ; Number of clocks in an I/O bank should not exceed the number of clocks available.                    ; Critical ; No Global Signal assignments found.                                      ; I/O  ;                   ;
; Pass         ; IO_000003 ; Capacity Checks                   ; Number of pins in a Vrefgroup should not exceed the number of locations available.                   ; Critical ; 0 such failures found.                                                   ; I/O  ;                   ;
; Inapplicable ; IO_000004 ; Voltage Compatibility Checks      ; The I/O bank should support the requested VCCIO.                                                     ; Critical ; No IOBANK_VCCIO assignments found.                                       ; I/O  ;                   ;
; Inapplicable ; IO_000005 ; Voltage Compatibility Checks      ; The I/O bank should not have competing VREF values.                                                  ; Critical ; No VREF I/O Standard assignments found.                                  ; I/O  ;                   ;
; Pass         ; IO_000006 ; Voltage Compatibility Checks      ; The I/O bank should not have competing VCCIO values.                                                 ; Critical ; 0 such failures found.                                                   ; I/O  ;                   ;
; Pass         ; IO_000007 ; Valid Location Checks             ; Checks for unavailable locations.                                                                    ; Critical ; 0 such failures found.                                                   ; I/O  ;                   ;
; Inapplicable ; IO_000008 ; Valid Location Checks             ; Checks for reserved locations.                                                                       ; Critical ; No reserved LogicLock region found.                                      ; I/O  ;                   ;
; Pass         ; IO_000009 ; I/O Properties Checks for One I/O ; The location should support the requested I/O standard.                                              ; Critical ; 0 such failures found.                                                   ; I/O  ;                   ;
; Pass         ; IO_000010 ; I/O Properties Checks for One I/O ; The location should support the requested I/O direction.                                             ; Critical ; 0 such failures found.                                                   ; I/O  ;                   ;
; Inapplicable ; IO_000011 ; I/O Properties Checks for One I/O ; The location should support the requested Current Strength.                                          ; Critical ; No Current Strength assignments found.                                   ; I/O  ;                   ;
; Inapplicable ; IO_000012 ; I/O Properties Checks for One I/O ; The location should support the requested On Chip Termination value.                                 ; Critical ; No Termination assignments found.                                        ; I/O  ;                   ;
; Inapplicable ; IO_000013 ; I/O Properties Checks for One I/O ; The location should support the requested Bus Hold value.                                            ; Critical ; No Enable Bus-Hold Circuitry assignments found.                          ; I/O  ;                   ;
; Inapplicable ; IO_000014 ; I/O Properties Checks for One I/O ; The location should support the requested Weak Pull Up value.                                        ; Critical ; No Weak Pull-Up Resistor assignments found.                              ; I/O  ;                   ;
; Pass         ; IO_000015 ; I/O Properties Checks for One I/O ; The location should support the requested PCI Clamp Diode.                                           ; Critical ; 0 such failures found.                                                   ; I/O  ;                   ;
; Inapplicable ; IO_000018 ; I/O Properties Checks for One I/O ; The I/O standard should support the requested Current Strength.                                      ; Critical ; No Current Strength assignments found.                                   ; I/O  ;                   ;
; Inapplicable ; IO_000019 ; I/O Properties Checks for One I/O ; The I/O standard should support the requested On Chip Termination value.                             ; Critical ; No Termination assignments found.                                        ; I/O  ;                   ;
; Pass         ; IO_000020 ; I/O Properties Checks for One I/O ; The I/O standard should support the requested PCI Clamp Diode.                                       ; Critical ; 0 such failures found.                                                   ; I/O  ;                   ;
; Inapplicable ; IO_000021 ; I/O Properties Checks for One I/O ; The I/O standard should support the requested Weak Pull Up value.                                    ; Critical ; No Weak Pull-Up Resistor assignments found.                              ; I/O  ;                   ;
; Inapplicable ; IO_000022 ; I/O Properties Checks for One I/O ; The I/O standard should support the requested Bus Hold value.                                        ; Critical ; No Enable Bus-Hold Circuitry assignments found.                          ; I/O  ;                   ;
; Inapplicable ; IO_000023 ; I/O Properties Checks for One I/O ; The I/O standard should support the Open Drain value.                                                ; Critical ; No open drain assignments found.                                         ; I/O  ;                   ;
; Inapplicable ; IO_000024 ; I/O Properties Checks for One I/O ; The I/O direction should support the On Chip Termination value.                                      ; Critical ; No Termination assignments found.                                        ; I/O  ;                   ;
; Inapplicable ; IO_000026 ; I/O Properties Checks for One I/O ; On Chip Termination and Current Strength should not be used at the same time.                        ; Critical ; No Current Strength or Termination assignments found.                    ; I/O  ;                   ;
; Inapplicable ; IO_000027 ; I/O Properties Checks for One I/O ; Weak Pull Up and Bus Hold should not be used at the same time.                                       ; Critical ; No Enable Bus-Hold Circuitry or Weak Pull-Up Resistor assignments found. ; I/O  ;                   ;
; Inapplicable ; IO_000045 ; I/O Properties Checks for One I/O ; The I/O standard should support the requested Slew Rate value.                                       ; Critical ; No Slew Rate assignments found.                                          ; I/O  ;                   ;
; Inapplicable ; IO_000046 ; I/O Properties Checks for One I/O ; The location should support the requested Slew Rate value.                                           ; Critical ; No Slew Rate assignments found.                                          ; I/O  ;                   ;
; Inapplicable ; IO_000047 ; I/O Properties Checks for One I/O ; On Chip Termination and Slew Rate should not be used at the same time.                               ; Critical ; No Slew Rate assignments found.                                          ; I/O  ;                   ;
; Pass         ; IO_000033 ; Electromigration Checks           ; Current density for consecutive I/Os should not exceed 160mA for row I/Os and 160mA for column I/Os. ; Critical ; 0 such failures found.                                                   ; I/O  ;                   ;
; Inapplicable ; IO_000034 ; SI Related Distance Checks        ; Single-ended outputs should be 5 LAB row(s) away from a differential I/O.                            ; High     ; No Differential I/O Standard assignments found.                          ; I/O  ;                   ;
; Inapplicable ; IO_000042 ; SI Related SSO Limit Checks       ; No more than 20 outputs are allowed in a VREF group when VREF is being read from.                    ; High     ; No VREF I/O Standard assignments found.                                  ; I/O  ;                   ;
+--------------+-----------+-----------------------------------+------------------------------------------------------------------------------------------------------+----------+--------------------------------------------------------------------------+------+-------------------+


+---------------------------------------------------------------------------------------------------------------------------------------------------------------------------------------------------------------------------------------------------------------------------------------------------------------------------------------------------------------------------------------------------------------------------------------------------------------------------+
; I/O Rules Matrix                                                                                                                                                                                                                                                                                                                                                                                                                                                          ;
+---------------------+--------------+--------------+--------------+--------------+--------------+-----------+--------------+--------------+-----------+-----------+--------------+--------------+--------------+--------------+--------------+--------------+--------------+--------------+--------------+--------------+--------------+--------------+--------------+--------------+--------------+--------------+--------------+-----------+--------------+--------------+
; Pin/Rules           ; IO_000001    ; IO_000002    ; IO_000003    ; IO_000004    ; IO_000005    ; IO_000006 ; IO_000007    ; IO_000008    ; IO_000009 ; IO_000010 ; IO_000011    ; IO_000012    ; IO_000013    ; IO_000014    ; IO_000015    ; IO_000018    ; IO_000019    ; IO_000020    ; IO_000021    ; IO_000022    ; IO_000023    ; IO_000024    ; IO_000026    ; IO_000027    ; IO_000045    ; IO_000046    ; IO_000047    ; IO_000033 ; IO_000034    ; IO_000042    ;
+---------------------+--------------+--------------+--------------+--------------+--------------+-----------+--------------+--------------+-----------+-----------+--------------+--------------+--------------+--------------+--------------+--------------+--------------+--------------+--------------+--------------+--------------+--------------+--------------+--------------+--------------+--------------+--------------+-----------+--------------+--------------+
; Total Pass          ; 24           ; 0            ; 24           ; 0            ; 0            ; 28        ; 24           ; 0            ; 28        ; 28        ; 0            ; 0            ; 0            ; 0            ; 5            ; 0            ; 0            ; 5            ; 0            ; 0            ; 0            ; 0            ; 0            ; 0            ; 0            ; 0            ; 0            ; 28        ; 0            ; 0            ;
; Total Unchecked     ; 0            ; 0            ; 0            ; 0            ; 0            ; 0         ; 0            ; 0            ; 0         ; 0         ; 0            ; 0            ; 0            ; 0            ; 0            ; 0            ; 0            ; 0            ; 0            ; 0            ; 0            ; 0            ; 0            ; 0            ; 0            ; 0            ; 0            ; 0         ; 0            ; 0            ;
; Total Inapplicable  ; 4            ; 28           ; 4            ; 28           ; 28           ; 0         ; 4            ; 28           ; 0         ; 0         ; 28           ; 28           ; 28           ; 28           ; 23           ; 28           ; 28           ; 23           ; 28           ; 28           ; 28           ; 28           ; 28           ; 28           ; 28           ; 28           ; 28           ; 0         ; 28           ; 28           ;
; Total Fail          ; 0            ; 0            ; 0            ; 0            ; 0            ; 0         ; 0            ; 0            ; 0         ; 0         ; 0            ; 0            ; 0            ; 0            ; 0            ; 0            ; 0            ; 0            ; 0            ; 0            ; 0            ; 0            ; 0            ; 0            ; 0            ; 0            ; 0            ; 0         ; 0            ; 0            ;
; spi_sdo             ; Pass         ; Inapplicable ; Pass         ; Inapplicable ; Inapplicable ; Pass      ; Pass         ; Inapplicable ; Pass      ; Pass      ; Inapplicable ; Inapplicable ; Inapplicable ; Inapplicable ; Inapplicable ; Inapplicable ; Inapplicable ; Inapplicable ; Inapplicable ; Inapplicable ; Inapplicable ; Inapplicable ; Inapplicable ; Inapplicable ; Inapplicable ; Inapplicable ; Inapplicable ; Pass      ; Inapplicable ; Inapplicable ;
; DAC_data_direct[0]  ; Pass         ; Inapplicable ; Pass         ; Inapplicable ; Inapplicable ; Pass      ; Pass         ; Inapplicable ; Pass      ; Pass      ; Inapplicable ; Inapplicable ; Inapplicable ; Inapplicable ; Inapplicable ; Inapplicable ; Inapplicable ; Inapplicable ; Inapplicable ; Inapplicable ; Inapplicable ; Inapplicable ; Inapplicable ; Inapplicable ; Inapplicable ; Inapplicable ; Inapplicable ; Pass      ; Inapplicable ; Inapplicable ;
; DAC_data_direct[1]  ; Pass         ; Inapplicable ; Pass         ; Inapplicable ; Inapplicable ; Pass      ; Pass         ; Inapplicable ; Pass      ; Pass      ; Inapplicable ; Inapplicable ; Inapplicable ; Inapplicable ; Inapplicable ; Inapplicable ; Inapplicable ; Inapplicable ; Inapplicable ; Inapplicable ; Inapplicable ; Inapplicable ; Inapplicable ; Inapplicable ; Inapplicable ; Inapplicable ; Inapplicable ; Pass      ; Inapplicable ; Inapplicable ;
; DAC_data_direct[2]  ; Pass         ; Inapplicable ; Pass         ; Inapplicable ; Inapplicable ; Pass      ; Pass         ; Inapplicable ; Pass      ; Pass      ; Inapplicable ; Inapplicable ; Inapplicable ; Inapplicable ; Inapplicable ; Inapplicable ; Inapplicable ; Inapplicable ; Inapplicable ; Inapplicable ; Inapplicable ; Inapplicable ; Inapplicable ; Inapplicable ; Inapplicable ; Inapplicable ; Inapplicable ; Pass      ; Inapplicable ; Inapplicable ;
; DAC_data_direct[3]  ; Pass         ; Inapplicable ; Pass         ; Inapplicable ; Inapplicable ; Pass      ; Pass         ; Inapplicable ; Pass      ; Pass      ; Inapplicable ; Inapplicable ; Inapplicable ; Inapplicable ; Inapplicable ; Inapplicable ; Inapplicable ; Inapplicable ; Inapplicable ; Inapplicable ; Inapplicable ; Inapplicable ; Inapplicable ; Inapplicable ; Inapplicable ; Inapplicable ; Inapplicable ; Pass      ; Inapplicable ; Inapplicable ;
; DAC_data_direct[4]  ; Pass         ; Inapplicable ; Pass         ; Inapplicable ; Inapplicable ; Pass      ; Pass         ; Inapplicable ; Pass      ; Pass      ; Inapplicable ; Inapplicable ; Inapplicable ; Inapplicable ; Inapplicable ; Inapplicable ; Inapplicable ; Inapplicable ; Inapplicable ; Inapplicable ; Inapplicable ; Inapplicable ; Inapplicable ; Inapplicable ; Inapplicable ; Inapplicable ; Inapplicable ; Pass      ; Inapplicable ; Inapplicable ;
; DAC_data_direct[5]  ; Pass         ; Inapplicable ; Pass         ; Inapplicable ; Inapplicable ; Pass      ; Pass         ; Inapplicable ; Pass      ; Pass      ; Inapplicable ; Inapplicable ; Inapplicable ; Inapplicable ; Inapplicable ; Inapplicable ; Inapplicable ; Inapplicable ; Inapplicable ; Inapplicable ; Inapplicable ; Inapplicable ; Inapplicable ; Inapplicable ; Inapplicable ; Inapplicable ; Inapplicable ; Pass      ; Inapplicable ; Inapplicable ;
; DAC_data_direct[6]  ; Pass         ; Inapplicable ; Pass         ; Inapplicable ; Inapplicable ; Pass      ; Pass         ; Inapplicable ; Pass      ; Pass      ; Inapplicable ; Inapplicable ; Inapplicable ; Inapplicable ; Inapplicable ; Inapplicable ; Inapplicable ; Inapplicable ; Inapplicable ; Inapplicable ; Inapplicable ; Inapplicable ; Inapplicable ; Inapplicable ; Inapplicable ; Inapplicable ; Inapplicable ; Pass      ; Inapplicable ; Inapplicable ;
; DAC_data_direct[7]  ; Pass         ; Inapplicable ; Pass         ; Inapplicable ; Inapplicable ; Pass      ; Pass         ; Inapplicable ; Pass      ; Pass      ; Inapplicable ; Inapplicable ; Inapplicable ; Inapplicable ; Inapplicable ; Inapplicable ; Inapplicable ; Inapplicable ; Inapplicable ; Inapplicable ; Inapplicable ; Inapplicable ; Inapplicable ; Inapplicable ; Inapplicable ; Inapplicable ; Inapplicable ; Pass      ; Inapplicable ; Inapplicable ;
; DAC_clk_direct      ; Pass         ; Inapplicable ; Pass         ; Inapplicable ; Inapplicable ; Pass      ; Pass         ; Inapplicable ; Pass      ; Pass      ; Inapplicable ; Inapplicable ; Inapplicable ; Inapplicable ; Inapplicable ; Inapplicable ; Inapplicable ; Inapplicable ; Inapplicable ; Inapplicable ; Inapplicable ; Inapplicable ; Inapplicable ; Inapplicable ; Inapplicable ; Inapplicable ; Inapplicable ; Pass      ; Inapplicable ; Inapplicable ;
; DAC_data_multi[0]   ; Pass         ; Inapplicable ; Pass         ; Inapplicable ; Inapplicable ; Pass      ; Pass         ; Inapplicable ; Pass      ; Pass      ; Inapplicable ; Inapplicable ; Inapplicable ; Inapplicable ; Inapplicable ; Inapplicable ; Inapplicable ; Inapplicable ; Inapplicable ; Inapplicable ; Inapplicable ; Inapplicable ; Inapplicable ; Inapplicable ; Inapplicable ; Inapplicable ; Inapplicable ; Pass      ; Inapplicable ; Inapplicable ;
; DAC_data_multi[1]   ; Pass         ; Inapplicable ; Pass         ; Inapplicable ; Inapplicable ; Pass      ; Pass         ; Inapplicable ; Pass      ; Pass      ; Inapplicable ; Inapplicable ; Inapplicable ; Inapplicable ; Inapplicable ; Inapplicable ; Inapplicable ; Inapplicable ; Inapplicable ; Inapplicable ; Inapplicable ; Inapplicable ; Inapplicable ; Inapplicable ; Inapplicable ; Inapplicable ; Inapplicable ; Pass      ; Inapplicable ; Inapplicable ;
; DAC_data_multi[2]   ; Pass         ; Inapplicable ; Pass         ; Inapplicable ; Inapplicable ; Pass      ; Pass         ; Inapplicable ; Pass      ; Pass      ; Inapplicable ; Inapplicable ; Inapplicable ; Inapplicable ; Inapplicable ; Inapplicable ; Inapplicable ; Inapplicable ; Inapplicable ; Inapplicable ; Inapplicable ; Inapplicable ; Inapplicable ; Inapplicable ; Inapplicable ; Inapplicable ; Inapplicable ; Pass      ; Inapplicable ; Inapplicable ;
; DAC_data_multi[3]   ; Pass         ; Inapplicable ; Pass         ; Inapplicable ; Inapplicable ; Pass      ; Pass         ; Inapplicable ; Pass      ; Pass      ; Inapplicable ; Inapplicable ; Inapplicable ; Inapplicable ; Inapplicable ; Inapplicable ; Inapplicable ; Inapplicable ; Inapplicable ; Inapplicable ; Inapplicable ; Inapplicable ; Inapplicable ; Inapplicable ; Inapplicable ; Inapplicable ; Inapplicable ; Pass      ; Inapplicable ; Inapplicable ;
; DAC_data_multi[4]   ; Pass         ; Inapplicable ; Pass         ; Inapplicable ; Inapplicable ; Pass      ; Pass         ; Inapplicable ; Pass      ; Pass      ; Inapplicable ; Inapplicable ; Inapplicable ; Inapplicable ; Inapplicable ; Inapplicable ; Inapplicable ; Inapplicable ; Inapplicable ; Inapplicable ; Inapplicable ; Inapplicable ; Inapplicable ; Inapplicable ; Inapplicable ; Inapplicable ; Inapplicable ; Pass      ; Inapplicable ; Inapplicable ;
; DAC_data_multi[5]   ; Pass         ; Inapplicable ; Pass         ; Inapplicable ; Inapplicable ; Pass      ; Pass         ; Inapplicable ; Pass      ; Pass      ; Inapplicable ; Inapplicable ; Inapplicable ; Inapplicable ; Inapplicable ; Inapplicable ; Inapplicable ; Inapplicable ; Inapplicable ; Inapplicable ; Inapplicable ; Inapplicable ; Inapplicable ; Inapplicable ; Inapplicable ; Inapplicable ; Inapplicable ; Pass      ; Inapplicable ; Inapplicable ;
; DAC_data_multi[6]   ; Pass         ; Inapplicable ; Pass         ; Inapplicable ; Inapplicable ; Pass      ; Pass         ; Inapplicable ; Pass      ; Pass      ; Inapplicable ; Inapplicable ; Inapplicable ; Inapplicable ; Inapplicable ; Inapplicable ; Inapplicable ; Inapplicable ; Inapplicable ; Inapplicable ; Inapplicable ; Inapplicable ; Inapplicable ; Inapplicable ; Inapplicable ; Inapplicable ; Inapplicable ; Pass      ; Inapplicable ; Inapplicable ;
; DAC_data_multi[7]   ; Pass         ; Inapplicable ; Pass         ; Inapplicable ; Inapplicable ; Pass      ; Pass         ; Inapplicable ; Pass      ; Pass      ; Inapplicable ; Inapplicable ; Inapplicable ; Inapplicable ; Inapplicable ; Inapplicable ; Inapplicable ; Inapplicable ; Inapplicable ; Inapplicable ; Inapplicable ; Inapplicable ; Inapplicable ; Inapplicable ; Inapplicable ; Inapplicable ; Inapplicable ; Pass      ; Inapplicable ; Inapplicable ;
; DAC_clk_multi       ; Pass         ; Inapplicable ; Pass         ; Inapplicable ; Inapplicable ; Pass      ; Pass         ; Inapplicable ; Pass      ; Pass      ; Inapplicable ; Inapplicable ; Inapplicable ; Inapplicable ; Inapplicable ; Inapplicable ; Inapplicable ; Inapplicable ; Inapplicable ; Inapplicable ; Inapplicable ; Inapplicable ; Inapplicable ; Inapplicable ; Inapplicable ; Inapplicable ; Inapplicable ; Pass      ; Inapplicable ; Inapplicable ;
; sys_rst_n           ; Pass         ; Inapplicable ; Pass         ; Inapplicable ; Inapplicable ; Pass      ; Pass         ; Inapplicable ; Pass      ; Pass      ; Inapplicable ; Inapplicable ; Inapplicable ; Inapplicable ; Pass         ; Inapplicable ; Inapplicable ; Pass         ; Inapplicable ; Inapplicable ; Inapplicable ; Inapplicable ; Inapplicable ; Inapplicable ; Inapplicable ; Inapplicable ; Inapplicable ; Pass      ; Inapplicable ; Inapplicable ;
; sys_clk             ; Pass         ; Inapplicable ; Pass         ; Inapplicable ; Inapplicable ; Pass      ; Pass         ; Inapplicable ; Pass      ; Pass      ; Inapplicable ; Inapplicable ; Inapplicable ; Inapplicable ; Pass         ; Inapplicable ; Inapplicable ; Pass         ; Inapplicable ; Inapplicable ; Inapplicable ; Inapplicable ; Inapplicable ; Inapplicable ; Inapplicable ; Inapplicable ; Inapplicable ; Pass      ; Inapplicable ; Inapplicable ;
; spi_sdi             ; Pass         ; Inapplicable ; Pass         ; Inapplicable ; Inapplicable ; Pass      ; Pass         ; Inapplicable ; Pass      ; Pass      ; Inapplicable ; Inapplicable ; Inapplicable ; Inapplicable ; Pass         ; Inapplicable ; Inapplicable ; Pass         ; Inapplicable ; Inapplicable ; Inapplicable ; Inapplicable ; Inapplicable ; Inapplicable ; Inapplicable ; Inapplicable ; Inapplicable ; Pass      ; Inapplicable ; Inapplicable ;
; spi_sel             ; Pass         ; Inapplicable ; Pass         ; Inapplicable ; Inapplicable ; Pass      ; Pass         ; Inapplicable ; Pass      ; Pass      ; Inapplicable ; Inapplicable ; Inapplicable ; Inapplicable ; Pass         ; Inapplicable ; Inapplicable ; Pass         ; Inapplicable ; Inapplicable ; Inapplicable ; Inapplicable ; Inapplicable ; Inapplicable ; Inapplicable ; Inapplicable ; Inapplicable ; Pass      ; Inapplicable ; Inapplicable ;
; spi_scl             ; Pass         ; Inapplicable ; Pass         ; Inapplicable ; Inapplicable ; Pass      ; Pass         ; Inapplicable ; Pass      ; Pass      ; Inapplicable ; Inapplicable ; Inapplicable ; Inapplicable ; Pass         ; Inapplicable ; Inapplicable ; Pass         ; Inapplicable ; Inapplicable ; Inapplicable ; Inapplicable ; Inapplicable ; Inapplicable ; Inapplicable ; Inapplicable ; Inapplicable ; Pass      ; Inapplicable ; Inapplicable ;
; altera_reserved_tms ; Inapplicable ; Inapplicable ; Inapplicable ; Inapplicable ; Inapplicable ; Pass      ; Inapplicable ; Inapplicable ; Pass      ; Pass      ; Inapplicable ; Inapplicable ; Inapplicable ; Inapplicable ; Inapplicable ; Inapplicable ; Inapplicable ; Inapplicable ; Inapplicable ; Inapplicable ; Inapplicable ; Inapplicable ; Inapplicable ; Inapplicable ; Inapplicable ; Inapplicable ; Inapplicable ; Pass      ; Inapplicable ; Inapplicable ;
; altera_reserved_tck ; Inapplicable ; Inapplicable ; Inapplicable ; Inapplicable ; Inapplicable ; Pass      ; Inapplicable ; Inapplicable ; Pass      ; Pass      ; Inapplicable ; Inapplicable ; Inapplicable ; Inapplicable ; Inapplicable ; Inapplicable ; Inapplicable ; Inapplicable ; Inapplicable ; Inapplicable ; Inapplicable ; Inapplicable ; Inapplicable ; Inapplicable ; Inapplicable ; Inapplicable ; Inapplicable ; Pass      ; Inapplicable ; Inapplicable ;
; altera_reserved_tdi ; Inapplicable ; Inapplicable ; Inapplicable ; Inapplicable ; Inapplicable ; Pass      ; Inapplicable ; Inapplicable ; Pass      ; Pass      ; Inapplicable ; Inapplicable ; Inapplicable ; Inapplicable ; Inapplicable ; Inapplicable ; Inapplicable ; Inapplicable ; Inapplicable ; Inapplicable ; Inapplicable ; Inapplicable ; Inapplicable ; Inapplicable ; Inapplicable ; Inapplicable ; Inapplicable ; Pass      ; Inapplicable ; Inapplicable ;
; altera_reserved_tdo ; Inapplicable ; Inapplicable ; Inapplicable ; Inapplicable ; Inapplicable ; Pass      ; Inapplicable ; Inapplicable ; Pass      ; Pass      ; Inapplicable ; Inapplicable ; Inapplicable ; Inapplicable ; Inapplicable ; Inapplicable ; Inapplicable ; Inapplicable ; Inapplicable ; Inapplicable ; Inapplicable ; Inapplicable ; Inapplicable ; Inapplicable ; Inapplicable ; Inapplicable ; Inapplicable ; Pass      ; Inapplicable ; Inapplicable ;
+---------------------+--------------+--------------+--------------+--------------+--------------+-----------+--------------+--------------+-----------+-----------+--------------+--------------+--------------+--------------+--------------+--------------+--------------+--------------+--------------+--------------+--------------+--------------+--------------+--------------+--------------+--------------+--------------+-----------+--------------+--------------+


+-------------------------------------------------------------------------------------------+
; Fitter Device Options                                                                     ;
+------------------------------------------------------------------+------------------------+
; Option                                                           ; Setting                ;
+------------------------------------------------------------------+------------------------+
; Enable user-supplied start-up clock (CLKUSR)                     ; Off                    ;
; Enable device-wide reset (DEV_CLRn)                              ; Off                    ;
; Enable device-wide output enable (DEV_OE)                        ; Off                    ;
; Enable INIT_DONE output                                          ; Off                    ;
; Configuration scheme                                             ; Internal Configuration ;
; Enable Error Detection CRC_ERROR pin                             ; Off                    ;
; Enable open drain on CRC_ERROR pin                               ; Off                    ;
; Enable nCONFIG, nSTATUS, and CONF_DONE pins                      ; On                     ;
; Enable JTAG pin sharing                                          ; Off                    ;
; Enable nCE pin                                                   ; Off                    ;
; Enable CONFIG_SEL pin                                            ; On                     ;
; Enable input tri-state on active configuration pins in user mode ; Off                    ;
; Configuration Voltage Level                                      ; Auto                   ;
; Force Configuration Voltage Level                                ; Off                    ;
; Data[0]                                                          ; Unreserved             ;
; Data[1]/ASDO                                                     ; Unreserved             ;
; FLASH_nCE/nCSO                                                   ; Unreserved             ;
; DCLK                                                             ; Unreserved             ;
+------------------------------------------------------------------+------------------------+


+------------------------------------+
; Operating Settings and Conditions  ;
+---------------------------+--------+
; Setting                   ; Value  ;
+---------------------------+--------+
; Nominal Core Voltage      ; 1.20 V ;
; Low Junction Temperature  ; 0 °C   ;
; High Junction Temperature ; 85 °C  ;
+---------------------------+--------+


+-----------------+
; Fitter Messages ;
+-----------------+
Warning (18236): Number of processors has not been specified which may cause overloading on shared machines.  Set the global assignment NUM_PARALLEL_PROCESSORS in your QSF to an appropriate value for best performance.
Info (20030): Parallel compilation is enabled and will use 16 of the 24 processors detected
Info (119006): Selected device 10M08SAM153C8GES for design "C_2024_carrier"
Info (21077): Low junction temperature is 0 degrees C
Info (21077): High junction temperature is 85 degrees C
Info (15535): Implemented PLL "pll_ip:pll_ip_inst|altpll:altpll_component|pll_ip_altpll:auto_generated|pll1" as MAX 10 PLL type File: D:/Quartus_code/C_2024_carrier/db/pll_ip_altpll.v Line: 50
    Info (15099): Implementing clock multiplication of 10, clock division of 1, and phase shift of 0 degrees (0 ps) for pll_ip:pll_ip_inst|altpll:altpll_component|pll_ip_altpll:auto_generated|wire_pll1_clk[0] port File: D:/Quartus_code/C_2024_carrier/db/pll_ip_altpll.v Line: 50
    Info (15099): Implementing clock multiplication of 1, clock division of 6, and phase shift of 0 degrees (0 ps) for pll_ip:pll_ip_inst|altpll:altpll_component|pll_ip_altpll:auto_generated|wire_pll1_clk[1] port File: D:/Quartus_code/C_2024_carrier/db/pll_ip_altpll.v Line: 50
Info (171003): Fitter is performing an Auto Fit compilation, which may decrease Fitter effort to reduce compilation time
Critical Warning (16562): Review the Power Analyzer report file (<design>.pow.rpt) to ensure your design is within the maximum power utilization limit of the single power-supply target device and to avoid functional failures.
Info (176444): Device migration not selected. If you intend to use device migration later, you may need to change the pin assignments as they may be incompatible with other devices
    Info (176445): Device 10M08SAM153C8G is compatible
    Info (176445): Device 10M04SAM153C8G is compatible
Info (169124): Fitter converted 4 user pins into dedicated programming pins
    Info (169125): Pin ~ALTERA_CONFIG_SEL~ is reserved at location D8
    Info (169125): Pin ~ALTERA_nCONFIG~ is reserved at location E8
    Info (169125): Pin ~ALTERA_nSTATUS~ is reserved at location D6
    Info (169125): Pin ~ALTERA_CONF_DONE~ is reserved at location E6
Info (169141): DATA[0] dual-purpose pin not reserved
Info (12825): Data[1]/ASDO dual-purpose pin not reserved
Info (12825): nCSO dual-purpose pin not reserved
Info (12825): DCLK dual-purpose pin not reserved
Warning (15714): Some pins have incomplete I/O assignments. Refer to the I/O Assignment Warnings report for details
Info (176045): Design uses memory blocks. Violating setup or hold times of memory block address registers for either read or write operations could cause memory contents to be corrupted. Make sure that all memory block address registers meet the setup and hold time requirements.
Info (332164): Evaluating HDL-embedded SDC commands
    Info (332165): Entity sld_hub
        Info (332166): create_clock -name altera_reserved_tck [get_ports {altera_reserved_tck}] -period 10MHz   
        Info (332166): set_clock_groups -asynchronous -group {altera_reserved_tck}
Critical Warning (332012): Synopsys Design Constraints File file not found: 'C_2024_carrier.sdc'. A Synopsys Design Constraints File is required by the TimeQuest Timing Analyzer to get proper timing constraints. Without it, the Compiler will not properly optimize the design.
Warning (332060): Node: sys_clk was determined to be a clock but was found without an associated clock assignment.
    Info (13166): Register DDS_time_delay:u_DDS_time_delay|DDS_direct:u_DDS_direct|dds_ctrl_direct:dds_ctrl_direct_inst|rom_wave_sin:rom_ip_inst_1|altsyncram:altsyncram_component|altsyncram_8cb1:auto_generated|q_a[0] is being clocked by sys_clk
Info (332097): The following timing edges are non-unate.  TimeQuest will assume pos-unate behavior for these edges in the clock network.
    Info (332098): Cell: altera_internal_jtag  from: tck  to: tckutap
Warning (332056): PLL cross checking found inconsistent PLL clock settings:
    Warning (332056): Node: pll_ip_inst|altpll_component|auto_generated|pll1|clk[0] was found missing 1 generated clock that corresponds to a base clock with a period of: 83.333
    Warning (332056): Node: pll_ip_inst|altpll_component|auto_generated|pll1|clk[1] was found missing 1 generated clock that corresponds to a base clock with a period of: 83.333
Critical Warning (332168): The following clock transfers have no clock uncertainty assignment. For more accurate results, apply clock uncertainty assignments or use the derive_clock_uncertainty command.
    Critical Warning (332169): From altera_reserved_tck (Rise) to altera_reserved_tck (Rise) (setup and hold)
    Critical Warning (332169): From altera_reserved_tck (Rise) to altera_reserved_tck (Fall) (setup and hold)
Info (332129): Detected timing requirements -- optimizing circuit to achieve only the specified requirements
Info (332111): Found 1 clocks
    Info (332111):   Period   Clock Name
    Info (332111): ======== ============
    Info (332111):  100.000 altera_reserved_tck
Info (176353): Automatically promoted node pll_ip:pll_ip_inst|altpll:altpll_component|pll_ip_altpll:auto_generated|wire_pll1_clk[0] (placed in counter C0 of PLL_1) File: D:/Quartus_code/C_2024_carrier/db/pll_ip_altpll.v Line: 92
    Info (176355): Automatically promoted destinations to use location or clock signal Global Clock CLKCTRL_G3
Info (176353): Automatically promoted node pll_ip:pll_ip_inst|altpll:altpll_component|pll_ip_altpll:auto_generated|wire_pll1_clk[1] (placed in counter C1 of PLL_1) File: D:/Quartus_code/C_2024_carrier/db/pll_ip_altpll.v Line: 92
    Info (176355): Automatically promoted destinations to use location or clock signal Global Clock CLKCTRL_G4
Info (176353): Automatically promoted node altera_internal_jtag~TCKUTAP 
    Info (176355): Automatically promoted destinations to use location or clock signal Global Clock
Info (176353): Automatically promoted node sld_signaltap:auto_signaltap_0|sld_signaltap_impl:sld_signaltap_body|sld_signaltap_implb:sld_signaltap_body|reset_all  File: e:/quartus17.1/quartus/libraries/megafunctions/sld_signaltap_impl.vhd Line: 882
    Info (176355): Automatically promoted destinations to use location or clock signal Global Clock
    Info (176356): Following destination nodes may be non-global or may not use global or regional clocks
        Info (176357): Destination node sld_signaltap:auto_signaltap_0|sld_signaltap_impl:sld_signaltap_body|sld_signaltap_implb:sld_signaltap_body|sld_buffer_manager:sld_buffer_manager_inst|last_buffer_write_address_sig[0]~0 File: e:/quartus17.1/quartus/libraries/megafunctions/sld_buffer_manager.vhd Line: 356
        Info (176357): Destination node sld_signaltap:auto_signaltap_0|sld_signaltap_impl:sld_signaltap_body|sld_signaltap_implb:sld_signaltap_body|sld_offload_buffer_mgr:\stp_non_zero_depth_offload_gen:stp_offload_buff_mgr_inst|acq_buf_read_reset~0 File: e:/quartus17.1/quartus/libraries/megafunctions/sld_buffer_manager.vhd Line: 638
        Info (176357): Destination node sld_signaltap:auto_signaltap_0|sld_signaltap_impl:sld_signaltap_body|sld_signaltap_implb:sld_signaltap_body|sld_offload_buffer_mgr:\stp_non_zero_depth_offload_gen:stp_offload_buff_mgr_inst|acq_buf_read_reset File: e:/quartus17.1/quartus/libraries/megafunctions/sld_buffer_manager.vhd Line: 638
Info (176353): Automatically promoted node rst_n~0  File: D:/Quartus_code/C_2024_carrier/rtl/TOP/C_2024_carrier.v Line: 35
    Info (176355): Automatically promoted destinations to use location or clock signal Global Clock
    Info (176356): Following destination nodes may be non-global or may not use global or regional clocks
        Info (176357): Destination node DDS_time_delay:u_DDS_time_delay|DDS_direct:u_DDS_direct|always2~0
Info (176353): Automatically promoted node DDS_time_delay:u_DDS_time_delay|DDS_direct:u_DDS_direct|DDS_en  File: D:/Quartus_code/C_2024_carrier/rtl/DDS/DDS_direct.v Line: 44
    Info (176355): Automatically promoted destinations to use location or clock signal Global Clock
    Info (176356): Following destination nodes may be non-global or may not use global or regional clocks
        Info (176357): Destination node DDS_time_delay:u_DDS_time_delay|DDS_direct:u_DDS_direct|DDS_en~0 File: D:/Quartus_code/C_2024_carrier/rtl/DDS/DDS_direct.v Line: 44
Info (176233): Starting register packing
Info (176235): Finished register packing
    Extra Info (176219): No registers were packed into other blocks
Warning (15064): PLL "pll_ip:pll_ip_inst|altpll:altpll_component|pll_ip_altpll:auto_generated|pll1" output port clk[0] feeds output pin "DAC_clk_multi~output" via non-dedicated routing -- jitter performance depends on switching rate of other design elements. Use PLL dedicated clock outputs to ensure jitter performance File: D:/Quartus_code/C_2024_carrier/db/pll_ip_altpll.v Line: 50
Warning (15064): PLL "pll_ip:pll_ip_inst|altpll:altpll_component|pll_ip_altpll:auto_generated|pll1" output port clk[0] feeds output pin "DAC_clk_direct~output" via non-dedicated routing -- jitter performance depends on switching rate of other design elements. Use PLL dedicated clock outputs to ensure jitter performance File: D:/Quartus_code/C_2024_carrier/db/pll_ip_altpll.v Line: 50
Info (171121): Fitter preparation operations ending: elapsed time is 00:00:01
Info (14896): Fitter has disabled Advanced Physical Optimization because it is not supported for the current family.
Info (170189): Fitter placement preparation operations beginning
Info (170190): Fitter placement preparation operations ending: elapsed time is 00:00:00
Info (170191): Fitter placement operations beginning
Info (170137): Fitter placement was successful
Info (170192): Fitter placement operations ending: elapsed time is 00:00:00
Info (170193): Fitter routing operations beginning
Info (170195): Router estimated average interconnect usage is 3% of the available device resources
    Info (170196): Router estimated peak interconnect usage is 4% of the available device resources in the region that extends from location X10_Y0 to location X20_Y12
Info (170199): The Fitter performed an Auto Fit compilation.  Optimizations were skipped to reduce compilation time.
    Info (170201): Optimizations that may affect the design's routability were skipped
    Info (170200): Optimizations that may affect the design's timing were skipped
Info (170194): Fitter routing operations ending: elapsed time is 00:00:00
Info (11888): Total time spent on timing analysis during the Fitter is 0.15 seconds.
Info (334003): Started post-fitting delay annotation
Warning (334000): Timing characteristics of device 10M08SAM153C8GES are preliminary
Info (334004): Delay annotation completed successfully
Info (334003): Started post-fitting delay annotation
Warning (334000): Timing characteristics of device 10M08SAM153C8GES are preliminary
Info (334004): Delay annotation completed successfully
Info (11218): Fitter post-fit operations ending: elapsed time is 00:00:01
Warning (169177): 5 pins must meet Intel FPGA requirements for 3.3-, 3.0-, and 2.5-V interfaces. For more information, refer to AN 447: Interfacing MAX 10 Devices with 3.3/3.0/2.5-V LVTTL/LVCMOS I/O Systems.
    Info (169178): Pin sys_rst_n uses I/O standard 3.3-V LVTTL at J9 File: D:/Quartus_code/C_2024_carrier/rtl/TOP/C_2024_carrier.v Line: 4
    Info (169178): Pin sys_clk uses I/O standard 3.3-V LVTTL at J5 File: D:/Quartus_code/C_2024_carrier/rtl/TOP/C_2024_carrier.v Line: 3
    Info (169178): Pin spi_sdi uses I/O standard 3.3-V LVTTL at C8 File: D:/Quartus_code/C_2024_carrier/rtl/TOP/C_2024_carrier.v Line: 7
    Info (169178): Pin spi_sel uses I/O standard 3.3-V LVTTL at P6 File: D:/Quartus_code/C_2024_carrier/rtl/TOP/C_2024_carrier.v Line: 8
    Info (169178): Pin spi_scl uses I/O standard 3.3-V LVTTL at B8 File: D:/Quartus_code/C_2024_carrier/rtl/TOP/C_2024_carrier.v Line: 6
Info (144001): Generated suppressed messages file D:/Quartus_code/C_2024_carrier/output_files/C_2024_carrier.fit.smsg
Info: Quartus Prime Fitter was successful. 0 errors, 16 warnings
    Info: Peak virtual memory: 6563 megabytes
    Info: Processing ended: Fri Aug 02 09:39:41 2024
    Info: Elapsed time: 00:00:04
    Info: Total CPU time (on all processors): 00:00:02


+----------------------------+
; Fitter Suppressed Messages ;
+----------------------------+
The suppressed messages can be found in D:/Quartus_code/C_2024_carrier/output_files/C_2024_carrier.fit.smsg.


