TimeQuest Timing Analyzer report for C_2024_carrier
Fri Aug 02 09:39:47 2024
Quartus Prime Version 17.1.0 Build 590 10/25/2017 SJ Standard Edition


---------------------
; Table of Contents ;
---------------------
  1. Legal Notice
  2. TimeQuest Timing Analyzer Summary
  3. Parallel Compilation
  4. Clocks
  5. Slow 1200mV 85C Model Fmax Summary
  6. Slow 1200mV 85C Model Setup Summary
  7. Slow 1200mV 85C Model Hold Summary
  8. Slow 1200mV 85C Model Recovery Summary
  9. Slow 1200mV 85C Model Removal Summary
 10. Slow 1200mV 85C Model Minimum Pulse Width Summary
 11. Slow 1200mV 85C Model Metastability Summary
 12. Slow 1200mV 0C Model Fmax Summary
 13. Slow 1200mV 0C Model Setup Summary
 14. Slow 1200mV 0C Model Hold Summary
 15. Slow 1200mV 0C Model Recovery Summary
 16. Slow 1200mV 0C Model Removal Summary
 17. Slow 1200mV 0C Model Minimum Pulse Width Summary
 18. Slow 1200mV 0C Model Metastability Summary
 19. Fast 1200mV 0C Model Setup Summary
 20. Fast 1200mV 0C Model Hold Summary
 21. Fast 1200mV 0C Model Recovery Summary
 22. Fast 1200mV 0C Model Removal Summary
 23. Fast 1200mV 0C Model Minimum Pulse Width Summary
 24. Fast 1200mV 0C Model Metastability Summary
 25. Multicorner Timing Analysis Summary
 26. Board Trace Model Assignments
 27. Input Transition Times
 28. Signal Integrity Metrics (Slow 1200mv 0c Model)
 29. Signal Integrity Metrics (Slow 1200mv 85c Model)
 30. Signal Integrity Metrics (Fast 1200mv 0c Model)
 31. Setup Transfers
 32. Hold Transfers
 33. Recovery Transfers
 34. Removal Transfers
 35. Report TCCS
 36. Report RSKM
 37. Unconstrained Paths Summary
 38. Clock Status Summary
 39. Unconstrained Input Ports
 40. Unconstrained Output Ports
 41. Unconstrained Input Ports
 42. Unconstrained Output Ports
 43. TimeQuest Timing Analyzer Messages



----------------
; Legal Notice ;
----------------
Copyright (C) 2017  Intel Corporation. All rights reserved.
Your use of Intel Corporation's design tools, logic functions 
and other software and tools, and its AMPP partner logic 
functions, and any output files from any of the foregoing 
(including device programming or simulation files), and any 
associated documentation or information are expressly subject 
to the terms and conditions of the Intel Program License 
Subscription Agreement, the Intel Quartus Prime License Agreement,
the Intel FPGA IP License Agreement, or other applicable license
agreement, including, without limitation, that your use is for
the sole purpose of programming logic devices manufactured by
Intel and sold by Intel or its authorized distributors.  Please
refer to the applicable agreement for further details.



+---------------------------------------------------------------------------------+
; TimeQuest Timing Analyzer Summary                                               ;
+-----------------------+---------------------------------------------------------+
; Quartus Prime Version ; Version 17.1.0 Build 590 10/25/2017 SJ Standard Edition ;
; Timing Analyzer       ; TimeQuest                                               ;
; Revision Name         ; C_2024_carrier                                          ;
; Device Family         ; MAX 10                                                  ;
; Device Name           ; 10M08SAM153C8GES                                        ;
; Timing Models         ; Preliminary                                             ;
; Delay Model           ; Combined                                                ;
; Rise/Fall Delays      ; Enabled                                                 ;
+-----------------------+---------------------------------------------------------+


+------------------------------------------+
; Parallel Compilation                     ;
+----------------------------+-------------+
; Processors                 ; Number      ;
+----------------------------+-------------+
; Number detected on machine ; 32          ;
; Maximum allowed            ; 16          ;
;                            ;             ;
; Average used               ; 1.73        ;
; Maximum used               ; 16          ;
;                            ;             ;
; Usage by Processor         ; % Time Used ;
;     Processor 1            ; 100.0%      ;
;     Processor 2            ;   4.9%      ;
;     Processors 3-16        ;   4.8%      ;
+----------------------------+-------------+


+-----------------------------------------------------------------------------------------------------------------------------------------------------------------------------------------------------------+
; Clocks                                                                                                                                                                                                    ;
+---------------------+------+---------+-----------+-------+--------+------------+-----------+-------------+-------+--------+-----------+------------+----------+--------+--------+-------------------------+
; Clock Name          ; Type ; Period  ; Frequency ; Rise  ; Fall   ; Duty Cycle ; Divide by ; Multiply by ; Phase ; Offset ; Edge List ; Edge Shift ; Inverted ; Master ; Source ; Targets                 ;
+---------------------+------+---------+-----------+-------+--------+------------+-----------+-------------+-------+--------+-----------+------------+----------+--------+--------+-------------------------+
; altera_reserved_tck ; Base ; 100.000 ; 10.0 MHz  ; 0.000 ; 50.000 ;            ;           ;             ;       ;        ;           ;            ;          ;        ;        ; { altera_reserved_tck } ;
+---------------------+------+---------+-----------+-------+--------+------------+-----------+-------------+-------+--------+-----------+------------+----------+--------+--------+-------------------------+


+----------------------------------------------------------+
; Slow 1200mV 85C Model Fmax Summary                       ;
+-----------+-----------------+---------------------+------+
; Fmax      ; Restricted Fmax ; Clock Name          ; Note ;
+-----------+-----------------+---------------------+------+
; 89.96 MHz ; 89.96 MHz       ; altera_reserved_tck ;      ;
+-----------+-----------------+---------------------+------+
This panel reports FMAX for every clock in the design, regardless of the user-specified clock periods.  FMAX is only computed for paths where the source and destination registers or ports are driven by the same clock.  Paths of different clocks, including generated clocks, are ignored.  For paths between a clock and its inversion, FMAX is computed as if the rising and falling edges are scaled along with FMAX, such that the duty cycle (in terms of a percentage) is maintained. Altera recommends that you always use clock constraints and other slack reports for sign-off analysis.


+----------------------------------------------+
; Slow 1200mV 85C Model Setup Summary          ;
+---------------------+--------+---------------+
; Clock               ; Slack  ; End Point TNS ;
+---------------------+--------+---------------+
; altera_reserved_tck ; 44.442 ; 0.000         ;
+---------------------+--------+---------------+


+---------------------------------------------+
; Slow 1200mV 85C Model Hold Summary          ;
+---------------------+-------+---------------+
; Clock               ; Slack ; End Point TNS ;
+---------------------+-------+---------------+
; altera_reserved_tck ; 0.360 ; 0.000         ;
+---------------------+-------+---------------+


+----------------------------------------------+
; Slow 1200mV 85C Model Recovery Summary       ;
+---------------------+--------+---------------+
; Clock               ; Slack  ; End Point TNS ;
+---------------------+--------+---------------+
; altera_reserved_tck ; 95.941 ; 0.000         ;
+---------------------+--------+---------------+


+---------------------------------------------+
; Slow 1200mV 85C Model Removal Summary       ;
+---------------------+-------+---------------+
; Clock               ; Slack ; End Point TNS ;
+---------------------+-------+---------------+
; altera_reserved_tck ; 1.047 ; 0.000         ;
+---------------------+-------+---------------+


+---------------------------------------------------+
; Slow 1200mV 85C Model Minimum Pulse Width Summary ;
+---------------------+--------+--------------------+
; Clock               ; Slack  ; End Point TNS      ;
+---------------------+--------+--------------------+
; altera_reserved_tck ; 49.510 ; 0.000              ;
+---------------------+--------+--------------------+


-----------------------------------------------
; Slow 1200mV 85C Model Metastability Summary ;
-----------------------------------------------
The design MTBF is not calculated because there are no specified synchronizers in the design.
Number of Synchronizer Chains Found: 2
Shortest Synchronizer Chain: 4 Registers
Fraction of Chains for which MTBFs Could Not be Calculated: 1.000
Worst Case Available Settling Time: 341.982 ns




+---------------------------------------------------------+
; Slow 1200mV 0C Model Fmax Summary                       ;
+----------+-----------------+---------------------+------+
; Fmax     ; Restricted Fmax ; Clock Name          ; Note ;
+----------+-----------------+---------------------+------+
; 94.0 MHz ; 94.0 MHz        ; altera_reserved_tck ;      ;
+----------+-----------------+---------------------+------+
This panel reports FMAX for every clock in the design, regardless of the user-specified clock periods.  FMAX is only computed for paths where the source and destination registers or ports are driven by the same clock.  Paths of different clocks, including generated clocks, are ignored.  For paths between a clock and its inversion, FMAX is computed as if the rising and falling edges are scaled along with FMAX, such that the duty cycle (in terms of a percentage) is maintained. Altera recommends that you always use clock constraints and other slack reports for sign-off analysis.


+----------------------------------------------+
; Slow 1200mV 0C Model Setup Summary           ;
+---------------------+--------+---------------+
; Clock               ; Slack  ; End Point TNS ;
+---------------------+--------+---------------+
; altera_reserved_tck ; 44.681 ; 0.000         ;
+---------------------+--------+---------------+


+---------------------------------------------+
; Slow 1200mV 0C Model Hold Summary           ;
+---------------------+-------+---------------+
; Clock               ; Slack ; End Point TNS ;
+---------------------+-------+---------------+
; altera_reserved_tck ; 0.322 ; 0.000         ;
+---------------------+-------+---------------+


+----------------------------------------------+
; Slow 1200mV 0C Model Recovery Summary        ;
+---------------------+--------+---------------+
; Clock               ; Slack  ; End Point TNS ;
+---------------------+--------+---------------+
; altera_reserved_tck ; 96.233 ; 0.000         ;
+---------------------+--------+---------------+


+---------------------------------------------+
; Slow 1200mV 0C Model Removal Summary        ;
+---------------------+-------+---------------+
; Clock               ; Slack ; End Point TNS ;
+---------------------+-------+---------------+
; altera_reserved_tck ; 0.969 ; 0.000         ;
+---------------------+-------+---------------+


+--------------------------------------------------+
; Slow 1200mV 0C Model Minimum Pulse Width Summary ;
+---------------------+--------+-------------------+
; Clock               ; Slack  ; End Point TNS     ;
+---------------------+--------+-------------------+
; altera_reserved_tck ; 49.524 ; 0.000             ;
+---------------------+--------+-------------------+


----------------------------------------------
; Slow 1200mV 0C Model Metastability Summary ;
----------------------------------------------
The design MTBF is not calculated because there are no specified synchronizers in the design.
Number of Synchronizer Chains Found: 2
Shortest Synchronizer Chain: 4 Registers
Fraction of Chains for which MTBFs Could Not be Calculated: 1.000
Worst Case Available Settling Time: 342.446 ns




+----------------------------------------------+
; Fast 1200mV 0C Model Setup Summary           ;
+---------------------+--------+---------------+
; Clock               ; Slack  ; End Point TNS ;
+---------------------+--------+---------------+
; altera_reserved_tck ; 48.253 ; 0.000         ;
+---------------------+--------+---------------+


+---------------------------------------------+
; Fast 1200mV 0C Model Hold Summary           ;
+---------------------+-------+---------------+
; Clock               ; Slack ; End Point TNS ;
+---------------------+-------+---------------+
; altera_reserved_tck ; 0.151 ; 0.000         ;
+---------------------+-------+---------------+


+----------------------------------------------+
; Fast 1200mV 0C Model Recovery Summary        ;
+---------------------+--------+---------------+
; Clock               ; Slack  ; End Point TNS ;
+---------------------+--------+---------------+
; altera_reserved_tck ; 98.158 ; 0.000         ;
+---------------------+--------+---------------+


+---------------------------------------------+
; Fast 1200mV 0C Model Removal Summary        ;
+---------------------+-------+---------------+
; Clock               ; Slack ; End Point TNS ;
+---------------------+-------+---------------+
; altera_reserved_tck ; 0.432 ; 0.000         ;
+---------------------+-------+---------------+


+--------------------------------------------------+
; Fast 1200mV 0C Model Minimum Pulse Width Summary ;
+---------------------+--------+-------------------+
; Clock               ; Slack  ; End Point TNS     ;
+---------------------+--------+-------------------+
; altera_reserved_tck ; 49.252 ; 0.000             ;
+---------------------+--------+-------------------+


----------------------------------------------
; Fast 1200mV 0C Model Metastability Summary ;
----------------------------------------------
The design MTBF is not calculated because there are no specified synchronizers in the design.
Number of Synchronizer Chains Found: 2
Shortest Synchronizer Chain: 4 Registers
Fraction of Chains for which MTBFs Could Not be Calculated: 1.000
Worst Case Available Settling Time: 347.341 ns




+----------------------------------------------------------------------------------+
; Multicorner Timing Analysis Summary                                              ;
+----------------------+--------+-------+----------+---------+---------------------+
; Clock                ; Setup  ; Hold  ; Recovery ; Removal ; Minimum Pulse Width ;
+----------------------+--------+-------+----------+---------+---------------------+
; Worst-case Slack     ; 44.442 ; 0.151 ; 95.941   ; 0.432   ; 49.252              ;
;  altera_reserved_tck ; 44.442 ; 0.151 ; 95.941   ; 0.432   ; 49.252              ;
; Design-wide TNS      ; 0.0    ; 0.0   ; 0.0      ; 0.0     ; 0.0                 ;
;  altera_reserved_tck ; 0.000  ; 0.000 ; 0.000    ; 0.000   ; 0.000               ;
+----------------------+--------+-------+----------+---------+---------------------+


+------------------------------------------------------------------------------------------------------------------------------------------------------------------------------------------------------------------------------------------------------------------------------------------------------------------------------------------------------------------------------------------------------------------------+
; Board Trace Model Assignments                                                                                                                                                                                                                                                                                                                                                                                          ;
+---------------------+--------------+-------------------+-------------------------+-------------------------+---------------+---------------------+----------------+------------------+--------+------------------+------------------------+------------------------+--------------+---------------+-----------------+-------+---------------------+--------------------+---------------+-----------------+-------------+
; Pin                 ; I/O Standard ; Near Tline Length ; Near Tline L per Length ; Near Tline C per Length ; Near Series R ; Near Differential R ; Near Pull-up R ; Near Pull-down R ; Near C ; Far Tline Length ; Far Tline L per Length ; Far Tline C per Length ; Far Series R ; Far Pull-up R ; Far Pull-down R ; Far C ; Termination Voltage ; Far Differential R ; EBD File Name ; EBD Signal Name ; EBD Far-end ;
+---------------------+--------------+-------------------+-------------------------+-------------------------+---------------+---------------------+----------------+------------------+--------+------------------+------------------------+------------------------+--------------+---------------+-----------------+-------+---------------------+--------------------+---------------+-----------------+-------------+
; spi_sdo             ; 3.3-V LVTTL  ; 0 in              ; 0 H/in                  ; 0 F/in                  ; short         ; -                   ; open           ; open             ; open   ; 0 in             ; 0 H/in                 ; 0 F/in                 ; short        ; open          ; open            ; open  ; 0 V                 ; -                  ; n/a           ; n/a             ; n/a         ;
; DAC_data_direct[0]  ; 3.3-V LVTTL  ; 0 in              ; 0 H/in                  ; 0 F/in                  ; short         ; -                   ; open           ; open             ; open   ; 0 in             ; 0 H/in                 ; 0 F/in                 ; short        ; open          ; open            ; open  ; 0 V                 ; -                  ; n/a           ; n/a             ; n/a         ;
; DAC_data_direct[1]  ; 3.3-V LVTTL  ; 0 in              ; 0 H/in                  ; 0 F/in                  ; short         ; -                   ; open           ; open             ; open   ; 0 in             ; 0 H/in                 ; 0 F/in                 ; short        ; open          ; open            ; open  ; 0 V                 ; -                  ; n/a           ; n/a             ; n/a         ;
; DAC_data_direct[2]  ; 3.3-V LVTTL  ; 0 in              ; 0 H/in                  ; 0 F/in                  ; short         ; -                   ; open           ; open             ; open   ; 0 in             ; 0 H/in                 ; 0 F/in                 ; short        ; open          ; open            ; open  ; 0 V                 ; -                  ; n/a           ; n/a             ; n/a         ;
; DAC_data_direct[3]  ; 3.3-V LVTTL  ; 0 in              ; 0 H/in                  ; 0 F/in                  ; short         ; -                   ; open           ; open             ; open   ; 0 in             ; 0 H/in                 ; 0 F/in                 ; short        ; open          ; open            ; open  ; 0 V                 ; -                  ; n/a           ; n/a             ; n/a         ;
; DAC_data_direct[4]  ; 3.3-V LVTTL  ; 0 in              ; 0 H/in                  ; 0 F/in                  ; short         ; -                   ; open           ; open             ; open   ; 0 in             ; 0 H/in                 ; 0 F/in                 ; short        ; open          ; open            ; open  ; 0 V                 ; -                  ; n/a           ; n/a             ; n/a         ;
; DAC_data_direct[5]  ; 3.3-V LVTTL  ; 0 in              ; 0 H/in                  ; 0 F/in                  ; short         ; -                   ; open           ; open             ; open   ; 0 in             ; 0 H/in                 ; 0 F/in                 ; short        ; open          ; open            ; open  ; 0 V                 ; -                  ; n/a           ; n/a             ; n/a         ;
; DAC_data_direct[6]  ; 3.3-V LVTTL  ; 0 in              ; 0 H/in                  ; 0 F/in                  ; short         ; -                   ; open           ; open             ; open   ; 0 in             ; 0 H/in                 ; 0 F/in                 ; short        ; open          ; open            ; open  ; 0 V                 ; -                  ; n/a           ; n/a             ; n/a         ;
; DAC_data_direct[7]  ; 3.3-V LVTTL  ; 0 in              ; 0 H/in                  ; 0 F/in                  ; short         ; -                   ; open           ; open             ; open   ; 0 in             ; 0 H/in                 ; 0 F/in                 ; short        ; open          ; open            ; open  ; 0 V                 ; -                  ; n/a           ; n/a             ; n/a         ;
; DAC_clk_direct      ; 3.3-V LVTTL  ; 0 in              ; 0 H/in                  ; 0 F/in                  ; short         ; -                   ; open           ; open             ; open   ; 0 in             ; 0 H/in                 ; 0 F/in                 ; short        ; open          ; open            ; open  ; 0 V                 ; -                  ; n/a           ; n/a             ; n/a         ;
; DAC_data_multi[0]   ; 3.3-V LVTTL  ; 0 in              ; 0 H/in                  ; 0 F/in                  ; short         ; -                   ; open           ; open             ; open   ; 0 in             ; 0 H/in                 ; 0 F/in                 ; short        ; open          ; open            ; open  ; 0 V                 ; -                  ; n/a           ; n/a             ; n/a         ;
; DAC_data_multi[1]   ; 3.3-V LVTTL  ; 0 in              ; 0 H/in                  ; 0 F/in                  ; short         ; -                   ; open           ; open             ; open   ; 0 in             ; 0 H/in                 ; 0 F/in                 ; short        ; open          ; open            ; open  ; 0 V                 ; -                  ; n/a           ; n/a             ; n/a         ;
; DAC_data_multi[2]   ; 3.3-V LVTTL  ; 0 in              ; 0 H/in                  ; 0 F/in                  ; short         ; -                   ; open           ; open             ; open   ; 0 in             ; 0 H/in                 ; 0 F/in                 ; short        ; open          ; open            ; open  ; 0 V                 ; -                  ; n/a           ; n/a             ; n/a         ;
; DAC_data_multi[3]   ; 3.3-V LVTTL  ; 0 in              ; 0 H/in                  ; 0 F/in                  ; short         ; -                   ; open           ; open             ; open   ; 0 in             ; 0 H/in                 ; 0 F/in                 ; short        ; open          ; open            ; open  ; 0 V                 ; -                  ; n/a           ; n/a             ; n/a         ;
; DAC_data_multi[4]   ; 3.3-V LVTTL  ; 0 in              ; 0 H/in                  ; 0 F/in                  ; short         ; -                   ; open           ; open             ; open   ; 0 in             ; 0 H/in                 ; 0 F/in                 ; short        ; open          ; open            ; open  ; 0 V                 ; -                  ; n/a           ; n/a             ; n/a         ;
; DAC_data_multi[5]   ; 3.3-V LVTTL  ; 0 in              ; 0 H/in                  ; 0 F/in                  ; short         ; -                   ; open           ; open             ; open   ; 0 in             ; 0 H/in                 ; 0 F/in                 ; short        ; open          ; open            ; open  ; 0 V                 ; -                  ; n/a           ; n/a             ; n/a         ;
; DAC_data_multi[6]   ; 3.3-V LVTTL  ; 0 in              ; 0 H/in                  ; 0 F/in                  ; short         ; -                   ; open           ; open             ; open   ; 0 in             ; 0 H/in                 ; 0 F/in                 ; short        ; open          ; open            ; open  ; 0 V                 ; -                  ; n/a           ; n/a             ; n/a         ;
; DAC_data_multi[7]   ; 3.3-V LVTTL  ; 0 in              ; 0 H/in                  ; 0 F/in                  ; short         ; -                   ; open           ; open             ; open   ; 0 in             ; 0 H/in                 ; 0 F/in                 ; short        ; open          ; open            ; open  ; 0 V                 ; -                  ; n/a           ; n/a             ; n/a         ;
; DAC_clk_multi       ; 3.3-V LVTTL  ; 0 in              ; 0 H/in                  ; 0 F/in                  ; short         ; -                   ; open           ; open             ; open   ; 0 in             ; 0 H/in                 ; 0 F/in                 ; short        ; open          ; open            ; open  ; 0 V                 ; -                  ; n/a           ; n/a             ; n/a         ;
; altera_reserved_tdo ; 3.3-V LVTTL  ; 0 in              ; 0 H/in                  ; 0 F/in                  ; short         ; -                   ; open           ; open             ; open   ; 0 in             ; 0 H/in                 ; 0 F/in                 ; short        ; open          ; open            ; open  ; 0 V                 ; -                  ; n/a           ; n/a             ; n/a         ;
+---------------------+--------------+-------------------+-------------------------+-------------------------+---------------+---------------------+----------------+------------------+--------+------------------+------------------------+------------------------+--------------+---------------+-----------------+-------+---------------------+--------------------+---------------+-----------------+-------------+


+---------------------------------------------------------------------------------+
; Input Transition Times                                                          ;
+---------------------+-----------------------+-----------------+-----------------+
; Pin                 ; I/O Standard          ; 10-90 Rise Time ; 90-10 Fall Time ;
+---------------------+-----------------------+-----------------+-----------------+
; sys_rst_n           ; 3.3-V LVTTL           ; 2640 ps         ; 2640 ps         ;
; sys_clk             ; 3.3-V LVTTL           ; 2640 ps         ; 2640 ps         ;
; spi_sdi             ; 3.3-V LVTTL           ; 2640 ps         ; 2640 ps         ;
; spi_sel             ; 3.3-V LVTTL           ; 2640 ps         ; 2640 ps         ;
; spi_scl             ; 3.3-V LVTTL           ; 2640 ps         ; 2640 ps         ;
; altera_reserved_tms ; 3.3 V Schmitt Trigger ; 2640 ps         ; 2640 ps         ;
; altera_reserved_tck ; 3.3 V Schmitt Trigger ; 2640 ps         ; 2640 ps         ;
; altera_reserved_tdi ; 3.3 V Schmitt Trigger ; 2640 ps         ; 2640 ps         ;
; ~ALTERA_CONFIG_SEL~ ; 3.3-V LVTTL           ; 2640 ps         ; 2640 ps         ;
; ~ALTERA_nCONFIG~    ; 3.3 V Schmitt Trigger ; 2640 ps         ; 2640 ps         ;
; ~ALTERA_nSTATUS~    ; 3.3 V Schmitt Trigger ; 2640 ps         ; 2640 ps         ;
; ~ALTERA_CONF_DONE~  ; 3.3 V Schmitt Trigger ; 2640 ps         ; 2640 ps         ;
+---------------------+-----------------------+-----------------+-----------------+


+--------------------------------------------------------------------------------------------------------------------------------------------------------------------------------------------------------------------------------------------------------------------------------------------------------------------------------------------------------------------------------------------------------------------------------------------------------------------------------------------------------------------------------------------------------------------------------------------------------------------------------------------------------------------------------------------------+
; Signal Integrity Metrics (Slow 1200mv 0c Model)                                                                                                                                                                                                                                                                                                                                                                                                                                                                                                                                                                                                                                                  ;
+---------------------+--------------+---------------------+---------------------+------------------------------+------------------------------+---------------------+---------------------+--------------------------------------+--------------------------------------+-----------------------------+-----------------------------+----------------------------+----------------------------+-----------------------------+-----------------------------+--------------------+--------------------+-------------------------------------+-------------------------------------+----------------------------+----------------------------+---------------------------+---------------------------+
; Pin                 ; I/O Standard ; Board Delay on Rise ; Board Delay on Fall ; Steady State Voh at FPGA Pin ; Steady State Vol at FPGA Pin ; Voh Max at FPGA Pin ; Vol Min at FPGA Pin ; Ringback Voltage on Rise at FPGA Pin ; Ringback Voltage on Fall at FPGA Pin ; 10-90 Rise Time at FPGA Pin ; 90-10 Fall Time at FPGA Pin ; Monotonic Rise at FPGA Pin ; Monotonic Fall at FPGA Pin ; Steady State Voh at Far-end ; Steady State Vol at Far-end ; Voh Max at Far-end ; Vol Min at Far-end ; Ringback Voltage on Rise at Far-end ; Ringback Voltage on Fall at Far-end ; 10-90 Rise Time at Far-end ; 90-10 Fall Time at Far-end ; Monotonic Rise at Far-end ; Monotonic Fall at Far-end ;
+---------------------+--------------+---------------------+---------------------+------------------------------+------------------------------+---------------------+---------------------+--------------------------------------+--------------------------------------+-----------------------------+-----------------------------+----------------------------+----------------------------+-----------------------------+-----------------------------+--------------------+--------------------+-------------------------------------+-------------------------------------+----------------------------+----------------------------+---------------------------+---------------------------+
; spi_sdo             ; 3.3-V LVTTL  ; 0 s                 ; 0 s                 ; 3.08 V                       ; 2.08e-08 V                   ; 3.19 V              ; -0.126 V            ; 0.218 V                              ; 0.383 V                              ; 4.51e-10 s                  ; 4.73e-10 s                  ; No                         ; No                         ; 3.08 V                      ; 2.08e-08 V                  ; 3.19 V             ; -0.126 V           ; 0.218 V                             ; 0.383 V                             ; 4.51e-10 s                 ; 4.73e-10 s                 ; No                        ; No                        ;
; DAC_data_direct[0]  ; 3.3-V LVTTL  ; 0 s                 ; 0 s                 ; 3.08 V                       ; 2.08e-08 V                   ; 3.19 V              ; -0.126 V            ; 0.218 V                              ; 0.383 V                              ; 4.51e-10 s                  ; 4.73e-10 s                  ; No                         ; No                         ; 3.08 V                      ; 2.08e-08 V                  ; 3.19 V             ; -0.126 V           ; 0.218 V                             ; 0.383 V                             ; 4.51e-10 s                 ; 4.73e-10 s                 ; No                        ; No                        ;
; DAC_data_direct[1]  ; 3.3-V LVTTL  ; 0 s                 ; 0 s                 ; 3.08 V                       ; 2.08e-08 V                   ; 3.19 V              ; -0.128 V            ; 0.216 V                              ; 0.383 V                              ; 4.51e-10 s                  ; 4.73e-10 s                  ; No                         ; No                         ; 3.08 V                      ; 2.08e-08 V                  ; 3.19 V             ; -0.128 V           ; 0.216 V                             ; 0.383 V                             ; 4.51e-10 s                 ; 4.73e-10 s                 ; No                        ; No                        ;
; DAC_data_direct[2]  ; 3.3-V LVTTL  ; 0 s                 ; 0 s                 ; 3.08 V                       ; 2.08e-08 V                   ; 3.19 V              ; -0.128 V            ; 0.216 V                              ; 0.383 V                              ; 4.51e-10 s                  ; 4.73e-10 s                  ; No                         ; No                         ; 3.08 V                      ; 2.08e-08 V                  ; 3.19 V             ; -0.128 V           ; 0.216 V                             ; 0.383 V                             ; 4.51e-10 s                 ; 4.73e-10 s                 ; No                        ; No                        ;
; DAC_data_direct[3]  ; 3.3-V LVTTL  ; 0 s                 ; 0 s                 ; 3.08 V                       ; 2.08e-08 V                   ; 3.19 V              ; -0.126 V            ; 0.218 V                              ; 0.383 V                              ; 4.51e-10 s                  ; 4.73e-10 s                  ; No                         ; No                         ; 3.08 V                      ; 2.08e-08 V                  ; 3.19 V             ; -0.126 V           ; 0.218 V                             ; 0.383 V                             ; 4.51e-10 s                 ; 4.73e-10 s                 ; No                        ; No                        ;
; DAC_data_direct[4]  ; 3.3-V LVTTL  ; 0 s                 ; 0 s                 ; 3.08 V                       ; 2.08e-08 V                   ; 3.18 V              ; -0.116 V            ; 0.266 V                              ; 0.229 V                              ; 4.69e-10 s                  ; 6.38e-10 s                  ; No                         ; No                         ; 3.08 V                      ; 2.08e-08 V                  ; 3.18 V             ; -0.116 V           ; 0.266 V                             ; 0.229 V                             ; 4.69e-10 s                 ; 6.38e-10 s                 ; No                        ; No                        ;
; DAC_data_direct[5]  ; 3.3-V LVTTL  ; 0 s                 ; 0 s                 ; 3.08 V                       ; 2.08e-08 V                   ; 3.19 V              ; -0.128 V            ; 0.216 V                              ; 0.383 V                              ; 4.51e-10 s                  ; 4.73e-10 s                  ; No                         ; No                         ; 3.08 V                      ; 2.08e-08 V                  ; 3.19 V             ; -0.128 V           ; 0.216 V                             ; 0.383 V                             ; 4.51e-10 s                 ; 4.73e-10 s                 ; No                        ; No                        ;
; DAC_data_direct[6]  ; 3.3-V LVTTL  ; 0 s                 ; 0 s                 ; 3.08 V                       ; 2.08e-08 V                   ; 3.19 V              ; -0.126 V            ; 0.218 V                              ; 0.383 V                              ; 4.51e-10 s                  ; 4.73e-10 s                  ; No                         ; No                         ; 3.08 V                      ; 2.08e-08 V                  ; 3.19 V             ; -0.126 V           ; 0.218 V                             ; 0.383 V                             ; 4.51e-10 s                 ; 4.73e-10 s                 ; No                        ; No                        ;
; DAC_data_direct[7]  ; 3.3-V LVTTL  ; 0 s                 ; 0 s                 ; 3.08 V                       ; 2.08e-08 V                   ; 3.19 V              ; -0.128 V            ; 0.216 V                              ; 0.383 V                              ; 4.51e-10 s                  ; 4.73e-10 s                  ; No                         ; No                         ; 3.08 V                      ; 2.08e-08 V                  ; 3.19 V             ; -0.128 V           ; 0.216 V                             ; 0.383 V                             ; 4.51e-10 s                 ; 4.73e-10 s                 ; No                        ; No                        ;
; DAC_clk_direct      ; 3.3-V LVTTL  ; 0 s                 ; 0 s                 ; 3.08 V                       ; 2.07e-08 V                   ; 3.18 V              ; -0.115 V            ; 0.266 V                              ; 0.229 V                              ; 4.69e-10 s                  ; 6.38e-10 s                  ; No                         ; No                         ; 3.08 V                      ; 2.07e-08 V                  ; 3.18 V             ; -0.115 V           ; 0.266 V                             ; 0.229 V                             ; 4.69e-10 s                 ; 6.38e-10 s                 ; No                        ; No                        ;
; DAC_data_multi[0]   ; 3.3-V LVTTL  ; 0 s                 ; 0 s                 ; 3.08 V                       ; 2.08e-08 V                   ; 3.19 V              ; -0.128 V            ; 0.216 V                              ; 0.383 V                              ; 4.51e-10 s                  ; 4.73e-10 s                  ; No                         ; No                         ; 3.08 V                      ; 2.08e-08 V                  ; 3.19 V             ; -0.128 V           ; 0.216 V                             ; 0.383 V                             ; 4.51e-10 s                 ; 4.73e-10 s                 ; No                        ; No                        ;
; DAC_data_multi[1]   ; 3.3-V LVTTL  ; 0 s                 ; 0 s                 ; 3.08 V                       ; 2.08e-08 V                   ; 3.09 V              ; -0.0046 V           ; 0.291 V                              ; 0.287 V                              ; 4.58e-09 s                  ; 4.9e-09 s                   ; No                         ; No                         ; 3.08 V                      ; 2.08e-08 V                  ; 3.09 V             ; -0.0046 V          ; 0.291 V                             ; 0.287 V                             ; 4.58e-09 s                 ; 4.9e-09 s                  ; No                        ; No                        ;
; DAC_data_multi[2]   ; 3.3-V LVTTL  ; 0 s                 ; 0 s                 ; 3.08 V                       ; 2.08e-08 V                   ; 3.19 V              ; -0.128 V            ; 0.216 V                              ; 0.383 V                              ; 4.51e-10 s                  ; 4.73e-10 s                  ; No                         ; No                         ; 3.08 V                      ; 2.08e-08 V                  ; 3.19 V             ; -0.128 V           ; 0.216 V                             ; 0.383 V                             ; 4.51e-10 s                 ; 4.73e-10 s                 ; No                        ; No                        ;
; DAC_data_multi[3]   ; 3.3-V LVTTL  ; 0 s                 ; 0 s                 ; 3.08 V                       ; 2.08e-08 V                   ; 3.19 V              ; -0.128 V            ; 0.216 V                              ; 0.383 V                              ; 4.51e-10 s                  ; 4.73e-10 s                  ; No                         ; No                         ; 3.08 V                      ; 2.08e-08 V                  ; 3.19 V             ; -0.128 V           ; 0.216 V                             ; 0.383 V                             ; 4.51e-10 s                 ; 4.73e-10 s                 ; No                        ; No                        ;
; DAC_data_multi[4]   ; 3.3-V LVTTL  ; 0 s                 ; 0 s                 ; 3.08 V                       ; 2.08e-08 V                   ; 3.19 V              ; -0.126 V            ; 0.218 V                              ; 0.383 V                              ; 4.51e-10 s                  ; 4.73e-10 s                  ; No                         ; No                         ; 3.08 V                      ; 2.08e-08 V                  ; 3.19 V             ; -0.126 V           ; 0.218 V                             ; 0.383 V                             ; 4.51e-10 s                 ; 4.73e-10 s                 ; No                        ; No                        ;
; DAC_data_multi[5]   ; 3.3-V LVTTL  ; 0 s                 ; 0 s                 ; 3.08 V                       ; 2.08e-08 V                   ; 3.19 V              ; -0.128 V            ; 0.216 V                              ; 0.383 V                              ; 4.51e-10 s                  ; 4.73e-10 s                  ; No                         ; No                         ; 3.08 V                      ; 2.08e-08 V                  ; 3.19 V             ; -0.128 V           ; 0.216 V                             ; 0.383 V                             ; 4.51e-10 s                 ; 4.73e-10 s                 ; No                        ; No                        ;
; DAC_data_multi[6]   ; 3.3-V LVTTL  ; 0 s                 ; 0 s                 ; 3.08 V                       ; 2.08e-08 V                   ; 3.09 V              ; -0.0046 V           ; 0.291 V                              ; 0.287 V                              ; 4.58e-09 s                  ; 4.9e-09 s                   ; No                         ; No                         ; 3.08 V                      ; 2.08e-08 V                  ; 3.09 V             ; -0.0046 V          ; 0.291 V                             ; 0.287 V                             ; 4.58e-09 s                 ; 4.9e-09 s                  ; No                        ; No                        ;
; DAC_data_multi[7]   ; 3.3-V LVTTL  ; 0 s                 ; 0 s                 ; 3.08 V                       ; 2.08e-08 V                   ; 3.19 V              ; -0.126 V            ; 0.218 V                              ; 0.383 V                              ; 4.51e-10 s                  ; 4.73e-10 s                  ; No                         ; No                         ; 3.08 V                      ; 2.08e-08 V                  ; 3.19 V             ; -0.126 V           ; 0.218 V                             ; 0.383 V                             ; 4.51e-10 s                 ; 4.73e-10 s                 ; No                        ; No                        ;
; DAC_clk_multi       ; 3.3-V LVTTL  ; 0 s                 ; 0 s                 ; 3.08 V                       ; 2.08e-08 V                   ; 3.19 V              ; -0.126 V            ; 0.218 V                              ; 0.383 V                              ; 4.51e-10 s                  ; 4.73e-10 s                  ; No                         ; No                         ; 3.08 V                      ; 2.08e-08 V                  ; 3.19 V             ; -0.126 V           ; 0.218 V                             ; 0.383 V                             ; 4.51e-10 s                 ; 4.73e-10 s                 ; No                        ; No                        ;
; altera_reserved_tdo ; 3.3-V LVTTL  ; 0 s                 ; 0 s                 ; 3.08 V                       ; 2.08e-08 V                   ; 3.19 V              ; -0.126 V            ; 0.218 V                              ; 0.383 V                              ; 4.51e-10 s                  ; 4.73e-10 s                  ; No                         ; No                         ; 3.08 V                      ; 2.08e-08 V                  ; 3.19 V             ; -0.126 V           ; 0.218 V                             ; 0.383 V                             ; 4.51e-10 s                 ; 4.73e-10 s                 ; No                        ; No                        ;
+---------------------+--------------+---------------------+---------------------+------------------------------+------------------------------+---------------------+---------------------+--------------------------------------+--------------------------------------+-----------------------------+-----------------------------+----------------------------+----------------------------+-----------------------------+-----------------------------+--------------------+--------------------+-------------------------------------+-------------------------------------+----------------------------+----------------------------+---------------------------+---------------------------+


+--------------------------------------------------------------------------------------------------------------------------------------------------------------------------------------------------------------------------------------------------------------------------------------------------------------------------------------------------------------------------------------------------------------------------------------------------------------------------------------------------------------------------------------------------------------------------------------------------------------------------------------------------------------------------------------------------+
; Signal Integrity Metrics (Slow 1200mv 85c Model)                                                                                                                                                                                                                                                                                                                                                                                                                                                                                                                                                                                                                                                 ;
+---------------------+--------------+---------------------+---------------------+------------------------------+------------------------------+---------------------+---------------------+--------------------------------------+--------------------------------------+-----------------------------+-----------------------------+----------------------------+----------------------------+-----------------------------+-----------------------------+--------------------+--------------------+-------------------------------------+-------------------------------------+----------------------------+----------------------------+---------------------------+---------------------------+
; Pin                 ; I/O Standard ; Board Delay on Rise ; Board Delay on Fall ; Steady State Voh at FPGA Pin ; Steady State Vol at FPGA Pin ; Voh Max at FPGA Pin ; Vol Min at FPGA Pin ; Ringback Voltage on Rise at FPGA Pin ; Ringback Voltage on Fall at FPGA Pin ; 10-90 Rise Time at FPGA Pin ; 90-10 Fall Time at FPGA Pin ; Monotonic Rise at FPGA Pin ; Monotonic Fall at FPGA Pin ; Steady State Voh at Far-end ; Steady State Vol at Far-end ; Voh Max at Far-end ; Vol Min at Far-end ; Ringback Voltage on Rise at Far-end ; Ringback Voltage on Fall at Far-end ; 10-90 Rise Time at Far-end ; 90-10 Fall Time at Far-end ; Monotonic Rise at Far-end ; Monotonic Fall at Far-end ;
+---------------------+--------------+---------------------+---------------------+------------------------------+------------------------------+---------------------+---------------------+--------------------------------------+--------------------------------------+-----------------------------+-----------------------------+----------------------------+----------------------------+-----------------------------+-----------------------------+--------------------+--------------------+-------------------------------------+-------------------------------------+----------------------------+----------------------------+---------------------------+---------------------------+
; spi_sdo             ; 3.3-V LVTTL  ; 0 s                 ; 0 s                 ; 3.08 V                       ; 1.3e-06 V                    ; 3.15 V              ; -0.0682 V           ; 0.279 V                              ; 0.237 V                              ; 4.81e-10 s                  ; 6.4e-10 s                   ; Yes                        ; No                         ; 3.08 V                      ; 1.3e-06 V                   ; 3.15 V             ; -0.0682 V          ; 0.279 V                             ; 0.237 V                             ; 4.81e-10 s                 ; 6.4e-10 s                  ; Yes                       ; No                        ;
; DAC_data_direct[0]  ; 3.3-V LVTTL  ; 0 s                 ; 0 s                 ; 3.08 V                       ; 1.3e-06 V                    ; 3.15 V              ; -0.0682 V           ; 0.279 V                              ; 0.237 V                              ; 4.81e-10 s                  ; 6.4e-10 s                   ; Yes                        ; No                         ; 3.08 V                      ; 1.3e-06 V                   ; 3.15 V             ; -0.0682 V          ; 0.279 V                             ; 0.237 V                             ; 4.81e-10 s                 ; 6.4e-10 s                  ; Yes                       ; No                        ;
; DAC_data_direct[1]  ; 3.3-V LVTTL  ; 0 s                 ; 0 s                 ; 3.08 V                       ; 1.3e-06 V                    ; 3.15 V              ; -0.0684 V           ; 0.28 V                               ; 0.237 V                              ; 4.81e-10 s                  ; 6.4e-10 s                   ; Yes                        ; No                         ; 3.08 V                      ; 1.3e-06 V                   ; 3.15 V             ; -0.0684 V          ; 0.28 V                              ; 0.237 V                             ; 4.81e-10 s                 ; 6.4e-10 s                  ; Yes                       ; No                        ;
; DAC_data_direct[2]  ; 3.3-V LVTTL  ; 0 s                 ; 0 s                 ; 3.08 V                       ; 1.3e-06 V                    ; 3.15 V              ; -0.0684 V           ; 0.28 V                               ; 0.237 V                              ; 4.81e-10 s                  ; 6.4e-10 s                   ; Yes                        ; No                         ; 3.08 V                      ; 1.3e-06 V                   ; 3.15 V             ; -0.0684 V          ; 0.28 V                              ; 0.237 V                             ; 4.81e-10 s                 ; 6.4e-10 s                  ; Yes                       ; No                        ;
; DAC_data_direct[3]  ; 3.3-V LVTTL  ; 0 s                 ; 0 s                 ; 3.08 V                       ; 1.3e-06 V                    ; 3.15 V              ; -0.0682 V           ; 0.279 V                              ; 0.237 V                              ; 4.81e-10 s                  ; 6.4e-10 s                   ; Yes                        ; No                         ; 3.08 V                      ; 1.3e-06 V                   ; 3.15 V             ; -0.0682 V          ; 0.279 V                             ; 0.237 V                             ; 4.81e-10 s                 ; 6.4e-10 s                  ; Yes                       ; No                        ;
; DAC_data_direct[4]  ; 3.3-V LVTTL  ; 0 s                 ; 0 s                 ; 3.08 V                       ; 1.3e-06 V                    ; 3.15 V              ; -0.0638 V           ; 0.177 V                              ; 0.312 V                              ; 6.42e-10 s                  ; 6.7e-10 s                   ; No                         ; No                         ; 3.08 V                      ; 1.3e-06 V                   ; 3.15 V             ; -0.0638 V          ; 0.177 V                             ; 0.312 V                             ; 6.42e-10 s                 ; 6.7e-10 s                  ; No                        ; No                        ;
; DAC_data_direct[5]  ; 3.3-V LVTTL  ; 0 s                 ; 0 s                 ; 3.08 V                       ; 1.3e-06 V                    ; 3.15 V              ; -0.0684 V           ; 0.28 V                               ; 0.237 V                              ; 4.81e-10 s                  ; 6.4e-10 s                   ; Yes                        ; No                         ; 3.08 V                      ; 1.3e-06 V                   ; 3.15 V             ; -0.0684 V          ; 0.28 V                              ; 0.237 V                             ; 4.81e-10 s                 ; 6.4e-10 s                  ; Yes                       ; No                        ;
; DAC_data_direct[6]  ; 3.3-V LVTTL  ; 0 s                 ; 0 s                 ; 3.08 V                       ; 1.3e-06 V                    ; 3.15 V              ; -0.0682 V           ; 0.279 V                              ; 0.237 V                              ; 4.81e-10 s                  ; 6.4e-10 s                   ; Yes                        ; No                         ; 3.08 V                      ; 1.3e-06 V                   ; 3.15 V             ; -0.0682 V          ; 0.279 V                             ; 0.237 V                             ; 4.81e-10 s                 ; 6.4e-10 s                  ; Yes                       ; No                        ;
; DAC_data_direct[7]  ; 3.3-V LVTTL  ; 0 s                 ; 0 s                 ; 3.08 V                       ; 1.3e-06 V                    ; 3.15 V              ; -0.0684 V           ; 0.28 V                               ; 0.237 V                              ; 4.81e-10 s                  ; 6.4e-10 s                   ; Yes                        ; No                         ; 3.08 V                      ; 1.3e-06 V                   ; 3.15 V             ; -0.0684 V          ; 0.28 V                              ; 0.237 V                             ; 4.81e-10 s                 ; 6.4e-10 s                  ; Yes                       ; No                        ;
; DAC_clk_direct      ; 3.3-V LVTTL  ; 0 s                 ; 0 s                 ; 3.08 V                       ; 1.3e-06 V                    ; 3.15 V              ; -0.0624 V           ; 0.177 V                              ; 0.312 V                              ; 6.42e-10 s                  ; 6.7e-10 s                   ; No                         ; No                         ; 3.08 V                      ; 1.3e-06 V                   ; 3.15 V             ; -0.0624 V          ; 0.177 V                             ; 0.312 V                             ; 6.42e-10 s                 ; 6.7e-10 s                  ; No                        ; No                        ;
; DAC_data_multi[0]   ; 3.3-V LVTTL  ; 0 s                 ; 0 s                 ; 3.08 V                       ; 1.3e-06 V                    ; 3.15 V              ; -0.0684 V           ; 0.28 V                               ; 0.237 V                              ; 4.81e-10 s                  ; 6.4e-10 s                   ; Yes                        ; No                         ; 3.08 V                      ; 1.3e-06 V                   ; 3.15 V             ; -0.0684 V          ; 0.28 V                              ; 0.237 V                             ; 4.81e-10 s                 ; 6.4e-10 s                  ; Yes                       ; No                        ;
; DAC_data_multi[1]   ; 3.3-V LVTTL  ; 0 s                 ; 0 s                 ; 3.08 V                       ; 1.3e-06 V                    ; 3.09 V              ; -0.0026 V           ; 0.276 V                              ; 0.251 V                              ; 5.46e-09 s                  ; 6.08e-09 s                  ; No                         ; Yes                        ; 3.08 V                      ; 1.3e-06 V                   ; 3.09 V             ; -0.0026 V          ; 0.276 V                             ; 0.251 V                             ; 5.46e-09 s                 ; 6.08e-09 s                 ; No                        ; Yes                       ;
; DAC_data_multi[2]   ; 3.3-V LVTTL  ; 0 s                 ; 0 s                 ; 3.08 V                       ; 1.3e-06 V                    ; 3.15 V              ; -0.0684 V           ; 0.28 V                               ; 0.237 V                              ; 4.81e-10 s                  ; 6.4e-10 s                   ; Yes                        ; No                         ; 3.08 V                      ; 1.3e-06 V                   ; 3.15 V             ; -0.0684 V          ; 0.28 V                              ; 0.237 V                             ; 4.81e-10 s                 ; 6.4e-10 s                  ; Yes                       ; No                        ;
; DAC_data_multi[3]   ; 3.3-V LVTTL  ; 0 s                 ; 0 s                 ; 3.08 V                       ; 1.3e-06 V                    ; 3.15 V              ; -0.0684 V           ; 0.28 V                               ; 0.237 V                              ; 4.81e-10 s                  ; 6.4e-10 s                   ; Yes                        ; No                         ; 3.08 V                      ; 1.3e-06 V                   ; 3.15 V             ; -0.0684 V          ; 0.28 V                              ; 0.237 V                             ; 4.81e-10 s                 ; 6.4e-10 s                  ; Yes                       ; No                        ;
; DAC_data_multi[4]   ; 3.3-V LVTTL  ; 0 s                 ; 0 s                 ; 3.08 V                       ; 1.3e-06 V                    ; 3.15 V              ; -0.0682 V           ; 0.279 V                              ; 0.237 V                              ; 4.81e-10 s                  ; 6.4e-10 s                   ; Yes                        ; No                         ; 3.08 V                      ; 1.3e-06 V                   ; 3.15 V             ; -0.0682 V          ; 0.279 V                             ; 0.237 V                             ; 4.81e-10 s                 ; 6.4e-10 s                  ; Yes                       ; No                        ;
; DAC_data_multi[5]   ; 3.3-V LVTTL  ; 0 s                 ; 0 s                 ; 3.08 V                       ; 1.3e-06 V                    ; 3.15 V              ; -0.0684 V           ; 0.28 V                               ; 0.237 V                              ; 4.81e-10 s                  ; 6.4e-10 s                   ; Yes                        ; No                         ; 3.08 V                      ; 1.3e-06 V                   ; 3.15 V             ; -0.0684 V          ; 0.28 V                              ; 0.237 V                             ; 4.81e-10 s                 ; 6.4e-10 s                  ; Yes                       ; No                        ;
; DAC_data_multi[6]   ; 3.3-V LVTTL  ; 0 s                 ; 0 s                 ; 3.08 V                       ; 1.3e-06 V                    ; 3.09 V              ; -0.0026 V           ; 0.276 V                              ; 0.251 V                              ; 5.46e-09 s                  ; 6.08e-09 s                  ; No                         ; Yes                        ; 3.08 V                      ; 1.3e-06 V                   ; 3.09 V             ; -0.0026 V          ; 0.276 V                             ; 0.251 V                             ; 5.46e-09 s                 ; 6.08e-09 s                 ; No                        ; Yes                       ;
; DAC_data_multi[7]   ; 3.3-V LVTTL  ; 0 s                 ; 0 s                 ; 3.08 V                       ; 1.3e-06 V                    ; 3.15 V              ; -0.0682 V           ; 0.279 V                              ; 0.237 V                              ; 4.81e-10 s                  ; 6.4e-10 s                   ; Yes                        ; No                         ; 3.08 V                      ; 1.3e-06 V                   ; 3.15 V             ; -0.0682 V          ; 0.279 V                             ; 0.237 V                             ; 4.81e-10 s                 ; 6.4e-10 s                  ; Yes                       ; No                        ;
; DAC_clk_multi       ; 3.3-V LVTTL  ; 0 s                 ; 0 s                 ; 3.08 V                       ; 1.3e-06 V                    ; 3.15 V              ; -0.0682 V           ; 0.279 V                              ; 0.237 V                              ; 4.81e-10 s                  ; 6.4e-10 s                   ; Yes                        ; No                         ; 3.08 V                      ; 1.3e-06 V                   ; 3.15 V             ; -0.0682 V          ; 0.279 V                             ; 0.237 V                             ; 4.81e-10 s                 ; 6.4e-10 s                  ; Yes                       ; No                        ;
; altera_reserved_tdo ; 3.3-V LVTTL  ; 0 s                 ; 0 s                 ; 3.08 V                       ; 1.3e-06 V                    ; 3.15 V              ; -0.0682 V           ; 0.279 V                              ; 0.237 V                              ; 4.81e-10 s                  ; 6.4e-10 s                   ; Yes                        ; No                         ; 3.08 V                      ; 1.3e-06 V                   ; 3.15 V             ; -0.0682 V          ; 0.279 V                             ; 0.237 V                             ; 4.81e-10 s                 ; 6.4e-10 s                  ; Yes                       ; No                        ;
+---------------------+--------------+---------------------+---------------------+------------------------------+------------------------------+---------------------+---------------------+--------------------------------------+--------------------------------------+-----------------------------+-----------------------------+----------------------------+----------------------------+-----------------------------+-----------------------------+--------------------+--------------------+-------------------------------------+-------------------------------------+----------------------------+----------------------------+---------------------------+---------------------------+


+--------------------------------------------------------------------------------------------------------------------------------------------------------------------------------------------------------------------------------------------------------------------------------------------------------------------------------------------------------------------------------------------------------------------------------------------------------------------------------------------------------------------------------------------------------------------------------------------------------------------------------------------------------------------------------------------------+
; Signal Integrity Metrics (Fast 1200mv 0c Model)                                                                                                                                                                                                                                                                                                                                                                                                                                                                                                                                                                                                                                                  ;
+---------------------+--------------+---------------------+---------------------+------------------------------+------------------------------+---------------------+---------------------+--------------------------------------+--------------------------------------+-----------------------------+-----------------------------+----------------------------+----------------------------+-----------------------------+-----------------------------+--------------------+--------------------+-------------------------------------+-------------------------------------+----------------------------+----------------------------+---------------------------+---------------------------+
; Pin                 ; I/O Standard ; Board Delay on Rise ; Board Delay on Fall ; Steady State Voh at FPGA Pin ; Steady State Vol at FPGA Pin ; Voh Max at FPGA Pin ; Vol Min at FPGA Pin ; Ringback Voltage on Rise at FPGA Pin ; Ringback Voltage on Fall at FPGA Pin ; 10-90 Rise Time at FPGA Pin ; 90-10 Fall Time at FPGA Pin ; Monotonic Rise at FPGA Pin ; Monotonic Fall at FPGA Pin ; Steady State Voh at Far-end ; Steady State Vol at Far-end ; Voh Max at Far-end ; Vol Min at Far-end ; Ringback Voltage on Rise at Far-end ; Ringback Voltage on Fall at Far-end ; 10-90 Rise Time at Far-end ; 90-10 Fall Time at Far-end ; Monotonic Rise at Far-end ; Monotonic Fall at Far-end ;
+---------------------+--------------+---------------------+---------------------+------------------------------+------------------------------+---------------------+---------------------+--------------------------------------+--------------------------------------+-----------------------------+-----------------------------+----------------------------+----------------------------+-----------------------------+-----------------------------+--------------------+--------------------+-------------------------------------+-------------------------------------+----------------------------+----------------------------+---------------------------+---------------------------+
; spi_sdo             ; 3.3-V LVTTL  ; 0 s                 ; 0 s                 ; 3.46 V                       ; 5.04e-07 V                   ; 3.64 V              ; -0.0201 V           ; 0.391 V                              ; 0.088 V                              ; 2.79e-10 s                  ; 3.95e-10 s                  ; No                         ; Yes                        ; 3.46 V                      ; 5.04e-07 V                  ; 3.64 V             ; -0.0201 V          ; 0.391 V                             ; 0.088 V                             ; 2.79e-10 s                 ; 3.95e-10 s                 ; No                        ; Yes                       ;
; DAC_data_direct[0]  ; 3.3-V LVTTL  ; 0 s                 ; 0 s                 ; 3.46 V                       ; 5.04e-07 V                   ; 3.64 V              ; -0.0201 V           ; 0.391 V                              ; 0.088 V                              ; 2.79e-10 s                  ; 3.95e-10 s                  ; No                         ; Yes                        ; 3.46 V                      ; 5.04e-07 V                  ; 3.64 V             ; -0.0201 V          ; 0.391 V                             ; 0.088 V                             ; 2.79e-10 s                 ; 3.95e-10 s                 ; No                        ; Yes                       ;
; DAC_data_direct[1]  ; 3.3-V LVTTL  ; 0 s                 ; 0 s                 ; 3.46 V                       ; 5.04e-07 V                   ; 3.65 V              ; -0.0209 V           ; 0.391 V                              ; 0.09 V                               ; 2.79e-10 s                  ; 3.95e-10 s                  ; No                         ; Yes                        ; 3.46 V                      ; 5.04e-07 V                  ; 3.65 V             ; -0.0209 V          ; 0.391 V                             ; 0.09 V                              ; 2.79e-10 s                 ; 3.95e-10 s                 ; No                        ; Yes                       ;
; DAC_data_direct[2]  ; 3.3-V LVTTL  ; 0 s                 ; 0 s                 ; 3.46 V                       ; 5.04e-07 V                   ; 3.65 V              ; -0.0209 V           ; 0.391 V                              ; 0.09 V                               ; 2.79e-10 s                  ; 3.95e-10 s                  ; No                         ; Yes                        ; 3.46 V                      ; 5.04e-07 V                  ; 3.65 V             ; -0.0209 V          ; 0.391 V                             ; 0.09 V                              ; 2.79e-10 s                 ; 3.95e-10 s                 ; No                        ; Yes                       ;
; DAC_data_direct[3]  ; 3.3-V LVTTL  ; 0 s                 ; 0 s                 ; 3.46 V                       ; 5.04e-07 V                   ; 3.64 V              ; -0.0201 V           ; 0.391 V                              ; 0.088 V                              ; 2.79e-10 s                  ; 3.95e-10 s                  ; No                         ; Yes                        ; 3.46 V                      ; 5.04e-07 V                  ; 3.64 V             ; -0.0201 V          ; 0.391 V                             ; 0.088 V                             ; 2.79e-10 s                 ; 3.95e-10 s                 ; No                        ; Yes                       ;
; DAC_data_direct[4]  ; 3.3-V LVTTL  ; 0 s                 ; 0 s                 ; 3.46 V                       ; 5.04e-07 V                   ; 3.63 V              ; -0.0264 V           ; 0.468 V                              ; 0.142 V                              ; 3.02e-10 s                  ; 4.42e-10 s                  ; No                         ; Yes                        ; 3.46 V                      ; 5.04e-07 V                  ; 3.63 V             ; -0.0264 V          ; 0.468 V                             ; 0.142 V                             ; 3.02e-10 s                 ; 4.42e-10 s                 ; No                        ; Yes                       ;
; DAC_data_direct[5]  ; 3.3-V LVTTL  ; 0 s                 ; 0 s                 ; 3.46 V                       ; 5.04e-07 V                   ; 3.65 V              ; -0.0209 V           ; 0.391 V                              ; 0.09 V                               ; 2.79e-10 s                  ; 3.95e-10 s                  ; No                         ; Yes                        ; 3.46 V                      ; 5.04e-07 V                  ; 3.65 V             ; -0.0209 V          ; 0.391 V                             ; 0.09 V                              ; 2.79e-10 s                 ; 3.95e-10 s                 ; No                        ; Yes                       ;
; DAC_data_direct[6]  ; 3.3-V LVTTL  ; 0 s                 ; 0 s                 ; 3.46 V                       ; 5.04e-07 V                   ; 3.64 V              ; -0.0201 V           ; 0.391 V                              ; 0.088 V                              ; 2.79e-10 s                  ; 3.95e-10 s                  ; No                         ; Yes                        ; 3.46 V                      ; 5.04e-07 V                  ; 3.64 V             ; -0.0201 V          ; 0.391 V                             ; 0.088 V                             ; 2.79e-10 s                 ; 3.95e-10 s                 ; No                        ; Yes                       ;
; DAC_data_direct[7]  ; 3.3-V LVTTL  ; 0 s                 ; 0 s                 ; 3.46 V                       ; 5.04e-07 V                   ; 3.65 V              ; -0.0209 V           ; 0.391 V                              ; 0.09 V                               ; 2.79e-10 s                  ; 3.95e-10 s                  ; No                         ; Yes                        ; 3.46 V                      ; 5.04e-07 V                  ; 3.65 V             ; -0.0209 V          ; 0.391 V                             ; 0.09 V                              ; 2.79e-10 s                 ; 3.95e-10 s                 ; No                        ; Yes                       ;
; DAC_clk_direct      ; 3.3-V LVTTL  ; 0 s                 ; 0 s                 ; 3.46 V                       ; 5.04e-07 V                   ; 3.63 V              ; -0.0257 V           ; 0.468 V                              ; 0.138 V                              ; 3.02e-10 s                  ; 4.44e-10 s                  ; No                         ; Yes                        ; 3.46 V                      ; 5.04e-07 V                  ; 3.63 V             ; -0.0257 V          ; 0.468 V                             ; 0.138 V                             ; 3.02e-10 s                 ; 4.44e-10 s                 ; No                        ; Yes                       ;
; DAC_data_multi[0]   ; 3.3-V LVTTL  ; 0 s                 ; 0 s                 ; 3.46 V                       ; 5.04e-07 V                   ; 3.65 V              ; -0.0209 V           ; 0.391 V                              ; 0.09 V                               ; 2.79e-10 s                  ; 3.95e-10 s                  ; No                         ; Yes                        ; 3.46 V                      ; 5.04e-07 V                  ; 3.65 V             ; -0.0209 V          ; 0.391 V                             ; 0.09 V                              ; 2.79e-10 s                 ; 3.95e-10 s                 ; No                        ; Yes                       ;
; DAC_data_multi[1]   ; 3.3-V LVTTL  ; 0 s                 ; 0 s                 ; 3.46 V                       ; 5.04e-07 V                   ; 3.48 V              ; -0.00721 V          ; 0.333 V                              ; 0.329 V                              ; 3.62e-09 s                  ; 4.03e-09 s                  ; No                         ; Yes                        ; 3.46 V                      ; 5.04e-07 V                  ; 3.48 V             ; -0.00721 V         ; 0.333 V                             ; 0.329 V                             ; 3.62e-09 s                 ; 4.03e-09 s                 ; No                        ; Yes                       ;
; DAC_data_multi[2]   ; 3.3-V LVTTL  ; 0 s                 ; 0 s                 ; 3.46 V                       ; 5.04e-07 V                   ; 3.65 V              ; -0.0209 V           ; 0.391 V                              ; 0.09 V                               ; 2.79e-10 s                  ; 3.95e-10 s                  ; No                         ; Yes                        ; 3.46 V                      ; 5.04e-07 V                  ; 3.65 V             ; -0.0209 V          ; 0.391 V                             ; 0.09 V                              ; 2.79e-10 s                 ; 3.95e-10 s                 ; No                        ; Yes                       ;
; DAC_data_multi[3]   ; 3.3-V LVTTL  ; 0 s                 ; 0 s                 ; 3.46 V                       ; 5.04e-07 V                   ; 3.65 V              ; -0.0209 V           ; 0.391 V                              ; 0.09 V                               ; 2.79e-10 s                  ; 3.95e-10 s                  ; No                         ; Yes                        ; 3.46 V                      ; 5.04e-07 V                  ; 3.65 V             ; -0.0209 V          ; 0.391 V                             ; 0.09 V                              ; 2.79e-10 s                 ; 3.95e-10 s                 ; No                        ; Yes                       ;
; DAC_data_multi[4]   ; 3.3-V LVTTL  ; 0 s                 ; 0 s                 ; 3.46 V                       ; 5.04e-07 V                   ; 3.64 V              ; -0.0201 V           ; 0.391 V                              ; 0.088 V                              ; 2.79e-10 s                  ; 3.95e-10 s                  ; No                         ; Yes                        ; 3.46 V                      ; 5.04e-07 V                  ; 3.64 V             ; -0.0201 V          ; 0.391 V                             ; 0.088 V                             ; 2.79e-10 s                 ; 3.95e-10 s                 ; No                        ; Yes                       ;
; DAC_data_multi[5]   ; 3.3-V LVTTL  ; 0 s                 ; 0 s                 ; 3.46 V                       ; 5.04e-07 V                   ; 3.65 V              ; -0.0209 V           ; 0.391 V                              ; 0.09 V                               ; 2.79e-10 s                  ; 3.95e-10 s                  ; No                         ; Yes                        ; 3.46 V                      ; 5.04e-07 V                  ; 3.65 V             ; -0.0209 V          ; 0.391 V                             ; 0.09 V                              ; 2.79e-10 s                 ; 3.95e-10 s                 ; No                        ; Yes                       ;
; DAC_data_multi[6]   ; 3.3-V LVTTL  ; 0 s                 ; 0 s                 ; 3.46 V                       ; 5.04e-07 V                   ; 3.48 V              ; -0.00721 V          ; 0.333 V                              ; 0.329 V                              ; 3.62e-09 s                  ; 4.03e-09 s                  ; No                         ; Yes                        ; 3.46 V                      ; 5.04e-07 V                  ; 3.48 V             ; -0.00721 V         ; 0.333 V                             ; 0.329 V                             ; 3.62e-09 s                 ; 4.03e-09 s                 ; No                        ; Yes                       ;
; DAC_data_multi[7]   ; 3.3-V LVTTL  ; 0 s                 ; 0 s                 ; 3.46 V                       ; 5.04e-07 V                   ; 3.64 V              ; -0.0201 V           ; 0.391 V                              ; 0.088 V                              ; 2.79e-10 s                  ; 3.95e-10 s                  ; No                         ; Yes                        ; 3.46 V                      ; 5.04e-07 V                  ; 3.64 V             ; -0.0201 V          ; 0.391 V                             ; 0.088 V                             ; 2.79e-10 s                 ; 3.95e-10 s                 ; No                        ; Yes                       ;
; DAC_clk_multi       ; 3.3-V LVTTL  ; 0 s                 ; 0 s                 ; 3.46 V                       ; 5.04e-07 V                   ; 3.64 V              ; -0.0201 V           ; 0.391 V                              ; 0.088 V                              ; 2.79e-10 s                  ; 3.95e-10 s                  ; No                         ; Yes                        ; 3.46 V                      ; 5.04e-07 V                  ; 3.64 V             ; -0.0201 V          ; 0.391 V                             ; 0.088 V                             ; 2.79e-10 s                 ; 3.95e-10 s                 ; No                        ; Yes                       ;
; altera_reserved_tdo ; 3.3-V LVTTL  ; 0 s                 ; 0 s                 ; 3.46 V                       ; 5.04e-07 V                   ; 3.64 V              ; -0.0201 V           ; 0.391 V                              ; 0.088 V                              ; 2.79e-10 s                  ; 3.95e-10 s                  ; No                         ; Yes                        ; 3.46 V                      ; 5.04e-07 V                  ; 3.64 V             ; -0.0201 V          ; 0.391 V                             ; 0.088 V                             ; 2.79e-10 s                 ; 3.95e-10 s                 ; No                        ; Yes                       ;
+---------------------+--------------+---------------------+---------------------+------------------------------+------------------------------+---------------------+---------------------+--------------------------------------+--------------------------------------+-----------------------------+-----------------------------+----------------------------+----------------------------+-----------------------------+-----------------------------+--------------------+--------------------+-------------------------------------+-------------------------------------+----------------------------+----------------------------+---------------------------+---------------------------+


+---------------------------------------------------------------------------------------+
; Setup Transfers                                                                       ;
+---------------------+---------------------+----------+----------+----------+----------+
; From Clock          ; To Clock            ; RR Paths ; FR Paths ; RF Paths ; FF Paths ;
+---------------------+---------------------+----------+----------+----------+----------+
; altera_reserved_tck ; altera_reserved_tck ; 6303     ; 0        ; 64       ; 0        ;
+---------------------+---------------------+----------+----------+----------+----------+
Entries labeled "false path" only account for clock-to-clock false paths and not path-based false paths. As a result, actual path counts may be lower than reported.


+---------------------------------------------------------------------------------------+
; Hold Transfers                                                                        ;
+---------------------+---------------------+----------+----------+----------+----------+
; From Clock          ; To Clock            ; RR Paths ; FR Paths ; RF Paths ; FF Paths ;
+---------------------+---------------------+----------+----------+----------+----------+
; altera_reserved_tck ; altera_reserved_tck ; 6303     ; 0        ; 64       ; 0        ;
+---------------------+---------------------+----------+----------+----------+----------+
Entries labeled "false path" only account for clock-to-clock false paths and not path-based false paths. As a result, actual path counts may be lower than reported.


+---------------------------------------------------------------------------------------+
; Recovery Transfers                                                                    ;
+---------------------+---------------------+----------+----------+----------+----------+
; From Clock          ; To Clock            ; RR Paths ; FR Paths ; RF Paths ; FF Paths ;
+---------------------+---------------------+----------+----------+----------+----------+
; altera_reserved_tck ; altera_reserved_tck ; 205      ; 0        ; 0        ; 0        ;
+---------------------+---------------------+----------+----------+----------+----------+
Entries labeled "false path" only account for clock-to-clock false paths and not path-based false paths. As a result, actual path counts may be lower than reported.


+---------------------------------------------------------------------------------------+
; Removal Transfers                                                                     ;
+---------------------+---------------------+----------+----------+----------+----------+
; From Clock          ; To Clock            ; RR Paths ; FR Paths ; RF Paths ; FF Paths ;
+---------------------+---------------------+----------+----------+----------+----------+
; altera_reserved_tck ; altera_reserved_tck ; 205      ; 0        ; 0        ; 0        ;
+---------------------+---------------------+----------+----------+----------+----------+
Entries labeled "false path" only account for clock-to-clock false paths and not path-based false paths. As a result, actual path counts may be lower than reported.


---------------
; Report TCCS ;
---------------
No dedicated SERDES Transmitter circuitry present in device or used in design


---------------
; Report RSKM ;
---------------
No non-DPA dedicated SERDES Receiver circuitry present in device or used in design


+------------------------------------------------+
; Unconstrained Paths Summary                    ;
+---------------------------------+-------+------+
; Property                        ; Setup ; Hold ;
+---------------------------------+-------+------+
; Illegal Clocks                  ; 0     ; 0    ;
; Unconstrained Clocks            ; 1     ; 1    ;
; Unconstrained Input Ports       ; 7     ; 7    ;
; Unconstrained Input Port Paths  ; 126   ; 126  ;
; Unconstrained Output Ports      ; 19    ; 19   ;
; Unconstrained Output Port Paths ; 19    ; 19   ;
+---------------------------------+-------+------+


+------------------------------------------------------------------+
; Clock Status Summary                                             ;
+---------------------+---------------------+------+---------------+
; Target              ; Clock               ; Type ; Status        ;
+---------------------+---------------------+------+---------------+
; altera_reserved_tck ; altera_reserved_tck ; Base ; Constrained   ;
; sys_clk             ;                     ; Base ; Unconstrained ;
+---------------------+---------------------+------+---------------+


+------------------------------------------------------------------------------------------------------------+
; Unconstrained Input Ports                                                                                  ;
+---------------------+--------------------------------------------------------------------------------------+
; Input Port          ; Comment                                                                              ;
+---------------------+--------------------------------------------------------------------------------------+
; altera_reserved_tdi ; No input delay, min/max delays, false-path exceptions, or max skew assignments found ;
; altera_reserved_tms ; No input delay, min/max delays, false-path exceptions, or max skew assignments found ;
; spi_scl             ; No input delay, min/max delays, false-path exceptions, or max skew assignments found ;
; spi_sdi             ; No input delay, min/max delays, false-path exceptions, or max skew assignments found ;
; spi_sel             ; No input delay, min/max delays, false-path exceptions, or max skew assignments found ;
; sys_clk             ; No input delay, min/max delays, false-path exceptions, or max skew assignments found ;
; sys_rst_n           ; No input delay, min/max delays, false-path exceptions, or max skew assignments found ;
+---------------------+--------------------------------------------------------------------------------------+


+-------------------------------------------------------------------------------------------------------------+
; Unconstrained Output Ports                                                                                  ;
+---------------------+---------------------------------------------------------------------------------------+
; Output Port         ; Comment                                                                               ;
+---------------------+---------------------------------------------------------------------------------------+
; DAC_clk_direct      ; No output delay, min/max delays, false-path exceptions, or max skew assignments found ;
; DAC_clk_multi       ; No output delay, min/max delays, false-path exceptions, or max skew assignments found ;
; DAC_data_direct[0]  ; No output delay, min/max delays, false-path exceptions, or max skew assignments found ;
; DAC_data_direct[1]  ; No output delay, min/max delays, false-path exceptions, or max skew assignments found ;
; DAC_data_direct[2]  ; No output delay, min/max delays, false-path exceptions, or max skew assignments found ;
; DAC_data_direct[3]  ; No output delay, min/max delays, false-path exceptions, or max skew assignments found ;
; DAC_data_direct[4]  ; No output delay, min/max delays, false-path exceptions, or max skew assignments found ;
; DAC_data_direct[5]  ; No output delay, min/max delays, false-path exceptions, or max skew assignments found ;
; DAC_data_direct[6]  ; No output delay, min/max delays, false-path exceptions, or max skew assignments found ;
; DAC_data_direct[7]  ; No output delay, min/max delays, false-path exceptions, or max skew assignments found ;
; DAC_data_multi[0]   ; No output delay, min/max delays, false-path exceptions, or max skew assignments found ;
; DAC_data_multi[1]   ; No output delay, min/max delays, false-path exceptions, or max skew assignments found ;
; DAC_data_multi[2]   ; No output delay, min/max delays, false-path exceptions, or max skew assignments found ;
; DAC_data_multi[3]   ; No output delay, min/max delays, false-path exceptions, or max skew assignments found ;
; DAC_data_multi[4]   ; No output delay, min/max delays, false-path exceptions, or max skew assignments found ;
; DAC_data_multi[5]   ; No output delay, min/max delays, false-path exceptions, or max skew assignments found ;
; DAC_data_multi[6]   ; No output delay, min/max delays, false-path exceptions, or max skew assignments found ;
; DAC_data_multi[7]   ; No output delay, min/max delays, false-path exceptions, or max skew assignments found ;
; altera_reserved_tdo ; No output delay, min/max delays, false-path exceptions, or max skew assignments found ;
+---------------------+---------------------------------------------------------------------------------------+


+------------------------------------------------------------------------------------------------------------+
; Unconstrained Input Ports                                                                                  ;
+---------------------+--------------------------------------------------------------------------------------+
; Input Port          ; Comment                                                                              ;
+---------------------+--------------------------------------------------------------------------------------+
; altera_reserved_tdi ; No input delay, min/max delays, false-path exceptions, or max skew assignments found ;
; altera_reserved_tms ; No input delay, min/max delays, false-path exceptions, or max skew assignments found ;
; spi_scl             ; No input delay, min/max delays, false-path exceptions, or max skew assignments found ;
; spi_sdi             ; No input delay, min/max delays, false-path exceptions, or max skew assignments found ;
; spi_sel             ; No input delay, min/max delays, false-path exceptions, or max skew assignments found ;
; sys_clk             ; No input delay, min/max delays, false-path exceptions, or max skew assignments found ;
; sys_rst_n           ; No input delay, min/max delays, false-path exceptions, or max skew assignments found ;
+---------------------+--------------------------------------------------------------------------------------+


+-------------------------------------------------------------------------------------------------------------+
; Unconstrained Output Ports                                                                                  ;
+---------------------+---------------------------------------------------------------------------------------+
; Output Port         ; Comment                                                                               ;
+---------------------+---------------------------------------------------------------------------------------+
; DAC_clk_direct      ; No output delay, min/max delays, false-path exceptions, or max skew assignments found ;
; DAC_clk_multi       ; No output delay, min/max delays, false-path exceptions, or max skew assignments found ;
; DAC_data_direct[0]  ; No output delay, min/max delays, false-path exceptions, or max skew assignments found ;
; DAC_data_direct[1]  ; No output delay, min/max delays, false-path exceptions, or max skew assignments found ;
; DAC_data_direct[2]  ; No output delay, min/max delays, false-path exceptions, or max skew assignments found ;
; DAC_data_direct[3]  ; No output delay, min/max delays, false-path exceptions, or max skew assignments found ;
; DAC_data_direct[4]  ; No output delay, min/max delays, false-path exceptions, or max skew assignments found ;
; DAC_data_direct[5]  ; No output delay, min/max delays, false-path exceptions, or max skew assignments found ;
; DAC_data_direct[6]  ; No output delay, min/max delays, false-path exceptions, or max skew assignments found ;
; DAC_data_direct[7]  ; No output delay, min/max delays, false-path exceptions, or max skew assignments found ;
; DAC_data_multi[0]   ; No output delay, min/max delays, false-path exceptions, or max skew assignments found ;
; DAC_data_multi[1]   ; No output delay, min/max delays, false-path exceptions, or max skew assignments found ;
; DAC_data_multi[2]   ; No output delay, min/max delays, false-path exceptions, or max skew assignments found ;
; DAC_data_multi[3]   ; No output delay, min/max delays, false-path exceptions, or max skew assignments found ;
; DAC_data_multi[4]   ; No output delay, min/max delays, false-path exceptions, or max skew assignments found ;
; DAC_data_multi[5]   ; No output delay, min/max delays, false-path exceptions, or max skew assignments found ;
; DAC_data_multi[6]   ; No output delay, min/max delays, false-path exceptions, or max skew assignments found ;
; DAC_data_multi[7]   ; No output delay, min/max delays, false-path exceptions, or max skew assignments found ;
; altera_reserved_tdo ; No output delay, min/max delays, false-path exceptions, or max skew assignments found ;
+---------------------+---------------------------------------------------------------------------------------+


+------------------------------------+
; TimeQuest Timing Analyzer Messages ;
+------------------------------------+
Info: *******************************************************************
Info: Running Quartus Prime TimeQuest Timing Analyzer
    Info: Version 17.1.0 Build 590 10/25/2017 SJ Standard Edition
    Info: Processing started: Fri Aug 02 09:39:45 2024
Info: Command: quartus_sta C_2024_carrier -c C_2024_carrier
Info: qsta_default_script.tcl version: #3
Warning (18236): Number of processors has not been specified which may cause overloading on shared machines.  Set the global assignment NUM_PARALLEL_PROCESSORS in your QSF to an appropriate value for best performance.
Info (20030): Parallel compilation is enabled and will use 16 of the 24 processors detected
Info (21077): Low junction temperature is 0 degrees C
Info (21077): High junction temperature is 85 degrees C
Info (332164): Evaluating HDL-embedded SDC commands
    Info (332165): Entity sld_hub
        Info (332166): create_clock -name altera_reserved_tck [get_ports {altera_reserved_tck}] -period 10MHz   
        Info (332166): set_clock_groups -asynchronous -group {altera_reserved_tck}
Critical Warning (332012): Synopsys Design Constraints File file not found: 'C_2024_carrier.sdc'. A Synopsys Design Constraints File is required by the TimeQuest Timing Analyzer to get proper timing constraints. Without it, the Compiler will not properly optimize the design.
Warning (332060): Node: sys_clk was determined to be a clock but was found without an associated clock assignment.
    Info (13166): Register DDS_time_delay:u_DDS_time_delay|DDS_direct:u_DDS_direct|dds_ctrl_direct:dds_ctrl_direct_inst|rom_wave_sin:rom_ip_inst_1|altsyncram:altsyncram_component|altsyncram_8cb1:auto_generated|q_a[0] is being clocked by sys_clk
Info (332097): The following timing edges are non-unate.  TimeQuest will assume pos-unate behavior for these edges in the clock network.
    Info (332098): Cell: altera_internal_jtag  from: tck  to: tckutap
Warning (332056): PLL cross checking found inconsistent PLL clock settings:
    Warning (332056): Node: pll_ip_inst|altpll_component|auto_generated|pll1|clk[0] was found missing 1 generated clock that corresponds to a base clock with a period of: 83.333
    Warning (332056): Node: pll_ip_inst|altpll_component|auto_generated|pll1|clk[1] was found missing 1 generated clock that corresponds to a base clock with a period of: 83.333
Critical Warning (332168): The following clock transfers have no clock uncertainty assignment. For more accurate results, apply clock uncertainty assignments or use the derive_clock_uncertainty command.
    Critical Warning (332169): From altera_reserved_tck (Rise) to altera_reserved_tck (Rise) (setup and hold)
    Critical Warning (332169): From altera_reserved_tck (Rise) to altera_reserved_tck (Fall) (setup and hold)
Info: Found TIMEQUEST_REPORT_SCRIPT_INCLUDE_DEFAULT_ANALYSIS = ON
Info: Analyzing Slow 1200mV 85C Model
Info: Can't run Report Timing Closure Recommendations. The current device family is not supported.
Info (332146): Worst-case setup slack is 44.442
    Info (332119):     Slack       End Point TNS Clock 
    Info (332119): ========= =================== =====================
    Info (332119):    44.442               0.000 altera_reserved_tck 
Info (332146): Worst-case hold slack is 0.360
    Info (332119):     Slack       End Point TNS Clock 
    Info (332119): ========= =================== =====================
    Info (332119):     0.360               0.000 altera_reserved_tck 
Info (332146): Worst-case recovery slack is 95.941
    Info (332119):     Slack       End Point TNS Clock 
    Info (332119): ========= =================== =====================
    Info (332119):    95.941               0.000 altera_reserved_tck 
Info (332146): Worst-case removal slack is 1.047
    Info (332119):     Slack       End Point TNS Clock 
    Info (332119): ========= =================== =====================
    Info (332119):     1.047               0.000 altera_reserved_tck 
Info (332146): Worst-case minimum pulse width slack is 49.510
    Info (332119):     Slack       End Point TNS Clock 
    Info (332119): ========= =================== =====================
    Info (332119):    49.510               0.000 altera_reserved_tck 
Info (332114): Report Metastability: Found 2 synchronizer chains.
    Info (332114): The design MTBF is not calculated because there are no specified synchronizers in the design.
    Info (332114): Number of Synchronizer Chains Found: 2
    Info (332114): Shortest Synchronizer Chain: 4 Registers
    Info (332114): Fraction of Chains for which MTBFs Could Not be Calculated: 1.000
    Info (332114): Worst Case Available Settling Time: 341.982 ns
    Info (332114): 
Info: Analyzing Slow 1200mV 0C Model
Info (334003): Started post-fitting delay annotation
Warning (334000): Timing characteristics of device 10M08SAM153C8GES are preliminary
Info (334004): Delay annotation completed successfully
Warning (332060): Node: sys_clk was determined to be a clock but was found without an associated clock assignment.
    Info (13166): Register DDS_time_delay:u_DDS_time_delay|DDS_direct:u_DDS_direct|dds_ctrl_direct:dds_ctrl_direct_inst|rom_wave_sin:rom_ip_inst_1|altsyncram:altsyncram_component|altsyncram_8cb1:auto_generated|q_a[0] is being clocked by sys_clk
Info (332097): The following timing edges are non-unate.  TimeQuest will assume pos-unate behavior for these edges in the clock network.
    Info (332098): Cell: altera_internal_jtag  from: tck  to: tckutap
Warning (332056): PLL cross checking found inconsistent PLL clock settings:
    Warning (332056): Node: pll_ip_inst|altpll_component|auto_generated|pll1|clk[0] was found missing 1 generated clock that corresponds to a base clock with a period of: 83.333
    Warning (332056): Node: pll_ip_inst|altpll_component|auto_generated|pll1|clk[1] was found missing 1 generated clock that corresponds to a base clock with a period of: 83.333
Critical Warning (332168): The following clock transfers have no clock uncertainty assignment. For more accurate results, apply clock uncertainty assignments or use the derive_clock_uncertainty command.
    Critical Warning (332169): From altera_reserved_tck (Rise) to altera_reserved_tck (Rise) (setup and hold)
    Critical Warning (332169): From altera_reserved_tck (Rise) to altera_reserved_tck (Fall) (setup and hold)
Info (332146): Worst-case setup slack is 44.681
    Info (332119):     Slack       End Point TNS Clock 
    Info (332119): ========= =================== =====================
    Info (332119):    44.681               0.000 altera_reserved_tck 
Info (332146): Worst-case hold slack is 0.322
    Info (332119):     Slack       End Point TNS Clock 
    Info (332119): ========= =================== =====================
    Info (332119):     0.322               0.000 altera_reserved_tck 
Info (332146): Worst-case recovery slack is 96.233
    Info (332119):     Slack       End Point TNS Clock 
    Info (332119): ========= =================== =====================
    Info (332119):    96.233               0.000 altera_reserved_tck 
Info (332146): Worst-case removal slack is 0.969
    Info (332119):     Slack       End Point TNS Clock 
    Info (332119): ========= =================== =====================
    Info (332119):     0.969               0.000 altera_reserved_tck 
Info (332146): Worst-case minimum pulse width slack is 49.524
    Info (332119):     Slack       End Point TNS Clock 
    Info (332119): ========= =================== =====================
    Info (332119):    49.524               0.000 altera_reserved_tck 
Info (332114): Report Metastability: Found 2 synchronizer chains.
    Info (332114): The design MTBF is not calculated because there are no specified synchronizers in the design.
    Info (332114): Number of Synchronizer Chains Found: 2
    Info (332114): Shortest Synchronizer Chain: 4 Registers
    Info (332114): Fraction of Chains for which MTBFs Could Not be Calculated: 1.000
    Info (332114): Worst Case Available Settling Time: 342.446 ns
    Info (332114): 
Info: Analyzing Fast 1200mV 0C Model
Warning (332060): Node: sys_clk was determined to be a clock but was found without an associated clock assignment.
    Info (13166): Register DDS_time_delay:u_DDS_time_delay|DDS_direct:u_DDS_direct|dds_ctrl_direct:dds_ctrl_direct_inst|rom_wave_sin:rom_ip_inst_1|altsyncram:altsyncram_component|altsyncram_8cb1:auto_generated|q_a[0] is being clocked by sys_clk
Info (332097): The following timing edges are non-unate.  TimeQuest will assume pos-unate behavior for these edges in the clock network.
    Info (332098): Cell: altera_internal_jtag  from: tck  to: tckutap
Warning (332056): PLL cross checking found inconsistent PLL clock settings:
    Warning (332056): Node: pll_ip_inst|altpll_component|auto_generated|pll1|clk[0] was found missing 1 generated clock that corresponds to a base clock with a period of: 83.333
    Warning (332056): Node: pll_ip_inst|altpll_component|auto_generated|pll1|clk[1] was found missing 1 generated clock that corresponds to a base clock with a period of: 83.333
Critical Warning (332168): The following clock transfers have no clock uncertainty assignment. For more accurate results, apply clock uncertainty assignments or use the derive_clock_uncertainty command.
    Critical Warning (332169): From altera_reserved_tck (Rise) to altera_reserved_tck (Rise) (setup and hold)
    Critical Warning (332169): From altera_reserved_tck (Rise) to altera_reserved_tck (Fall) (setup and hold)
Info (332146): Worst-case setup slack is 48.253
    Info (332119):     Slack       End Point TNS Clock 
    Info (332119): ========= =================== =====================
    Info (332119):    48.253               0.000 altera_reserved_tck 
Info (332146): Worst-case hold slack is 0.151
    Info (332119):     Slack       End Point TNS Clock 
    Info (332119): ========= =================== =====================
    Info (332119):     0.151               0.000 altera_reserved_tck 
Info (332146): Worst-case recovery slack is 98.158
    Info (332119):     Slack       End Point TNS Clock 
    Info (332119): ========= =================== =====================
    Info (332119):    98.158               0.000 altera_reserved_tck 
Info (332146): Worst-case removal slack is 0.432
    Info (332119):     Slack       End Point TNS Clock 
    Info (332119): ========= =================== =====================
    Info (332119):     0.432               0.000 altera_reserved_tck 
Info (332146): Worst-case minimum pulse width slack is 49.252
    Info (332119):     Slack       End Point TNS Clock 
    Info (332119): ========= =================== =====================
    Info (332119):    49.252               0.000 altera_reserved_tck 
Info (332114): Report Metastability: Found 2 synchronizer chains.
    Info (332114): The design MTBF is not calculated because there are no specified synchronizers in the design.
    Info (332114): Number of Synchronizer Chains Found: 2
    Info (332114): Shortest Synchronizer Chain: 4 Registers
    Info (332114): Fraction of Chains for which MTBFs Could Not be Calculated: 1.000
    Info (332114): Worst Case Available Settling Time: 347.341 ns
    Info (332114): 
Info (332102): Design is not fully constrained for setup requirements
Info (332102): Design is not fully constrained for hold requirements
Info: Quartus Prime TimeQuest Timing Analyzer was successful. 0 errors, 24 warnings
    Info: Peak virtual memory: 4942 megabytes
    Info: Processing ended: Fri Aug 02 09:39:47 2024
    Info: Elapsed time: 00:00:02
    Info: Total CPU time (on all processors): 00:00:01


