Fitter report for C_2024_2M
Fri Aug 02 09:39:42 2024
Quartus Prime Version 17.1.0 Build 590 10/25/2017 SJ Standard Edition


---------------------
; Table of Contents ;
---------------------
  1. Legal Notice
  2. Fitter Summary
  3. Fitter Settings
  4. Parallel Compilation
  5. Incremental Compilation Preservation Summary
  6. Incremental Compilation Partition Settings
  7. Incremental Compilation Placement Preservation
  8. Pin-Out File
  9. Fitter Resource Usage Summary
 10. Fitter Partition Statistics
 11. Input Pins
 12. Output Pins
 13. Dual Purpose and Dedicated Pins
 14. I/O Bank Usage
 15. All Package Pins
 16. PLL Summary
 17. PLL Usage
 18. I/O Assignment Warnings
 19. Fitter Resource Utilization by Entity
 20. Delay Chain Summary
 21. Pad To Core Delay Chain Fanout
 22. Control Signals
 23. Global & Other Fast Signals
 24. Fitter RAM Summary
 25. |C_2024_2M|DDS_lite:DDS_lite_inst|dds_ctrl_lite:dds_ctrl_lite_inst|rom_wave_sin:rom_ip_inst_1|altsyncram:altsyncram_component|altsyncram_6eb1:auto_generated|ALTSYNCRAM
 26. |C_2024_2M|DDS_time_delay_2M:DDS_time_delay_2M_inst|DDS_lite_phase:u_DDS_lite_phase|dds_ctrl_lite_phase:dds_ctrl_lite_phase_inst|rom_wave_sin:rom_ip_inst_1|altsyncram:altsyncram_component|altsyncram_6eb1:auto_generated|ALTSYNCRAM
 27. Routing Usage Summary
 28. LAB Logic Elements
 29. LAB-wide Signals
 30. LAB Signals Sourced
 31. LAB Signals Sourced Out
 32. LAB Distinct Inputs
 33. I/O Rules Summary
 34. I/O Rules Details
 35. I/O Rules Matrix
 36. Fitter Device Options
 37. Operating Settings and Conditions
 38. Estimated Delay Added for Hold Timing Summary
 39. Estimated Delay Added for Hold Timing Details
 40. Fitter Messages
 41. Fitter Suppressed Messages



----------------
; Legal Notice ;
----------------
Copyright (C) 2017  Intel Corporation. All rights reserved.
Your use of Intel Corporation's design tools, logic functions 
and other software and tools, and its AMPP partner logic 
functions, and any output files from any of the foregoing 
(including device programming or simulation files), and any 
associated documentation or information are expressly subject 
to the terms and conditions of the Intel Program License 
Subscription Agreement, the Intel Quartus Prime License Agreement,
the Intel FPGA IP License Agreement, or other applicable license
agreement, including, without limitation, that your use is for
the sole purpose of programming logic devices manufactured by
Intel and sold by Intel or its authorized distributors.  Please
refer to the applicable agreement for further details.



+--------------------------------------------------------------------------------------+
; Fitter Summary                                                                       ;
+------------------------------------+-------------------------------------------------+
; Fitter Status                      ; Successful - Fri Aug 02 09:39:42 2024           ;
; Quartus Prime Version              ; 17.1.0 Build 590 10/25/2017 SJ Standard Edition ;
; Revision Name                      ; C_2024_2M                                       ;
; Top-level Entity Name              ; C_2024_2M                                       ;
; Family                             ; MAX 10                                          ;
; Device                             ; 10M08SAM153C8GES                                ;
; Timing Models                      ; Preliminary                                     ;
; Total logic elements               ; 1,738 / 8,064 ( 22 % )                          ;
;     Total combinational functions  ; 1,033 / 8,064 ( 13 % )                          ;
;     Dedicated logic registers      ; 1,272 / 8,064 ( 16 % )                          ;
; Total registers                    ; 1272                                            ;
; Total pins                         ; 25 / 112 ( 22 % )                               ;
; Total virtual pins                 ; 0                                               ;
; Total memory bits                  ; 153,600 / 387,072 ( 40 % )                      ;
; Embedded Multiplier 9-bit elements ; 0 / 48 ( 0 % )                                  ;
; Total PLLs                         ; 1 / 1 ( 100 % )                                 ;
; UFM blocks                         ; 0 / 1 ( 0 % )                                   ;
; ADC blocks                         ; 0 / 1 ( 0 % )                                   ;
+------------------------------------+-------------------------------------------------+


+------------------------------------------------------------------------------------------------------------------------------------------------------------+
; Fitter Settings                                                                                                                                            ;
+----------------------------------------------------------------------------+---------------------------------------+---------------------------------------+
; Option                                                                     ; Setting                               ; Default Value                         ;
+----------------------------------------------------------------------------+---------------------------------------+---------------------------------------+
; Device                                                                     ; 10M08SAM153C8GES                      ;                                       ;
; Minimum Core Junction Temperature                                          ; 0                                     ;                                       ;
; Maximum Core Junction Temperature                                          ; 85                                    ;                                       ;
; Fit Attempts to Skip                                                       ; 0                                     ; 0.0                                   ;
; Use smart compilation                                                      ; Off                                   ; Off                                   ;
; Enable parallel Assembler and TimeQuest Timing Analyzer during compilation ; On                                    ; On                                    ;
; Enable compact report table                                                ; Off                                   ; Off                                   ;
; Auto Merge PLLs                                                            ; On                                    ; On                                    ;
; Router Timing Optimization Level                                           ; Normal                                ; Normal                                ;
; Perform Clocking Topology Analysis During Routing                          ; Off                                   ; Off                                   ;
; Placement Effort Multiplier                                                ; 1.0                                   ; 1.0                                   ;
; Router Effort Multiplier                                                   ; 1.0                                   ; 1.0                                   ;
; Optimize Hold Timing                                                       ; All Paths                             ; All Paths                             ;
; Optimize Multi-Corner Timing                                               ; On                                    ; On                                    ;
; Power Optimization During Fitting                                          ; Normal compilation                    ; Normal compilation                    ;
; SSN Optimization                                                           ; Off                                   ; Off                                   ;
; Optimize Timing                                                            ; Normal compilation                    ; Normal compilation                    ;
; Optimize Timing for ECOs                                                   ; Off                                   ; Off                                   ;
; Regenerate Full Fit Report During ECO Compiles                             ; Off                                   ; Off                                   ;
; Optimize IOC Register Placement for Timing                                 ; Normal                                ; Normal                                ;
; Final Placement Optimizations                                              ; Automatically                         ; Automatically                         ;
; Fitter Initial Placement Seed                                              ; 1                                     ; 1                                     ;
; Periphery to Core Placement and Routing Optimization                       ; Off                                   ; Off                                   ;
; PCI I/O                                                                    ; Off                                   ; Off                                   ;
; Weak Pull-Up Resistor                                                      ; Off                                   ; Off                                   ;
; Enable Bus-Hold Circuitry                                                  ; Off                                   ; Off                                   ;
; Auto Packed Registers                                                      ; Auto                                  ; Auto                                  ;
; Auto Delay Chains                                                          ; On                                    ; On                                    ;
; Auto Delay Chains for High Fanout Input Pins                               ; Off                                   ; Off                                   ;
; Allow Single-ended Buffer for Differential-XSTL Input                      ; Off                                   ; Off                                   ;
; Treat Bidirectional Pin as Output Pin                                      ; Off                                   ; Off                                   ;
; Perform Physical Synthesis for Combinational Logic for Fitting             ; Off                                   ; Off                                   ;
; Perform Physical Synthesis for Combinational Logic for Performance         ; Off                                   ; Off                                   ;
; Perform Register Duplication for Performance                               ; Off                                   ; Off                                   ;
; Perform Logic to Memory Mapping for Fitting                                ; Off                                   ; Off                                   ;
; Perform Register Retiming for Performance                                  ; Off                                   ; Off                                   ;
; Perform Asynchronous Signal Pipelining                                     ; Off                                   ; Off                                   ;
; Fitter Effort                                                              ; Auto Fit                              ; Auto Fit                              ;
; Physical Synthesis Effort Level                                            ; Normal                                ; Normal                                ;
; Logic Cell Insertion - Logic Duplication                                   ; Auto                                  ; Auto                                  ;
; Auto Register Duplication                                                  ; Auto                                  ; Auto                                  ;
; Auto Global Clock                                                          ; On                                    ; On                                    ;
; Auto Global Register Control Signals                                       ; On                                    ; On                                    ;
; Reserve all unused pins                                                    ; As input tri-stated with weak pull-up ; As input tri-stated with weak pull-up ;
; Synchronizer Identification                                                ; Auto                                  ; Auto                                  ;
; Enable Beneficial Skew Optimization                                        ; On                                    ; On                                    ;
; Optimize Design for Metastability                                          ; On                                    ; On                                    ;
; Force Fitter to Avoid Periphery Placement Warnings                         ; Off                                   ; Off                                   ;
; Enable input tri-state on active configuration pins in user mode           ; Off                                   ; Off                                   ;
+----------------------------------------------------------------------------+---------------------------------------+---------------------------------------+


+------------------------------------------+
; Parallel Compilation                     ;
+----------------------------+-------------+
; Processors                 ; Number      ;
+----------------------------+-------------+
; Number detected on machine ; 32          ;
; Maximum allowed            ; 16          ;
;                            ;             ;
; Average used               ; 1.64        ;
; Maximum used               ; 16          ;
;                            ;             ;
; Usage by Processor         ; % Time Used ;
;     Processor 1            ; 100.0%      ;
;     Processor 2            ;   4.6%      ;
;     Processor 3            ;   4.4%      ;
;     Processor 4            ;   4.4%      ;
;     Processor 5            ;   4.3%      ;
;     Processor 6            ;   4.3%      ;
;     Processor 7            ;   4.3%      ;
;     Processor 8            ;   4.3%      ;
;     Processors 9-16        ;   4.2%      ;
+----------------------------+-------------+


+---------------------------------------------------------------------------------------------------+
; Incremental Compilation Preservation Summary                                                      ;
+---------------------+---------------------+----------------------------+--------------------------+
; Type                ; Total [A + B]       ; From Design Partitions [A] ; From Rapid Recompile [B] ;
+---------------------+---------------------+----------------------------+--------------------------+
; Placement (by node) ;                     ;                            ;                          ;
;     -- Requested    ; 0.00 % ( 0 / 2480 ) ; 0.00 % ( 0 / 2480 )        ; 0.00 % ( 0 / 2480 )      ;
;     -- Achieved     ; 0.00 % ( 0 / 2480 ) ; 0.00 % ( 0 / 2480 )        ; 0.00 % ( 0 / 2480 )      ;
;                     ;                     ;                            ;                          ;
; Routing (by net)    ;                     ;                            ;                          ;
;     -- Requested    ; 0.00 % ( 0 / 0 )    ; 0.00 % ( 0 / 0 )           ; 0.00 % ( 0 / 0 )         ;
;     -- Achieved     ; 0.00 % ( 0 / 0 )    ; 0.00 % ( 0 / 0 )           ; 0.00 % ( 0 / 0 )         ;
+---------------------+---------------------+----------------------------+--------------------------+


+----------------------------------------------------------------------------------------------------------------------------------------------------------------------------------------+
; Incremental Compilation Partition Settings                                                                                                                                             ;
+--------------------------------+----------------+-------------------+-------------------------+------------------------+------------------------------+--------------------------------+
; Partition Name                 ; Partition Type ; Netlist Type Used ; Preservation Level Used ; Netlist Type Requested ; Preservation Level Requested ; Contents                       ;
+--------------------------------+----------------+-------------------+-------------------------+------------------------+------------------------------+--------------------------------+
; Top                            ; User-created   ; Source File       ; N/A                     ; Source File            ; N/A                          ;                                ;
; sld_hub:auto_hub               ; Auto-generated ; Post-Synthesis    ; N/A                     ; Post-Synthesis         ; N/A                          ; sld_hub:auto_hub               ;
; sld_signaltap:auto_signaltap_0 ; Auto-generated ; Post-Synthesis    ; N/A                     ; Post-Synthesis         ; N/A                          ; sld_signaltap:auto_signaltap_0 ;
; hard_block:auto_generated_inst ; Auto-generated ; Source File       ; N/A                     ; Source File            ; N/A                          ; hard_block:auto_generated_inst ;
+--------------------------------+----------------+-------------------+-------------------------+------------------------+------------------------------+--------------------------------+


+------------------------------------------------------------------------------------------------------------------------------------+
; Incremental Compilation Placement Preservation                                                                                     ;
+--------------------------------+-----------------------+-------------------------+-------------------+---------------------+-------+
; Partition Name                 ; Preservation Achieved ; Preservation Level Used ; Netlist Type Used ; Preservation Method ; Notes ;
+--------------------------------+-----------------------+-------------------------+-------------------+---------------------+-------+
; Top                            ; 0.00 % ( 0 / 618 )    ; N/A                     ; Source File       ; N/A                 ;       ;
; sld_hub:auto_hub               ; 0.00 % ( 0 / 217 )    ; N/A                     ; Post-Synthesis    ; N/A                 ;       ;
; sld_signaltap:auto_signaltap_0 ; 0.00 % ( 0 / 1634 )   ; N/A                     ; Post-Synthesis    ; N/A                 ;       ;
; hard_block:auto_generated_inst ; 0.00 % ( 0 / 11 )     ; N/A                     ; Source File       ; N/A                 ;       ;
+--------------------------------+-----------------------+-------------------------+-------------------+---------------------+-------+


+--------------+
; Pin-Out File ;
+--------------+
The pin-out file can be found in D:/Quartus_code/C_2024_2M/output_files/C_2024_2M.pin.


+--------------------------------------------------------------------------+
; Fitter Resource Usage Summary                                            ;
+---------------------------------------------+----------------------------+
; Resource                                    ; Usage                      ;
+---------------------------------------------+----------------------------+
; Total logic elements                        ; 1,738 / 8,064 ( 22 % )     ;
;     -- Combinational with no register       ; 466                        ;
;     -- Register only                        ; 705                        ;
;     -- Combinational with a register        ; 567                        ;
;                                             ;                            ;
; Logic element usage by number of LUT inputs ;                            ;
;     -- 4 input functions                    ; 327                        ;
;     -- 3 input functions                    ; 352                        ;
;     -- <=2 input functions                  ; 354                        ;
;     -- Register only                        ; 705                        ;
;                                             ;                            ;
; Logic elements by mode                      ;                            ;
;     -- normal mode                          ; 720                        ;
;     -- arithmetic mode                      ; 313                        ;
;                                             ;                            ;
; Total registers*                            ; 1,272 / 8,597 ( 15 % )     ;
;     -- Dedicated logic registers            ; 1,272 / 8,064 ( 16 % )     ;
;     -- I/O registers                        ; 0 / 533 ( 0 % )            ;
;                                             ;                            ;
; Total LABs:  partially or completely used   ; 138 / 504 ( 27 % )         ;
; Virtual pins                                ; 0                          ;
; I/O pins                                    ; 25 / 112 ( 22 % )          ;
;     -- Clock pins                           ; 1 / 4 ( 25 % )             ;
;     -- Dedicated input pins                 ; 1 / 1 ( 100 % )            ;
;                                             ;                            ;
; M9Ks                                        ; 18 / 42 ( 43 % )           ;
; UFM blocks                                  ; 0 / 1 ( 0 % )              ;
; ADC blocks                                  ; 0 / 1 ( 0 % )              ;
; Total block memory bits                     ; 153,600 / 387,072 ( 40 % ) ;
; Total block memory implementation bits      ; 165,888 / 387,072 ( 43 % ) ;
; Embedded Multiplier 9-bit elements          ; 0 / 48 ( 0 % )             ;
; PLLs                                        ; 1 / 1 ( 100 % )            ;
; Global signals                              ; 6                          ;
;     -- Global clocks                        ; 6 / 10 ( 60 % )            ;
; JTAGs                                       ; 1 / 1 ( 100 % )            ;
; CRC blocks                                  ; 0 / 1 ( 0 % )              ;
; Remote update blocks                        ; 0 / 1 ( 0 % )              ;
; Oscillator blocks                           ; 0 / 1 ( 0 % )              ;
; Average interconnect usage (total/H/V)      ; 3.8% / 3.3% / 4.4%         ;
; Peak interconnect usage (total/H/V)         ; 9.0% / 7.7% / 11.0%        ;
; Maximum fan-out                             ; 780                        ;
; Highest non-global fan-out                  ; 123                        ;
; Total fan-out                               ; 7618                       ;
; Average fan-out                             ; 2.63                       ;
+---------------------------------------------+----------------------------+
*  Register count does not include registers inside RAM blocks or DSP blocks.



+---------------------------------------------------------------------------------------------------------------------------------------------------------+
; Fitter Partition Statistics                                                                                                                             ;
+---------------------------------------------+--------------------+--------------------+--------------------------------+--------------------------------+
; Statistic                                   ; Top                ; sld_hub:auto_hub   ; sld_signaltap:auto_signaltap_0 ; hard_block:auto_generated_inst ;
+---------------------------------------------+--------------------+--------------------+--------------------------------+--------------------------------+
; Difficulty Clustering Region                ; Low                ; Low                ; Low                            ; Low                            ;
;                                             ;                    ;                    ;                                ;                                ;
; Total logic elements                        ; 420 / 8064 ( 5 % ) ; 150 / 8064 ( 2 % ) ; 1168 / 8064 ( 14 % )           ; 0 / 8064 ( 0 % )               ;
;     -- Combinational with no register       ; 285                ; 59                 ; 122                            ; 0                              ;
;     -- Register only                        ; 16                 ; 24                 ; 665                            ; 0                              ;
;     -- Combinational with a register        ; 119                ; 67                 ; 381                            ; 0                              ;
;                                             ;                    ;                    ;                                ;                                ;
; Logic element usage by number of LUT inputs ;                    ;                    ;                                ;                                ;
;     -- 4 input functions                    ; 86                 ; 54                 ; 187                            ; 0                              ;
;     -- 3 input functions                    ; 127                ; 34                 ; 191                            ; 0                              ;
;     -- <=2 input functions                  ; 191                ; 38                 ; 125                            ; 0                              ;
;     -- Register only                        ; 16                 ; 24                 ; 665                            ; 0                              ;
;                                             ;                    ;                    ;                                ;                                ;
; Logic elements by mode                      ;                    ;                    ;                                ;                                ;
;     -- normal mode                          ; 180                ; 118                ; 422                            ; 0                              ;
;     -- arithmetic mode                      ; 224                ; 8                  ; 81                             ; 0                              ;
;                                             ;                    ;                    ;                                ;                                ;
; Total registers                             ; 135                ; 91                 ; 1046                           ; 0                              ;
;     -- Dedicated logic registers            ; 135 / 8064 ( 2 % ) ; 91 / 8064 ( 1 % )  ; 1046 / 8064 ( 13 % )           ; 0 / 8064 ( 0 % )               ;
;     -- I/O registers                        ; 0                  ; 0                  ; 0                              ; 0                              ;
;                                             ;                    ;                    ;                                ;                                ;
; Total LABs:  partially or completely used   ; 37 / 504 ( 7 % )   ; 12 / 504 ( 2 % )   ; 101 / 504 ( 20 % )             ; 0 / 504 ( 0 % )                ;
;                                             ;                    ;                    ;                                ;                                ;
; Virtual pins                                ; 0                  ; 0                  ; 0                              ; 0                              ;
; I/O pins                                    ; 25                 ; 0                  ; 0                              ; 0                              ;
; Embedded Multiplier 9-bit elements          ; 0 / 48 ( 0 % )     ; 0 / 48 ( 0 % )     ; 0 / 48 ( 0 % )                 ; 0 / 48 ( 0 % )                 ;
; Total memory bits                           ; 65536              ; 0                  ; 88064                          ; 0                              ;
; Total RAM block bits                        ; 73728              ; 0                  ; 92160                          ; 0                              ;
; JTAG                                        ; 1 / 1 ( 100 % )    ; 0 / 1 ( 0 % )      ; 0 / 1 ( 0 % )                  ; 0 / 1 ( 0 % )                  ;
; PLL                                         ; 0 / 1 ( 0 % )      ; 0 / 1 ( 0 % )      ; 0 / 1 ( 0 % )                  ; 1 / 1 ( 100 % )                ;
; M9K                                         ; 8 / 42 ( 19 % )    ; 0 / 42 ( 0 % )     ; 10 / 42 ( 23 % )               ; 0 / 42 ( 0 % )                 ;
; Clock control block                         ; 3 / 12 ( 25 % )    ; 0 / 12 ( 0 % )     ; 1 / 12 ( 8 % )                 ; 2 / 12 ( 16 % )                ;
; User Flash Memory                           ; 1 / 1 ( 100 % )    ; 0 / 1 ( 0 % )      ; 0 / 1 ( 0 % )                  ; 0 / 1 ( 0 % )                  ;
; Analog-to-Digital Converter                 ; 1 / 1 ( 100 % )    ; 0 / 1 ( 0 % )      ; 0 / 1 ( 0 % )                  ; 0 / 1 ( 0 % )                  ;
;                                             ;                    ;                    ;                                ;                                ;
; Connections                                 ;                    ;                    ;                                ;                                ;
;     -- Input Connections                    ; 147                ; 134                ; 1369                           ; 2                              ;
;     -- Registered Input Connections         ; 143                ; 102                ; 1118                           ; 0                              ;
;     -- Output Connections                   ; 643                ; 157                ; 34                             ; 818                            ;
;     -- Registered Output Connections        ; 114                ; 157                ; 0                              ; 0                              ;
;                                             ;                    ;                    ;                                ;                                ;
; Internal Connections                        ;                    ;                    ;                                ;                                ;
;     -- Total Connections                    ; 2332               ; 860                ; 5248                           ; 827                            ;
;     -- Registered Connections               ; 740                ; 614                ; 2867                           ; 0                              ;
;                                             ;                    ;                    ;                                ;                                ;
; External Connections                        ;                    ;                    ;                                ;                                ;
;     -- Top                                  ; 0                  ; 123                ; 519                            ; 148                            ;
;     -- sld_hub:auto_hub                     ; 123                ; 20                 ; 148                            ; 0                              ;
;     -- sld_signaltap:auto_signaltap_0       ; 519                ; 148                ; 64                             ; 672                            ;
;     -- hard_block:auto_generated_inst       ; 148                ; 0                  ; 672                            ; 0                              ;
;                                             ;                    ;                    ;                                ;                                ;
; Partition Interface                         ;                    ;                    ;                                ;                                ;
;     -- Input Ports                          ; 8                  ; 45                 ; 274                            ; 2                              ;
;     -- Output Ports                         ; 88                 ; 62                 ; 134                            ; 3                              ;
;     -- Bidir Ports                          ; 0                  ; 0                  ; 0                              ; 0                              ;
;                                             ;                    ;                    ;                                ;                                ;
; Registered Ports                            ;                    ;                    ;                                ;                                ;
;     -- Registered Input Ports               ; 0                  ; 4                  ; 48                             ; 0                              ;
;     -- Registered Output Ports              ; 0                  ; 29                 ; 120                            ; 0                              ;
;                                             ;                    ;                    ;                                ;                                ;
; Port Connectivity                           ;                    ;                    ;                                ;                                ;
;     -- Input Ports driven by GND            ; 0                  ; 0                  ; 17                             ; 0                              ;
;     -- Output Ports driven by GND           ; 0                  ; 28                 ; 2                              ; 0                              ;
;     -- Input Ports driven by VCC            ; 0                  ; 0                  ; 16                             ; 0                              ;
;     -- Output Ports driven by VCC           ; 0                  ; 0                  ; 1                              ; 0                              ;
;     -- Input Ports with no Source           ; 0                  ; 25                 ; 90                             ; 0                              ;
;     -- Output Ports with no Source          ; 0                  ; 0                  ; 0                              ; 0                              ;
;     -- Input Ports with no Fanout           ; 0                  ; 30                 ; 104                            ; 0                              ;
;     -- Output Ports with no Fanout          ; 0                  ; 29                 ; 122                            ; 0                              ;
+---------------------------------------------+--------------------+--------------------+--------------------------------+--------------------------------+


+--------------------------------------------------------------------------------------------------------------------------------------------------------------------------------------------------------------------------------------------------------------------------------------------+
; Input Pins                                                                                                                                                                                                                                                                                 ;
+-----------+-------+----------+--------------+--------------+--------------+-----------------------+--------------------+--------+----------------+---------------+-----------------+----------+--------------+--------------+---------------------------+----------------------+-----------+
; Name      ; Pin # ; I/O Bank ; X coordinate ; Y coordinate ; Z coordinate ; Combinational Fan-Out ; Registered Fan-Out ; Global ; Input Register ; Power Up High ; PCI I/O Enabled ; Bus Hold ; Weak Pull Up ; I/O Standard ; Termination Control Block ; Location assigned by ; Slew Rate ;
+-----------+-------+----------+--------------+--------------+--------------+-----------------------+--------------------+--------+----------------+---------------+-----------------+----------+--------------+--------------+---------------------------+----------------------+-----------+
; spi_scl   ; B8    ; 8        ; 15           ; 25           ; 21           ; 2                     ; 0                  ; no     ; no             ; no            ; yes             ; no       ; Off          ; 2.5 V        ; --                        ; User                 ; 0         ;
; spi_sdi   ; C8    ; 8        ; 15           ; 25           ; 14           ; 2                     ; 0                  ; no     ; no             ; no            ; yes             ; no       ; Off          ; 2.5 V        ; --                        ; User                 ; 0         ;
; spi_sel   ; P6    ; 3        ; 9            ; 0            ; 28           ; 3                     ; 0                  ; no     ; no             ; no            ; yes             ; no       ; Off          ; 2.5 V        ; --                        ; User                 ; 0         ;
; sys_clk   ; J5    ; 2        ; 0            ; 7            ; 21           ; 1                     ; 0                  ; no     ; no             ; no            ; yes             ; no       ; Off          ; 2.5 V        ; --                        ; User                 ; 0         ;
; sys_rst_n ; J9    ; 5        ; 31           ; 6            ; 21           ; 3                     ; 0                  ; no     ; no             ; no            ; yes             ; no       ; Off          ; 2.5 V        ; --                        ; User                 ; 0         ;
+-----------+-------+----------+--------------+--------------+--------------+-----------------------+--------------------+--------+----------------+---------------+-----------------+----------+--------------+--------------+---------------------------+----------------------+-----------+


+------------------------------------------------------------------------------------------------------------------------------------------------------------------------------------------------------------------------------------------------------------------------------------------------------------------------------------------------------------------------------------------------------------------------------------------------------------------------+
; Output Pins                                                                                                                                                                                                                                                                                                                                                                                                                                                            ;
+-----------------------+-------+----------+--------------+--------------+--------------+-----------------+------------------------+---------------+-----------+-----------------+------------+---------------+----------+--------------+--------------+------------------+-----------------------------------+---------------------------+----------------------------+-----------------------------+----------------------+----------------------+---------------------+
; Name                  ; Pin # ; I/O Bank ; X coordinate ; Y coordinate ; Z coordinate ; Output Register ; Output Enable Register ; Power Up High ; Slew Rate ; PCI I/O Enabled ; Open Drain ; TRI Primitive ; Bus Hold ; Weak Pull Up ; I/O Standard ; Current Strength ; Termination                       ; Termination Control Block ; Output Buffer Pre-emphasis ; Voltage Output Differential ; Location assigned by ; Output Enable Source ; Output Enable Group ;
+-----------------------+-------+----------+--------------+--------------+--------------+-----------------+------------------------+---------------+-----------+-----------------+------------+---------------+----------+--------------+--------------+------------------+-----------------------------------+---------------------------+----------------------------+-----------------------------+----------------------+----------------------+---------------------+
; DAC_9708_GND          ; P8    ; 3        ; 6            ; 0            ; 0            ; no              ; no                     ; no            ; 2         ; no              ; no         ; no            ; no       ; Off          ; 2.5 V        ; Default          ; Series 50 Ohm without Calibration ; --                        ; no                         ; no                          ; User                 ; -                    ; -                   ;
; DAC_clk_2M_direct     ; L6    ; 3        ; 6            ; 0            ; 21           ; no              ; no                     ; no            ; 2         ; no              ; no         ; no            ; no       ; Off          ; 2.5 V        ; Default          ; Series 50 Ohm without Calibration ; --                        ; no                         ; no                          ; User                 ; -                    ; -                   ;
; DAC_clk_2M_multi      ; P12   ; 3        ; 11           ; 0            ; 14           ; no              ; no                     ; no            ; 2         ; no              ; no         ; no            ; no       ; Off          ; 2.5 V        ; Default          ; Series 50 Ohm without Calibration ; --                        ; no                         ; no                          ; User                 ; -                    ; -                   ;
; DAC_data_2M_direct[0] ; B4    ; 8        ; 3            ; 10           ; 28           ; no              ; no                     ; no            ; 2         ; no              ; no         ; no            ; no       ; Off          ; 2.5 V        ; Default          ; Series 50 Ohm without Calibration ; --                        ; no                         ; no                          ; User                 ; -                    ; -                   ;
; DAC_data_2M_direct[1] ; A5    ; 8        ; 3            ; 10           ; 7            ; no              ; no                     ; no            ; 2         ; no              ; no         ; no            ; no       ; Off          ; 2.5 V        ; Default          ; Series 50 Ohm without Calibration ; --                        ; no                         ; no                          ; User                 ; -                    ; -                   ;
; DAC_data_2M_direct[2] ; P3    ; 3        ; 3            ; 0            ; 28           ; no              ; no                     ; no            ; 2         ; no              ; no         ; no            ; no       ; Off          ; 2.5 V        ; Default          ; Series 50 Ohm without Calibration ; --                        ; no                         ; no                          ; User                 ; -                    ; -                   ;
; DAC_data_2M_direct[3] ; A7    ; 8        ; 3            ; 10           ; 0            ; no              ; no                     ; no            ; 2         ; no              ; no         ; no            ; no       ; Off          ; 2.5 V        ; Default          ; Series 50 Ohm without Calibration ; --                        ; no                         ; no                          ; User                 ; -                    ; -                   ;
; DAC_data_2M_direct[4] ; M5    ; 3        ; 3            ; 0            ; 7            ; no              ; no                     ; no            ; 2         ; no              ; no         ; no            ; no       ; Off          ; 2.5 V        ; Default          ; Series 50 Ohm without Calibration ; --                        ; no                         ; no                          ; User                 ; -                    ; -                   ;
; DAC_data_2M_direct[5] ; B6    ; 8        ; 6            ; 10           ; 0            ; no              ; no                     ; no            ; 2         ; no              ; no         ; no            ; no       ; Off          ; 2.5 V        ; Default          ; Series 50 Ohm without Calibration ; --                        ; no                         ; no                          ; User                 ; -                    ; -                   ;
; DAC_data_2M_direct[6] ; R3    ; 3        ; 3            ; 0            ; 21           ; no              ; no                     ; no            ; 2         ; no              ; no         ; no            ; no       ; Off          ; 2.5 V        ; Default          ; Series 50 Ohm without Calibration ; --                        ; no                         ; no                          ; User                 ; -                    ; -                   ;
; DAC_data_2M_direct[7] ; E7    ; 8        ; 6            ; 10           ; 28           ; no              ; no                     ; no            ; 2         ; no              ; no         ; no            ; no       ; Off          ; 2.5 V        ; Default          ; Series 50 Ohm without Calibration ; --                        ; no                         ; no                          ; User                 ; -                    ; -                   ;
; DAC_data_2M_multi[0]  ; A11   ; 8        ; 6            ; 10           ; 14           ; no              ; no                     ; no            ; 2         ; no              ; no         ; no            ; no       ; Off          ; 2.5 V        ; Default          ; Series 50 Ohm without Calibration ; --                        ; no                         ; no                          ; User                 ; -                    ; -                   ;
; DAC_data_2M_multi[1]  ; A13   ; 8        ; 13           ; 25           ; 28           ; no              ; no                     ; no            ; 2         ; no              ; no         ; no            ; no       ; Off          ; 2.5 V        ; Default          ; Series 50 Ohm without Calibration ; --                        ; no                         ; no                          ; User                 ; -                    ; -                   ;
; DAC_data_2M_multi[2]  ; P9    ; 3        ; 9            ; 0            ; 14           ; no              ; no                     ; no            ; 2         ; no              ; no         ; no            ; no       ; Off          ; 2.5 V        ; Default          ; Series 50 Ohm without Calibration ; --                        ; no                         ; no                          ; User                 ; -                    ; -                   ;
; DAC_data_2M_multi[3]  ; B11   ; 8        ; 11           ; 25           ; 21           ; no              ; no                     ; no            ; 2         ; no              ; no         ; no            ; no       ; Off          ; 2.5 V        ; Default          ; Series 50 Ohm without Calibration ; --                        ; no                         ; no                          ; User                 ; -                    ; -                   ;
; DAC_data_2M_multi[4]  ; R9    ; 3        ; 9            ; 0            ; 7            ; no              ; no                     ; no            ; 2         ; no              ; no         ; no            ; no       ; Off          ; 2.5 V        ; Default          ; Series 50 Ohm without Calibration ; --                        ; no                         ; no                          ; User                 ; -                    ; -                   ;
; DAC_data_2M_multi[5]  ; A14   ; 8        ; 13           ; 25           ; 0            ; no              ; no                     ; no            ; 2         ; no              ; no         ; no            ; no       ; Off          ; 2.5 V        ; Default          ; Series 50 Ohm without Calibration ; --                        ; no                         ; no                          ; User                 ; -                    ; -                   ;
; DAC_data_2M_multi[6]  ; R11   ; 3        ; 11           ; 0            ; 21           ; no              ; no                     ; no            ; 2         ; no              ; no         ; no            ; no       ; Off          ; 2.5 V        ; Default          ; Series 50 Ohm without Calibration ; --                        ; no                         ; no                          ; User                 ; -                    ; -                   ;
; DAC_data_2M_multi[7]  ; B13   ; 8        ; 15           ; 25           ; 28           ; no              ; no                     ; no            ; 2         ; no              ; no         ; no            ; no       ; Off          ; 2.5 V        ; Default          ; Series 50 Ohm without Calibration ; --                        ; no                         ; no                          ; User                 ; -                    ; -                   ;
; spi_sdo               ; R5    ; 3        ; 6            ; 0            ; 28           ; no              ; no                     ; no            ; 2         ; no              ; no         ; no            ; no       ; Off          ; 2.5 V        ; Default          ; Series 50 Ohm without Calibration ; --                        ; no                         ; no                          ; User                 ; -                    ; -                   ;
+-----------------------+-------+----------+--------------+--------------+--------------+-----------------+------------------------+---------------+-----------+-----------------+------------+---------------+----------+--------------+--------------+------------------+-----------------------------------+---------------------------+----------------------------+-----------------------------+----------------------+----------------------+---------------------+


+-------------------------------------------------------------------------------------------------------------------------------------------+
; Dual Purpose and Dedicated Pins                                                                                                           ;
+----------+----------------------------------------------------+--------------------------------+-----------------------+------------------+
; Location ; Pin Name                                           ; Reserved As                    ; User Signal Name      ; Pin Type         ;
+----------+----------------------------------------------------+--------------------------------+-----------------------+------------------+
; G1       ; DIFFIO_RX_L11n, DIFFOUT_L11n, TMS, Low_Speed       ; Reserved as secondary function ; altera_reserved_tms   ; Dual Purpose Pin ;
; J1       ; DIFFIO_RX_L11p, DIFFOUT_L11p, TCK, Low_Speed       ; Reserved as secondary function ; altera_reserved_tck   ; Dual Purpose Pin ;
; H5       ; DIFFIO_RX_L12n, DIFFOUT_L12n, TDI, Low_Speed       ; Reserved as secondary function ; altera_reserved_tdi   ; Dual Purpose Pin ;
; H4       ; DIFFIO_RX_L12p, DIFFOUT_L12p, TDO, Low_Speed       ; Reserved as secondary function ; altera_reserved_tdo   ; Dual Purpose Pin ;
; B8       ; DIFFIO_RX_T16n, DIFFOUT_T16n, DEV_CLRn, Low_Speed  ; Use as regular IO              ; spi_scl               ; Dual Purpose Pin ;
; D8       ; CONFIG_SEL, Low_Speed                              ; Reserved as secondary function ; ~ALTERA_CONFIG_SEL~   ; Dual Purpose Pin ;
; E8       ; nCONFIG, Low_Speed                                 ; Reserved as secondary function ; ~ALTERA_nCONFIG~      ; Dual Purpose Pin ;
; E7       ; DIFFIO_RX_T22n, DIFFOUT_T22n, CRC_ERROR, Low_Speed ; Use as regular IO              ; DAC_data_2M_direct[7] ; Dual Purpose Pin ;
; D6       ; DIFFIO_RX_T24p, DIFFOUT_T24p, nSTATUS, Low_Speed   ; Reserved as secondary function ; ~ALTERA_nSTATUS~      ; Dual Purpose Pin ;
; E6       ; DIFFIO_RX_T24n, DIFFOUT_T24n, CONF_DONE, Low_Speed ; Reserved as secondary function ; ~ALTERA_CONF_DONE~    ; Dual Purpose Pin ;
+----------+----------------------------------------------------+--------------------------------+-----------------------+------------------+


+------------------------------------------------------------+
; I/O Bank Usage                                             ;
+----------+------------------+---------------+--------------+
; I/O Bank ; Usage            ; VCCIO Voltage ; VREF Voltage ;
+----------+------------------+---------------+--------------+
; 1A       ; 0 / 8 ( 0 % )    ; 2.5V          ; --           ;
; 1B       ; 4 / 10 ( 40 % )  ; 2.5V          ; --           ;
; 2        ; 1 / 10 ( 10 % )  ; 2.5V          ; --           ;
; 3        ; 11 / 28 ( 39 % ) ; 2.5V          ; --           ;
; 5        ; 1 / 12 ( 8 % )   ; 2.5V          ; --           ;
; 6        ; 0 / 16 ( 0 % )   ; 2.5V          ; --           ;
; 8        ; 16 / 28 ( 57 % ) ; 2.5V          ; --           ;
+----------+------------------+---------------+--------------+


+-------------------------------------------------------------------------------------------------------------------------------------------------------------------------------+
; All Package Pins                                                                                                                                                              ;
+----------+------------+----------+--------------------------------------+--------+-----------------------+-----------+------------+-----------------+----------+--------------+
; Location ; Pad Number ; I/O Bank ; Pin Name/Usage                       ; Dir.   ; I/O Standard          ; Voltage   ; I/O Type   ; User Assignment ; Bus Hold ; Weak Pull Up ;
+----------+------------+----------+--------------------------------------+--------+-----------------------+-----------+------------+-----------------+----------+--------------+
; A1       ;            ;          ; GND                                  ; gnd    ;                       ;           ; --         ;                 ; --       ; --           ;
; A2       ; 248        ; 8        ; RESERVED_INPUT_WITH_WEAK_PULLUP      ;        ;                       ;           ; Column I/O ;                 ; no       ; On           ;
; A3       ; 250        ; 8        ; RESERVED_INPUT_WITH_WEAK_PULLUP      ;        ;                       ;           ; Column I/O ;                 ; no       ; On           ;
; A5       ; 243        ; 8        ; DAC_data_2M_direct[1]                ; output ; 2.5 V                 ;           ; Column I/O ; Y               ; no       ; Off          ;
; A7       ; 241        ; 8        ; DAC_data_2M_direct[3]                ; output ; 2.5 V                 ;           ; Column I/O ; Y               ; no       ; Off          ;
; A9       ; 237        ; 8        ; RESERVED_INPUT_WITH_WEAK_PULLUP      ;        ;                       ;           ; Column I/O ;                 ; no       ; On           ;
; A11      ; 239        ; 8        ; DAC_data_2M_multi[0]                 ; output ; 2.5 V                 ;           ; Column I/O ; Y               ; no       ; Off          ;
; A13      ; 231        ; 8        ; DAC_data_2M_multi[1]                 ; output ; 2.5 V                 ;           ; Column I/O ; Y               ; no       ; Off          ;
; A14      ; 227        ; 8        ; DAC_data_2M_multi[5]                 ; output ; 2.5 V                 ;           ; Column I/O ; Y               ; no       ; Off          ;
; A15      ;            ;          ; GND                                  ; gnd    ;                       ;           ; --         ;                 ; --       ; --           ;
; B1       ; 10         ; 1A       ; RESERVED_INPUT_WITH_WEAK_PULLUP      ;        ;                       ;           ; Row I/O    ;                 ; no       ; On           ;
; B2       ;            ;          ; GND                                  ; gnd    ;                       ;           ; --         ;                 ; --       ; --           ;
; B3       ;            ; --       ; VCCA3                                ; power  ;                       ; 3.0V/3.3V ; --         ;                 ; --       ; --           ;
; B4       ; 245        ; 8        ; DAC_data_2M_direct[0]                ; output ; 2.5 V                 ;           ; Column I/O ; Y               ; no       ; Off          ;
; B5       ;            ; 8        ; VCCIO8                               ; power  ;                       ; 2.5V      ; --         ;                 ; --       ; --           ;
; B6       ; 238        ; 8        ; DAC_data_2M_direct[5]                ; output ; 2.5 V                 ;           ; Column I/O ; Y               ; no       ; Off          ;
; B7       ; 236        ; 8        ; RESERVED_INPUT_WITH_WEAK_PULLUP      ;        ;                       ;           ; Column I/O ;                 ; no       ; On           ;
; B8       ; 226        ; 8        ; spi_scl                              ; input  ; 2.5 V                 ;           ; Column I/O ; Y               ; no       ; Off          ;
; B9       ;            ; 8        ; VCCIO8                               ; power  ;                       ; 2.5V      ; --         ;                 ; --       ; --           ;
; B10      ;            ; 8        ; VCCIO8                               ; power  ;                       ; 2.5V      ; --         ;                 ; --       ; --           ;
; B11      ; 235        ; 8        ; DAC_data_2M_multi[3]                 ; output ; 2.5 V                 ;           ; Column I/O ; Y               ; no       ; Off          ;
; B12      ; 233        ; 8        ; RESERVED_INPUT_WITH_WEAK_PULLUP      ;        ;                       ;           ; Column I/O ;                 ; no       ; On           ;
; B13      ; 225        ; 8        ; DAC_data_2M_multi[7]                 ; output ; 2.5 V                 ;           ; Column I/O ; Y               ; no       ; Off          ;
; B14      ; 223        ; 8        ; RESERVED_INPUT_WITH_WEAK_PULLUP      ;        ;                       ;           ; Column I/O ;                 ; no       ; On           ;
; B15      ; 221        ; 8        ; RESERVED_INPUT_WITH_WEAK_PULLUP      ;        ;                       ;           ; Column I/O ;                 ; no       ; On           ;
; C1       ; 8          ; 1A       ; RESERVED_INPUT_WITH_WEAK_PULLUP      ;        ;                       ;           ; Row I/O    ;                 ; no       ; On           ;
; C2       ; 2          ; 1A       ; RESERVED_INPUT_WITH_WEAK_PULLUP      ;        ;                       ;           ; Row I/O    ;                 ; no       ; On           ;
; C8       ; 224        ; 8        ; spi_sdi                              ; input  ; 2.5 V                 ;           ; Column I/O ; Y               ; no       ; Off          ;
; C14      ; 179        ; 6        ; RESERVED_INPUT_WITH_WEAK_PULLUP      ;        ;                       ;           ; Row I/O    ;                 ; no       ; On           ;
; C15      ; 177        ; 6        ; RESERVED_INPUT_WITH_WEAK_PULLUP      ;        ;                       ;           ; Row I/O    ;                 ; no       ; On           ;
; D2       ; 0          ; 1A       ; RESERVED_INPUT_WITH_WEAK_PULLUP      ;        ;                       ;           ; Row I/O    ;                 ; no       ; On           ;
; D4       ;            ;          ; ANAIN1                               ;        ;                       ;           ; --         ;                 ; --       ; --           ;
; D5       ;            ;          ; GND                                  ; gnd    ;                       ;           ; --         ;                 ; --       ; --           ;
; D6       ; 244        ; 8        ; ~ALTERA_nSTATUS~ / RESERVED_INPUT    ; input  ; 2.5 V Schmitt Trigger ;           ; Column I/O ; N               ; no       ; Off          ;
; D7       ; 240        ; 8        ; RESERVED_INPUT_WITH_WEAK_PULLUP      ;        ;                       ;           ; Column I/O ;                 ; no       ; On           ;
; D8       ; 232        ; 8        ; ~ALTERA_CONFIG_SEL~ / RESERVED_INPUT ; input  ; 2.5 V                 ;           ; Column I/O ; N               ; no       ; Off          ;
; D9       ;            ;          ; GND                                  ; gnd    ;                       ;           ; --         ;                 ; --       ; --           ;
; D10      ; 222        ; 8        ; RESERVED_INPUT_WITH_WEAK_PULLUP      ;        ;                       ;           ; Column I/O ;                 ; no       ; On           ;
; D11      ; 220        ; 8        ; RESERVED_INPUT_WITH_WEAK_PULLUP      ;        ;                       ;           ; Column I/O ;                 ; no       ; On           ;
; D12      ; 190        ; 6        ; RESERVED_INPUT_WITH_WEAK_PULLUP      ;        ;                       ;           ; Row I/O    ;                 ; no       ; On           ;
; D14      ;            ; --       ; VCCA2                                ; power  ;                       ; 3.0V/3.3V ; --         ;                 ; --       ; --           ;
; E1       ; 12         ; 1A       ; RESERVED_INPUT_WITH_WEAK_PULLUP      ;        ;                       ;           ; Row I/O    ;                 ; no       ; On           ;
; E2       ; 14         ; 1A       ; RESERVED_INPUT_WITH_WEAK_PULLUP      ;        ;                       ;           ; Row I/O    ;                 ; no       ; On           ;
; E4       ;            ;          ; REFGND                               ;        ;                       ;           ; --         ;                 ; --       ; --           ;
; E5       ;            ;          ; GND                                  ; gnd    ;                       ;           ; --         ;                 ; --       ; --           ;
; E6       ; 246        ; 8        ; ~ALTERA_CONF_DONE~ / RESERVED_INPUT  ; input  ; 2.5 V Schmitt Trigger ;           ; Column I/O ; N               ; no       ; Off          ;
; E7       ; 242        ; 8        ; DAC_data_2M_direct[7]                ; output ; 2.5 V                 ;           ; Column I/O ; Y               ; no       ; Off          ;
; E8       ; 234        ; 8        ; ~ALTERA_nCONFIG~ / RESERVED_INPUT    ; input  ; 2.5 V Schmitt Trigger ;           ; Column I/O ; N               ; no       ; Off          ;
; E9       ; 230        ; 8        ; RESERVED_INPUT_WITH_WEAK_PULLUP      ;        ;                       ;           ; Column I/O ;                 ; no       ; On           ;
; E10      ; 228        ; 8        ; RESERVED_INPUT_WITH_WEAK_PULLUP      ;        ;                       ;           ; Column I/O ;                 ; no       ; On           ;
; E11      ; 188        ; 6        ; RESERVED_INPUT_WITH_WEAK_PULLUP      ;        ;                       ;           ; Row I/O    ;                 ; no       ; On           ;
; E12      ;            ;          ; GND                                  ; gnd    ;                       ;           ; --         ;                 ; --       ; --           ;
; E14      ; 175        ; 6        ; RESERVED_INPUT_WITH_WEAK_PULLUP      ;        ;                       ;           ; Row I/O    ;                 ; no       ; On           ;
; E15      ; 173        ; 6        ; RESERVED_INPUT_WITH_WEAK_PULLUP      ;        ;                       ;           ; Row I/O    ;                 ; --       ; --           ;
; F2       ;            ; 1A       ; VCCIO1A                              ; power  ;                       ; 2.5V      ; --         ;                 ; --       ; --           ;
; F4       ;            ;          ; ADC_VREF                             ;        ;                       ;           ; --         ;                 ; --       ; --           ;
; F5       ; 4          ; 1A       ; RESERVED_INPUT_WITH_WEAK_PULLUP      ;        ;                       ;           ; Row I/O    ;                 ; no       ; On           ;
; F11      ; 176        ; 6        ; RESERVED_INPUT_WITH_WEAK_PULLUP      ;        ;                       ;           ; Row I/O    ;                 ; no       ; On           ;
; F12      ; 178        ; 6        ; RESERVED_INPUT_WITH_WEAK_PULLUP      ;        ;                       ;           ; Row I/O    ;                 ; no       ; On           ;
; F14      ;            ; 6        ; VCCIO6                               ; power  ;                       ; 2.5V      ; --         ;                 ; --       ; --           ;
; G1       ; 20         ; 1B       ; altera_reserved_tms                  ; input  ; 2.5 V Schmitt Trigger ;           ; Row I/O    ; N               ; no       ; Off          ;
; G2       ; 21         ; 1B       ; RESERVED_INPUT_WITH_WEAK_PULLUP      ;        ;                       ;           ; Row I/O    ;                 ; --       ; --           ;
; G4       ;            ;          ; GND                                  ; gnd    ;                       ;           ; --         ;                 ; --       ; --           ;
; G5       ; 6          ; 1A       ; RESERVED_INPUT_WITH_WEAK_PULLUP      ;        ;                       ;           ; Row I/O    ;                 ; no       ; On           ;
; G7       ; 18         ; 1B       ; RESERVED_INPUT_WITH_WEAK_PULLUP      ;        ;                       ;           ; Row I/O    ;                 ; no       ; On           ;
; G8       ;            ; --       ; VCC_ONE                              ; power  ;                       ; 3.0V/3.3V ; --         ;                 ; --       ; --           ;
; G9       ;            ;          ; GND                                  ; gnd    ;                       ;           ; --         ;                 ; --       ; --           ;
; G11      ; 172        ; 6        ; RESERVED_INPUT_WITH_WEAK_PULLUP      ;        ;                       ;           ; Row I/O    ;                 ; no       ; On           ;
; G12      ; 174        ; 6        ; RESERVED_INPUT_WITH_WEAK_PULLUP      ;        ;                       ;           ; Row I/O    ;                 ; no       ; On           ;
; G14      ;            ; 6        ; VCCIO6                               ; power  ;                       ; 2.5V      ; --         ;                 ; --       ; --           ;
; G15      ; 158        ; 6        ; RESERVED_INPUT_WITH_WEAK_PULLUP      ;        ;                       ;           ; Row I/O    ;                 ; no       ; On           ;
; H2       ;            ; 1B       ; VCCIO1B                              ; power  ;                       ; 2.5V      ; --         ;                 ; --       ; --           ;
; H3       ; 28         ; 1B       ; RESERVED_INPUT_WITH_WEAK_PULLUP      ;        ;                       ;           ; Row I/O    ;                 ; no       ; On           ;
; H4       ; 26         ; 1B       ; altera_reserved_tdo                  ; output ; 2.5 V                 ;           ; Row I/O    ; N               ; no       ; Off          ;
; H5       ; 24         ; 1B       ; altera_reserved_tdi                  ; input  ; 2.5 V Schmitt Trigger ;           ; Row I/O    ; N               ; no       ; Off          ;
; H7       ;            ; --       ; VCC_ONE                              ; power  ;                       ; 3.0V/3.3V ; --         ;                 ; --       ; --           ;
; H8       ;            ;          ; GND                                  ; gnd    ;                       ;           ; --         ;                 ; --       ; --           ;
; H9       ;            ; --       ; VCC_ONE                              ; power  ;                       ; 3.0V/3.3V ; --         ;                 ; --       ; --           ;
; H11      ; 150        ; 6        ; RESERVED_INPUT_WITH_WEAK_PULLUP      ;        ;                       ;           ; Row I/O    ;                 ; no       ; On           ;
; H12      ; 152        ; 6        ; RESERVED_INPUT_WITH_WEAK_PULLUP      ;        ;                       ;           ; Row I/O    ;                 ; no       ; On           ;
; H13      ; 154        ; 6        ; RESERVED_INPUT_WITH_WEAK_PULLUP      ;        ;                       ;           ; Row I/O    ;                 ; no       ; On           ;
; H14      ;            ;          ; GND                                  ; gnd    ;                       ;           ; --         ;                 ; --       ; --           ;
; J1       ; 22         ; 1B       ; altera_reserved_tck                  ; input  ; 2.5 V Schmitt Trigger ;           ; Row I/O    ; N               ; no       ; Off          ;
; J2       ; 30         ; 1B       ; RESERVED_INPUT_WITH_WEAK_PULLUP      ;        ;                       ;           ; Row I/O    ;                 ; no       ; On           ;
; J4       ; 36         ; 2        ; RESERVED_INPUT_WITH_WEAK_PULLUP      ;        ;                       ;           ; Row I/O    ;                 ; no       ; On           ;
; J5       ; 38         ; 2        ; sys_clk                              ; input  ; 2.5 V                 ;           ; Row I/O    ; Y               ; no       ; Off          ;
; J7       ;            ;          ; GND                                  ; gnd    ;                       ;           ; --         ;                 ; --       ; --           ;
; J8       ;            ; --       ; VCC_ONE                              ; power  ;                       ; 3.0V/3.3V ; --         ;                 ; --       ; --           ;
; J9       ; 140        ; 5        ; sys_rst_n                            ; input  ; 2.5 V                 ;           ; Row I/O    ; Y               ; no       ; Off          ;
; J11      ; 142        ; 5        ; RESERVED_INPUT_WITH_WEAK_PULLUP      ;        ;                       ;           ; Row I/O    ;                 ; no       ; On           ;
; J12      ; 148        ; 6        ; RESERVED_INPUT_WITH_WEAK_PULLUP      ;        ;                       ;           ; Row I/O    ;                 ; no       ; On           ;
; J14      ; 143        ; 5        ; RESERVED_INPUT_WITH_WEAK_PULLUP      ;        ;                       ;           ; Row I/O    ;                 ; no       ; On           ;
; J15      ; 156        ; 6        ; RESERVED_INPUT_WITH_WEAK_PULLUP      ;        ;                       ;           ; Row I/O    ;                 ; no       ; On           ;
; K2       ; 34         ; 1B       ; RESERVED_INPUT_WITH_WEAK_PULLUP      ;        ;                       ;           ; Row I/O    ;                 ; no       ; On           ;
; K4       ; 42         ; 2        ; RESERVED_INPUT_WITH_WEAK_PULLUP      ;        ;                       ;           ; Row I/O    ;                 ; no       ; On           ;
; K5       ; 40         ; 2        ; RESERVED_INPUT_WITH_WEAK_PULLUP      ;        ;                       ;           ; Row I/O    ;                 ; no       ; On           ;
; K11      ; 132        ; 5        ; RESERVED_INPUT_WITH_WEAK_PULLUP      ;        ;                       ;           ; Row I/O    ;                 ; no       ; On           ;
; K12      ; 134        ; 5        ; RESERVED_INPUT_WITH_WEAK_PULLUP      ;        ;                       ;           ; Row I/O    ;                 ; no       ; On           ;
; K14      ; 141        ; 5        ; RESERVED_INPUT_WITH_WEAK_PULLUP      ;        ;                       ;           ; Row I/O    ;                 ; no       ; On           ;
; L1       ; 32         ; 1B       ; RESERVED_INPUT_WITH_WEAK_PULLUP      ;        ;                       ;           ; Row I/O    ;                 ; no       ; On           ;
; L2       ;            ; 2        ; VCCIO2                               ; power  ;                       ; 2.5V      ; --         ;                 ; --       ; --           ;
; L4       ; 46         ; 2        ; RESERVED_INPUT_WITH_WEAK_PULLUP      ;        ;                       ;           ; Row I/O    ;                 ; no       ; On           ;
; L5       ; 44         ; 2        ; RESERVED_INPUT_WITH_WEAK_PULLUP      ;        ;                       ;           ; Row I/O    ;                 ; no       ; On           ;
; L6       ; 64         ; 3        ; DAC_clk_2M_direct                    ; output ; 2.5 V                 ;           ; Column I/O ; Y               ; no       ; Off          ;
; L7       ; 66         ; 3        ; RESERVED_INPUT_WITH_WEAK_PULLUP      ;        ;                       ;           ; Column I/O ;                 ; no       ; On           ;
; L8       ; 72         ; 3        ; RESERVED_INPUT_WITH_WEAK_PULLUP      ;        ;                       ;           ; Column I/O ;                 ; no       ; On           ;
; L9       ; 84         ; 3        ; RESERVED_INPUT_WITH_WEAK_PULLUP      ;        ;                       ;           ; Column I/O ;                 ; no       ; On           ;
; L10      ; 88         ; 3        ; RESERVED_INPUT_WITH_WEAK_PULLUP      ;        ;                       ;           ; Column I/O ;                 ; no       ; On           ;
; L11      ; 122        ; 5        ; RESERVED_INPUT_WITH_WEAK_PULLUP      ;        ;                       ;           ; Row I/O    ;                 ; no       ; On           ;
; L12      ;            ;          ; GND                                  ; gnd    ;                       ;           ; --         ;                 ; --       ; --           ;
; L14      ;            ; 5        ; VCCIO5                               ; power  ;                       ; 2.5V      ; --         ;                 ; --       ; --           ;
; L15      ; 135        ; 5        ; RESERVED_INPUT_WITH_WEAK_PULLUP      ;        ;                       ;           ; Row I/O    ;                 ; --       ; --           ;
; M2       ;            ;          ; GND                                  ; gnd    ;                       ;           ; --         ;                 ; --       ; --           ;
; M4       ; 60         ; 3        ; RESERVED_INPUT_WITH_WEAK_PULLUP      ;        ;                       ;           ; Column I/O ;                 ; no       ; On           ;
; M5       ; 62         ; 3        ; DAC_data_2M_direct[4]                ; output ; 2.5 V                 ;           ; Column I/O ; Y               ; no       ; Off          ;
; M6       ;            ;          ; GND                                  ; gnd    ;                       ;           ; --         ;                 ; --       ; --           ;
; M7       ; 74         ; 3        ; RESERVED_INPUT_WITH_WEAK_PULLUP      ;        ;                       ;           ; Column I/O ;                 ; no       ; On           ;
; M8       ; 76         ; 3        ; RESERVED_INPUT_WITH_WEAK_PULLUP      ;        ;                       ;           ; Column I/O ;                 ; no       ; On           ;
; M9       ; 86         ; 3        ; RESERVED_INPUT_WITH_WEAK_PULLUP      ;        ;                       ;           ; Column I/O ;                 ; no       ; On           ;
; M10      ;            ;          ; GND                                  ; gnd    ;                       ;           ; --         ;                 ; --       ; --           ;
; M11      ; 90         ; 3        ; RESERVED_INPUT_WITH_WEAK_PULLUP      ;        ;                       ;           ; Column I/O ;                 ; no       ; On           ;
; M12      ; 120        ; 5        ; RESERVED_INPUT_WITH_WEAK_PULLUP      ;        ;                       ;           ; Row I/O    ;                 ; no       ; On           ;
; M14      ; 133        ; 5        ; RESERVED_INPUT_WITH_WEAK_PULLUP      ;        ;                       ;           ; Row I/O    ;                 ; no       ; On           ;
; N1       ; 56         ; 2        ; RESERVED_INPUT_WITH_WEAK_PULLUP      ;        ;                       ;           ; Row I/O    ;                 ; no       ; On           ;
; N2       ;            ; --       ; VCCA1                                ; power  ;                       ; 3.0V/3.3V ; --         ;                 ; --       ; --           ;
; N8       ; 78         ; 3        ; RESERVED_INPUT_WITH_WEAK_PULLUP      ;        ;                       ;           ; Column I/O ;                 ; no       ; On           ;
; N14      ; 123        ; 5        ; RESERVED_INPUT_WITH_WEAK_PULLUP      ;        ;                       ;           ; Row I/O    ;                 ; no       ; On           ;
; N15      ; 121        ; 5        ; RESERVED_INPUT_WITH_WEAK_PULLUP      ;        ;                       ;           ; Row I/O    ;                 ; no       ; On           ;
; P1       ; 45         ; 2        ; RESERVED_INPUT_WITH_WEAK_PULLUP      ;        ;                       ;           ; Row I/O    ;                 ; --       ; --           ;
; P2       ; 58         ; 2        ; RESERVED_INPUT_WITH_WEAK_PULLUP      ;        ;                       ;           ; Row I/O    ;                 ; no       ; On           ;
; P3       ; 61         ; 3        ; DAC_data_2M_direct[2]                ; output ; 2.5 V                 ;           ; Column I/O ; Y               ; no       ; Off          ;
; P4       ; 65         ; 3        ; RESERVED_INPUT_WITH_WEAK_PULLUP      ;        ;                       ;           ; Column I/O ;                 ; no       ; On           ;
; P5       ;            ; 3        ; VCCIO3                               ; power  ;                       ; 2.5V      ; --         ;                 ; --       ; --           ;
; P6       ; 68         ; 3        ; spi_sel                              ; input  ; 2.5 V                 ;           ; Column I/O ; Y               ; no       ; Off          ;
; P7       ; 70         ; 3        ; RESERVED_INPUT_WITH_WEAK_PULLUP      ;        ;                       ;           ; Column I/O ;                 ; no       ; On           ;
; P8       ; 71         ; 3        ; DAC_9708_GND                         ; output ; 2.5 V                 ;           ; Column I/O ; Y               ; no       ; Off          ;
; P9       ; 73         ; 3        ; DAC_data_2M_multi[2]                 ; output ; 2.5 V                 ;           ; Column I/O ; Y               ; no       ; Off          ;
; P10      ;            ; 3        ; VCCIO3                               ; power  ;                       ; 2.5V      ; --         ;                 ; --       ; --           ;
; P11      ;            ; 3        ; VCCIO3                               ; power  ;                       ; 2.5V      ; --         ;                 ; --       ; --           ;
; P12      ; 79         ; 3        ; DAC_clk_2M_multi                     ; output ; 2.5 V                 ;           ; Column I/O ; Y               ; no       ; Off          ;
; P13      ;            ; --       ; VCCA4                                ; power  ;                       ; 3.0V/3.3V ; --         ;                 ; --       ; --           ;
; P14      ; 92         ; 3        ; RESERVED_INPUT_WITH_WEAK_PULLUP      ;        ;                       ;           ; Column I/O ;                 ; no       ; On           ;
; P15      ; 82         ; 3        ; RESERVED_INPUT_WITH_WEAK_PULLUP      ;        ;                       ;           ; Column I/O ;                 ; no       ; On           ;
; R1       ;            ;          ; GND                                  ; gnd    ;                       ;           ; --         ;                 ; --       ; --           ;
; R2       ; 47         ; 2        ; RESERVED_INPUT_WITH_WEAK_PULLUP      ;        ;                       ;           ; Row I/O    ;                 ; no       ; On           ;
; R3       ; 63         ; 3        ; DAC_data_2M_direct[6]                ; output ; 2.5 V                 ;           ; Column I/O ; Y               ; no       ; Off          ;
; R5       ; 67         ; 3        ; spi_sdo                              ; output ; 2.5 V                 ;           ; Column I/O ; Y               ; no       ; Off          ;
; R7       ; 69         ; 3        ; RESERVED_INPUT_WITH_WEAK_PULLUP      ;        ;                       ;           ; Column I/O ;                 ; no       ; On           ;
; R9       ; 75         ; 3        ; DAC_data_2M_multi[4]                 ; output ; 2.5 V                 ;           ; Column I/O ; Y               ; no       ; Off          ;
; R11      ; 77         ; 3        ; DAC_data_2M_multi[6]                 ; output ; 2.5 V                 ;           ; Column I/O ; Y               ; no       ; Off          ;
; R13      ; 94         ; 3        ; RESERVED_INPUT_WITH_WEAK_PULLUP      ;        ;                       ;           ; Column I/O ;                 ; no       ; On           ;
; R14      ; 80         ; 3        ; RESERVED_INPUT_WITH_WEAK_PULLUP      ;        ;                       ;           ; Column I/O ;                 ; no       ; On           ;
; R15      ;            ;          ; GND                                  ; gnd    ;                       ;           ; --         ;                 ; --       ; --           ;
+----------+------------+----------+--------------------------------------+--------+-----------------------+-----------+------------+-----------------+----------+--------------+
Note: Pin directions (input, output or bidir) are based on device operating in user mode.


+--------------------------------------------------------------------------------------------------------------+
; PLL Summary                                                                                                  ;
+-------------------------------+------------------------------------------------------------------------------+
; Name                          ; pll_ip:pll_ip_inst|altpll:altpll_component|pll_ip_altpll:auto_generated|pll1 ;
+-------------------------------+------------------------------------------------------------------------------+
; SDC pin name                  ; pll_ip_inst|altpll_component|auto_generated|pll1                             ;
; PLL mode                      ; Normal                                                                       ;
; Compensate clock              ; clock0                                                                       ;
; Compensated input/output pins ; --                                                                           ;
; Switchover type               ; --                                                                           ;
; Input frequency 0             ; 12.0 MHz                                                                     ;
; Input frequency 1             ; --                                                                           ;
; Nominal PFD frequency         ; 12.0 MHz                                                                     ;
; Nominal VCO frequency         ; 840.0 MHz                                                                    ;
; VCO post scale K counter      ; --                                                                           ;
; VCO frequency control         ; Auto                                                                         ;
; VCO phase shift step          ; 148 ps                                                                       ;
; VCO multiply                  ; --                                                                           ;
; VCO divide                    ; --                                                                           ;
; Freq min lock                 ; 9.8 MHz                                                                      ;
; Freq max lock                 ; 18.58 MHz                                                                    ;
; M VCO Tap                     ; 0                                                                            ;
; M Initial                     ; 1                                                                            ;
; M value                       ; 70                                                                           ;
; N value                       ; 1                                                                            ;
; Charge pump current           ; setting 1                                                                    ;
; Loop filter resistance        ; setting 24                                                                   ;
; Loop filter capacitance       ; setting 0                                                                    ;
; Bandwidth                     ; 450 kHz to 980 kHz                                                           ;
; Bandwidth type                ; Medium                                                                       ;
; Real time reconfigurable      ; Off                                                                          ;
; Scan chain MIF file           ; --                                                                           ;
; Preserve PLL counter order    ; Off                                                                          ;
; PLL location                  ; PLL_1                                                                        ;
; Inclk0 signal                 ; sys_clk                                                                      ;
; Inclk1 signal                 ; --                                                                           ;
; Inclk0 signal type            ; Dedicated Pin                                                                ;
; Inclk1 signal type            ; --                                                                           ;
+-------------------------------+------------------------------------------------------------------------------+


+----------------------------------------------------------------------------------------------------------------------------------------------------------------------------------------------------------------------------------------------------------------------------------------------------------------------------+
; PLL Usage                                                                                                                                                                                                                                                                                                                  ;
+------------------------------------------------------------------------------------------+--------------+------+-----+------------------+-------------+------------------+------------+---------+---------------+------------+---------------+---------+---------+---------------------------------------------------------+
; Name                                                                                     ; Output Clock ; Mult ; Div ; Output Frequency ; Phase Shift ; Phase Shift Step ; Duty Cycle ; Counter ; Counter Value ; High / Low ; Cascade Input ; Initial ; VCO Tap ; SDC Pin Name                                            ;
+------------------------------------------------------------------------------------------+--------------+------+-----+------------------+-------------+------------------+------------+---------+---------------+------------+---------------+---------+---------+---------------------------------------------------------+
; pll_ip:pll_ip_inst|altpll:altpll_component|pll_ip_altpll:auto_generated|wire_pll1_clk[0] ; clock0       ; 10   ; 1   ; 120.0 MHz        ; 0 (0 ps)    ; 6.43 (148 ps)    ; 50/50      ; C0      ; 7             ; 4/3 Odd    ; --            ; 1       ; 0       ; pll_ip_inst|altpll_component|auto_generated|pll1|clk[0] ;
; pll_ip:pll_ip_inst|altpll:altpll_component|pll_ip_altpll:auto_generated|wire_pll1_clk[1] ; clock1       ; 7    ; 4   ; 21.0 MHz         ; 0 (0 ps)    ; 1.13 (148 ps)    ; 50/50      ; C1      ; 40            ; 20/20 Even ; --            ; 1       ; 0       ; pll_ip_inst|altpll_component|auto_generated|pll1|clk[1] ;
+------------------------------------------------------------------------------------------+--------------+------+-----+------------------+-------------+------------------+------------+---------+---------------+------------+---------------+---------+---------+---------------------------------------------------------+


+-------------------------------------------------------+
; I/O Assignment Warnings                               ;
+-----------------------+-------------------------------+
; Pin Name              ; Reason                        ;
+-----------------------+-------------------------------+
; spi_sdo               ; Incomplete set of assignments ;
; DAC_data_2M_direct[0] ; Incomplete set of assignments ;
; DAC_data_2M_direct[1] ; Incomplete set of assignments ;
; DAC_data_2M_direct[2] ; Incomplete set of assignments ;
; DAC_data_2M_direct[3] ; Incomplete set of assignments ;
; DAC_data_2M_direct[4] ; Incomplete set of assignments ;
; DAC_data_2M_direct[5] ; Incomplete set of assignments ;
; DAC_data_2M_direct[6] ; Incomplete set of assignments ;
; DAC_data_2M_direct[7] ; Incomplete set of assignments ;
; DAC_clk_2M_direct     ; Incomplete set of assignments ;
; DAC_data_2M_multi[0]  ; Incomplete set of assignments ;
; DAC_data_2M_multi[1]  ; Incomplete set of assignments ;
; DAC_data_2M_multi[2]  ; Incomplete set of assignments ;
; DAC_data_2M_multi[3]  ; Incomplete set of assignments ;
; DAC_data_2M_multi[4]  ; Incomplete set of assignments ;
; DAC_data_2M_multi[5]  ; Incomplete set of assignments ;
; DAC_data_2M_multi[6]  ; Incomplete set of assignments ;
; DAC_data_2M_multi[7]  ; Incomplete set of assignments ;
; DAC_clk_2M_multi      ; Incomplete set of assignments ;
; DAC_9708_GND          ; Incomplete set of assignments ;
; sys_rst_n             ; Incomplete set of assignments ;
; sys_clk               ; Incomplete set of assignments ;
; spi_sdi               ; Incomplete set of assignments ;
; spi_sel               ; Incomplete set of assignments ;
; spi_scl               ; Incomplete set of assignments ;
+-----------------------+-------------------------------+


+------------------------------------------------------------------------------------------------------------------------------------------------------------------------------------------------------------------------------------------------------------------------------------------------------------------------------------------------------------------------------------------------------------------------------------------------------------------------------------------------------------------------------------------------------------------------------------------------------------------------------------------------------------------------------------------------------------------------------------------------------------------------------+
; Fitter Resource Utilization by Entity                                                                                                                                                                                                                                                                                                                                                                                                                                                                                                                                                                                                                                                                                                                                        ;
+-----------------------------------------------------------------------------------------------------------------------------------------+-------------+---------------------------+---------------+-------------+------+------------+--------------+---------+-----------+------+--------------+--------------+-------------------+------------------+------------+-------------------------------------------------------------------------------------------------------------------------------------------------------------------------------------------------------------------------------------------------------------------------------------------------------------------------------------------------------+-----------------------------------+--------------+
; Compilation Hierarchy Node                                                                                                              ; Logic Cells ; Dedicated Logic Registers ; I/O Registers ; Memory Bits ; M9Ks ; UFM Blocks ; DSP Elements ; DSP 9x9 ; DSP 18x18 ; Pins ; Virtual Pins ; LUT-Only LCs ; Register-Only LCs ; LUT/Register LCs ; ADC blocks ; Full Hierarchy Name                                                                                                                                                                                                                                                                                                                                   ; Entity Name                       ; Library Name ;
+-----------------------------------------------------------------------------------------------------------------------------------------+-------------+---------------------------+---------------+-------------+------+------------+--------------+---------+-----------+------+--------------+--------------+-------------------+------------------+------------+-------------------------------------------------------------------------------------------------------------------------------------------------------------------------------------------------------------------------------------------------------------------------------------------------------------------------------------------------------+-----------------------------------+--------------+
; |C_2024_2M                                                                                                                              ; 1738 (3)    ; 1272 (0)                  ; 0 (0)         ; 153600      ; 18   ; 1          ; 0            ; 0       ; 0         ; 25   ; 0            ; 466 (3)      ; 705 (0)           ; 567 (0)          ; 0          ; |C_2024_2M                                                                                                                                                                                                                                                                                                                                            ; C_2024_2M                         ; work         ;
;    |DDS_lite:DDS_lite_inst|                                                                                                             ; 183 (137)   ; 57 (11)                   ; 0 (0)         ; 32768       ; 4    ; 0          ; 0            ; 0       ; 0         ; 0    ; 0            ; 125 (125)    ; 14 (2)            ; 44 (10)          ; 0          ; |C_2024_2M|DDS_lite:DDS_lite_inst                                                                                                                                                                                                                                                                                                                     ; DDS_lite                          ; work         ;
;       |dds_ctrl_lite:dds_ctrl_lite_inst|                                                                                                ; 46 (46)     ; 46 (46)                   ; 0 (0)         ; 32768       ; 4    ; 0          ; 0            ; 0       ; 0         ; 0    ; 0            ; 0 (0)        ; 12 (12)           ; 34 (34)          ; 0          ; |C_2024_2M|DDS_lite:DDS_lite_inst|dds_ctrl_lite:dds_ctrl_lite_inst                                                                                                                                                                                                                                                                                    ; dds_ctrl_lite                     ; work         ;
;          |rom_wave_sin:rom_ip_inst_1|                                                                                                   ; 0 (0)       ; 0 (0)                     ; 0 (0)         ; 32768       ; 4    ; 0          ; 0            ; 0       ; 0         ; 0    ; 0            ; 0 (0)        ; 0 (0)             ; 0 (0)            ; 0          ; |C_2024_2M|DDS_lite:DDS_lite_inst|dds_ctrl_lite:dds_ctrl_lite_inst|rom_wave_sin:rom_ip_inst_1                                                                                                                                                                                                                                                         ; rom_wave_sin                      ; work         ;
;             |altsyncram:altsyncram_component|                                                                                           ; 0 (0)       ; 0 (0)                     ; 0 (0)         ; 32768       ; 4    ; 0          ; 0            ; 0       ; 0         ; 0    ; 0            ; 0 (0)        ; 0 (0)             ; 0 (0)            ; 0          ; |C_2024_2M|DDS_lite:DDS_lite_inst|dds_ctrl_lite:dds_ctrl_lite_inst|rom_wave_sin:rom_ip_inst_1|altsyncram:altsyncram_component                                                                                                                                                                                                                         ; altsyncram                        ; work         ;
;                |altsyncram_6eb1:auto_generated|                                                                                         ; 0 (0)       ; 0 (0)                     ; 0 (0)         ; 32768       ; 4    ; 0          ; 0            ; 0       ; 0         ; 0    ; 0            ; 0 (0)        ; 0 (0)             ; 0 (0)            ; 0          ; |C_2024_2M|DDS_lite:DDS_lite_inst|dds_ctrl_lite:dds_ctrl_lite_inst|rom_wave_sin:rom_ip_inst_1|altsyncram:altsyncram_component|altsyncram_6eb1:auto_generated                                                                                                                                                                                          ; altsyncram_6eb1                   ; work         ;
;    |DDS_time_delay_2M:DDS_time_delay_2M_inst|                                                                                           ; 186 (11)    ; 41 (7)                    ; 0 (0)         ; 32768       ; 4    ; 0          ; 0            ; 0       ; 0         ; 0    ; 0            ; 145 (4)      ; 1 (0)             ; 40 (7)           ; 0          ; |C_2024_2M|DDS_time_delay_2M:DDS_time_delay_2M_inst                                                                                                                                                                                                                                                                                                   ; DDS_time_delay_2M                 ; work         ;
;       |DDS_lite_phase:u_DDS_lite_phase|                                                                                                 ; 175 (163)   ; 34 (22)                   ; 0 (0)         ; 32768       ; 4    ; 0          ; 0            ; 0       ; 0         ; 0    ; 0            ; 141 (141)    ; 1 (1)             ; 33 (21)          ; 0          ; |C_2024_2M|DDS_time_delay_2M:DDS_time_delay_2M_inst|DDS_lite_phase:u_DDS_lite_phase                                                                                                                                                                                                                                                                   ; DDS_lite_phase                    ; work         ;
;          |dds_ctrl_lite_phase:dds_ctrl_lite_phase_inst|                                                                                 ; 12 (12)     ; 12 (12)                   ; 0 (0)         ; 32768       ; 4    ; 0          ; 0            ; 0       ; 0         ; 0    ; 0            ; 0 (0)        ; 0 (0)             ; 12 (12)          ; 0          ; |C_2024_2M|DDS_time_delay_2M:DDS_time_delay_2M_inst|DDS_lite_phase:u_DDS_lite_phase|dds_ctrl_lite_phase:dds_ctrl_lite_phase_inst                                                                                                                                                                                                                      ; dds_ctrl_lite_phase               ; work         ;
;             |rom_wave_sin:rom_ip_inst_1|                                                                                                ; 0 (0)       ; 0 (0)                     ; 0 (0)         ; 32768       ; 4    ; 0          ; 0            ; 0       ; 0         ; 0    ; 0            ; 0 (0)        ; 0 (0)             ; 0 (0)            ; 0          ; |C_2024_2M|DDS_time_delay_2M:DDS_time_delay_2M_inst|DDS_lite_phase:u_DDS_lite_phase|dds_ctrl_lite_phase:dds_ctrl_lite_phase_inst|rom_wave_sin:rom_ip_inst_1                                                                                                                                                                                           ; rom_wave_sin                      ; work         ;
;                |altsyncram:altsyncram_component|                                                                                        ; 0 (0)       ; 0 (0)                     ; 0 (0)         ; 32768       ; 4    ; 0          ; 0            ; 0       ; 0         ; 0    ; 0            ; 0 (0)        ; 0 (0)             ; 0 (0)            ; 0          ; |C_2024_2M|DDS_time_delay_2M:DDS_time_delay_2M_inst|DDS_lite_phase:u_DDS_lite_phase|dds_ctrl_lite_phase:dds_ctrl_lite_phase_inst|rom_wave_sin:rom_ip_inst_1|altsyncram:altsyncram_component                                                                                                                                                           ; altsyncram                        ; work         ;
;                   |altsyncram_6eb1:auto_generated|                                                                                      ; 0 (0)       ; 0 (0)                     ; 0 (0)         ; 32768       ; 4    ; 0          ; 0            ; 0       ; 0         ; 0    ; 0            ; 0 (0)        ; 0 (0)             ; 0 (0)            ; 0          ; |C_2024_2M|DDS_time_delay_2M:DDS_time_delay_2M_inst|DDS_lite_phase:u_DDS_lite_phase|dds_ctrl_lite_phase:dds_ctrl_lite_phase_inst|rom_wave_sin:rom_ip_inst_1|altsyncram:altsyncram_component|altsyncram_6eb1:auto_generated                                                                                                                            ; altsyncram_6eb1                   ; work         ;
;    |SPI_STM32F4:u_SPI_STM32F4|                                                                                                          ; 49 (12)     ; 36 (0)                    ; 0 (0)         ; 0           ; 0    ; 0          ; 0            ; 0       ; 0         ; 0    ; 0            ; 12 (12)      ; 1 (0)             ; 36 (0)           ; 0          ; |C_2024_2M|SPI_STM32F4:u_SPI_STM32F4                                                                                                                                                                                                                                                                                                                  ; SPI_STM32F4                       ; work         ;
;       |SPI:u_SPI_inst|                                                                                                                  ; 37 (37)     ; 36 (36)                   ; 0 (0)         ; 0           ; 0    ; 0          ; 0            ; 0       ; 0         ; 0    ; 0            ; 0 (0)        ; 1 (1)             ; 36 (36)          ; 0          ; |C_2024_2M|SPI_STM32F4:u_SPI_STM32F4|SPI:u_SPI_inst                                                                                                                                                                                                                                                                                                   ; SPI                               ; work         ;
;    |pll_ip:pll_ip_inst|                                                                                                                 ; 1 (0)       ; 1 (0)                     ; 0 (0)         ; 0           ; 0    ; 0          ; 0            ; 0       ; 0         ; 0    ; 0            ; 0 (0)        ; 0 (0)             ; 1 (0)            ; 0          ; |C_2024_2M|pll_ip:pll_ip_inst                                                                                                                                                                                                                                                                                                                         ; pll_ip                            ; work         ;
;       |altpll:altpll_component|                                                                                                         ; 1 (0)       ; 1 (0)                     ; 0 (0)         ; 0           ; 0    ; 0          ; 0            ; 0       ; 0         ; 0    ; 0            ; 0 (0)        ; 0 (0)             ; 1 (0)            ; 0          ; |C_2024_2M|pll_ip:pll_ip_inst|altpll:altpll_component                                                                                                                                                                                                                                                                                                 ; altpll                            ; work         ;
;          |pll_ip_altpll:auto_generated|                                                                                                 ; 1 (1)       ; 1 (1)                     ; 0 (0)         ; 0           ; 0    ; 0          ; 0            ; 0       ; 0         ; 0    ; 0            ; 0 (0)        ; 0 (0)             ; 1 (1)            ; 0          ; |C_2024_2M|pll_ip:pll_ip_inst|altpll:altpll_component|pll_ip_altpll:auto_generated                                                                                                                                                                                                                                                                    ; pll_ip_altpll                     ; work         ;
;    |sld_hub:auto_hub|                                                                                                                   ; 150 (1)     ; 91 (0)                    ; 0 (0)         ; 0           ; 0    ; 0          ; 0            ; 0       ; 0         ; 0    ; 0            ; 59 (1)       ; 24 (0)            ; 67 (0)           ; 0          ; |C_2024_2M|sld_hub:auto_hub                                                                                                                                                                                                                                                                                                                           ; sld_hub                           ; altera_sld   ;
;       |alt_sld_fab_with_jtag_input:\instrumentation_fabric_with_node_gen:fabric_gen_new_way:with_jtag_input_gen:instrumentation_fabric| ; 149 (0)     ; 91 (0)                    ; 0 (0)         ; 0           ; 0    ; 0          ; 0            ; 0       ; 0         ; 0    ; 0            ; 58 (0)       ; 24 (0)            ; 67 (0)           ; 0          ; |C_2024_2M|sld_hub:auto_hub|alt_sld_fab_with_jtag_input:\instrumentation_fabric_with_node_gen:fabric_gen_new_way:with_jtag_input_gen:instrumentation_fabric                                                                                                                                                                                           ; alt_sld_fab_with_jtag_input       ; altera_sld   ;
;          |alt_sld_fab:instrumentation_fabric|                                                                                           ; 149 (0)     ; 91 (0)                    ; 0 (0)         ; 0           ; 0    ; 0          ; 0            ; 0       ; 0         ; 0    ; 0            ; 58 (0)       ; 24 (0)            ; 67 (0)           ; 0          ; |C_2024_2M|sld_hub:auto_hub|alt_sld_fab_with_jtag_input:\instrumentation_fabric_with_node_gen:fabric_gen_new_way:with_jtag_input_gen:instrumentation_fabric|alt_sld_fab:instrumentation_fabric                                                                                                                                                        ; alt_sld_fab                       ; alt_sld_fab  ;
;             |alt_sld_fab_alt_sld_fab:alt_sld_fab|                                                                                       ; 149 (6)     ; 91 (5)                    ; 0 (0)         ; 0           ; 0    ; 0          ; 0            ; 0       ; 0         ; 0    ; 0            ; 58 (1)       ; 24 (3)            ; 67 (0)           ; 0          ; |C_2024_2M|sld_hub:auto_hub|alt_sld_fab_with_jtag_input:\instrumentation_fabric_with_node_gen:fabric_gen_new_way:with_jtag_input_gen:instrumentation_fabric|alt_sld_fab:instrumentation_fabric|alt_sld_fab_alt_sld_fab:alt_sld_fab                                                                                                                    ; alt_sld_fab_alt_sld_fab           ; alt_sld_fab  ;
;                |alt_sld_fab_alt_sld_fab_sldfabric:sldfabric|                                                                            ; 145 (0)     ; 86 (0)                    ; 0 (0)         ; 0           ; 0    ; 0          ; 0            ; 0       ; 0         ; 0    ; 0            ; 57 (0)       ; 21 (0)            ; 67 (0)           ; 0          ; |C_2024_2M|sld_hub:auto_hub|alt_sld_fab_with_jtag_input:\instrumentation_fabric_with_node_gen:fabric_gen_new_way:with_jtag_input_gen:instrumentation_fabric|alt_sld_fab:instrumentation_fabric|alt_sld_fab_alt_sld_fab:alt_sld_fab|alt_sld_fab_alt_sld_fab_sldfabric:sldfabric                                                                        ; alt_sld_fab_alt_sld_fab_sldfabric ; alt_sld_fab  ;
;                   |sld_jtag_hub:\jtag_hub_gen:real_sld_jtag_hub|                                                                        ; 145 (103)   ; 86 (58)                   ; 0 (0)         ; 0           ; 0    ; 0          ; 0            ; 0       ; 0         ; 0    ; 0            ; 57 (43)      ; 21 (20)           ; 67 (42)          ; 0          ; |C_2024_2M|sld_hub:auto_hub|alt_sld_fab_with_jtag_input:\instrumentation_fabric_with_node_gen:fabric_gen_new_way:with_jtag_input_gen:instrumentation_fabric|alt_sld_fab:instrumentation_fabric|alt_sld_fab_alt_sld_fab:alt_sld_fab|alt_sld_fab_alt_sld_fab_sldfabric:sldfabric|sld_jtag_hub:\jtag_hub_gen:real_sld_jtag_hub                           ; sld_jtag_hub                      ; work         ;
;                      |sld_rom_sr:hub_info_reg|                                                                                          ; 21 (21)     ; 9 (9)                     ; 0 (0)         ; 0           ; 0    ; 0          ; 0            ; 0       ; 0         ; 0    ; 0            ; 12 (12)      ; 0 (0)             ; 9 (9)            ; 0          ; |C_2024_2M|sld_hub:auto_hub|alt_sld_fab_with_jtag_input:\instrumentation_fabric_with_node_gen:fabric_gen_new_way:with_jtag_input_gen:instrumentation_fabric|alt_sld_fab:instrumentation_fabric|alt_sld_fab_alt_sld_fab:alt_sld_fab|alt_sld_fab_alt_sld_fab_sldfabric:sldfabric|sld_jtag_hub:\jtag_hub_gen:real_sld_jtag_hub|sld_rom_sr:hub_info_reg   ; sld_rom_sr                        ; work         ;
;                      |sld_shadow_jsm:shadow_jsm|                                                                                        ; 21 (21)     ; 19 (19)                   ; 0 (0)         ; 0           ; 0    ; 0          ; 0            ; 0       ; 0         ; 0    ; 0            ; 2 (2)        ; 1 (1)             ; 18 (18)          ; 0          ; |C_2024_2M|sld_hub:auto_hub|alt_sld_fab_with_jtag_input:\instrumentation_fabric_with_node_gen:fabric_gen_new_way:with_jtag_input_gen:instrumentation_fabric|alt_sld_fab:instrumentation_fabric|alt_sld_fab_alt_sld_fab:alt_sld_fab|alt_sld_fab_alt_sld_fab_sldfabric:sldfabric|sld_jtag_hub:\jtag_hub_gen:real_sld_jtag_hub|sld_shadow_jsm:shadow_jsm ; sld_shadow_jsm                    ; altera_sld   ;
;    |sld_signaltap:auto_signaltap_0|                                                                                                     ; 1168 (121)  ; 1046 (119)                ; 0 (0)         ; 88064       ; 10   ; 0          ; 0            ; 0       ; 0         ; 0    ; 0            ; 122 (2)      ; 665 (119)         ; 381 (0)          ; 0          ; |C_2024_2M|sld_signaltap:auto_signaltap_0                                                                                                                                                                                                                                                                                                             ; sld_signaltap                     ; work         ;
;       |sld_signaltap_impl:sld_signaltap_body|                                                                                           ; 1047 (0)    ; 927 (0)                   ; 0 (0)         ; 88064       ; 10   ; 0          ; 0            ; 0       ; 0         ; 0    ; 0            ; 120 (0)      ; 546 (0)           ; 381 (0)          ; 0          ; |C_2024_2M|sld_signaltap:auto_signaltap_0|sld_signaltap_impl:sld_signaltap_body                                                                                                                                                                                                                                                                       ; sld_signaltap_impl                ; work         ;
;          |sld_signaltap_implb:sld_signaltap_body|                                                                                       ; 1047 (456)  ; 927 (424)                 ; 0 (0)         ; 88064       ; 10   ; 0          ; 0            ; 0       ; 0         ; 0    ; 0            ; 120 (33)     ; 546 (367)         ; 381 (56)         ; 0          ; |C_2024_2M|sld_signaltap:auto_signaltap_0|sld_signaltap_impl:sld_signaltap_body|sld_signaltap_implb:sld_signaltap_body                                                                                                                                                                                                                                ; sld_signaltap_implb               ; work         ;
;             |altdpram:\stp_non_zero_ram_gen:attribute_mem_gen:attribute_mem|                                                            ; 66 (64)     ; 64 (64)                   ; 0 (0)         ; 0           ; 0    ; 0          ; 0            ; 0       ; 0         ; 0    ; 0            ; 2 (0)        ; 43 (43)           ; 21 (0)           ; 0          ; |C_2024_2M|sld_signaltap:auto_signaltap_0|sld_signaltap_impl:sld_signaltap_body|sld_signaltap_implb:sld_signaltap_body|altdpram:\stp_non_zero_ram_gen:attribute_mem_gen:attribute_mem                                                                                                                                                                 ; altdpram                          ; work         ;
;                |lpm_decode:wdecoder|                                                                                                    ; 2 (0)       ; 0 (0)                     ; 0 (0)         ; 0           ; 0    ; 0          ; 0            ; 0       ; 0         ; 0    ; 0            ; 2 (0)        ; 0 (0)             ; 0 (0)            ; 0          ; |C_2024_2M|sld_signaltap:auto_signaltap_0|sld_signaltap_impl:sld_signaltap_body|sld_signaltap_implb:sld_signaltap_body|altdpram:\stp_non_zero_ram_gen:attribute_mem_gen:attribute_mem|lpm_decode:wdecoder                                                                                                                                             ; lpm_decode                        ; work         ;
;                   |decode_3af:auto_generated|                                                                                           ; 2 (2)       ; 0 (0)                     ; 0 (0)         ; 0           ; 0    ; 0          ; 0            ; 0       ; 0         ; 0    ; 0            ; 2 (2)        ; 0 (0)             ; 0 (0)            ; 0          ; |C_2024_2M|sld_signaltap:auto_signaltap_0|sld_signaltap_impl:sld_signaltap_body|sld_signaltap_implb:sld_signaltap_body|altdpram:\stp_non_zero_ram_gen:attribute_mem_gen:attribute_mem|lpm_decode:wdecoder|decode_3af:auto_generated                                                                                                                   ; decode_3af                        ; work         ;
;                |lpm_mux:mux|                                                                                                            ; 21 (0)      ; 0 (0)                     ; 0 (0)         ; 0           ; 0    ; 0          ; 0            ; 0       ; 0         ; 0    ; 0            ; 0 (0)        ; 0 (0)             ; 21 (0)           ; 0          ; |C_2024_2M|sld_signaltap:auto_signaltap_0|sld_signaltap_impl:sld_signaltap_body|sld_signaltap_implb:sld_signaltap_body|altdpram:\stp_non_zero_ram_gen:attribute_mem_gen:attribute_mem|lpm_mux:mux                                                                                                                                                     ; lpm_mux                           ; work         ;
;                   |mux_f7c:auto_generated|                                                                                              ; 21 (21)     ; 0 (0)                     ; 0 (0)         ; 0           ; 0    ; 0          ; 0            ; 0       ; 0         ; 0    ; 0            ; 0 (0)        ; 0 (0)             ; 21 (21)          ; 0          ; |C_2024_2M|sld_signaltap:auto_signaltap_0|sld_signaltap_impl:sld_signaltap_body|sld_signaltap_implb:sld_signaltap_body|altdpram:\stp_non_zero_ram_gen:attribute_mem_gen:attribute_mem|lpm_mux:mux|mux_f7c:auto_generated                                                                                                                              ; mux_f7c                           ; work         ;
;             |altsyncram:\stp_non_zero_ram_gen:stp_buffer_ram|                                                                           ; 0 (0)       ; 0 (0)                     ; 0 (0)         ; 88064       ; 10   ; 0          ; 0            ; 0       ; 0         ; 0    ; 0            ; 0 (0)        ; 0 (0)             ; 0 (0)            ; 0          ; |C_2024_2M|sld_signaltap:auto_signaltap_0|sld_signaltap_impl:sld_signaltap_body|sld_signaltap_implb:sld_signaltap_body|altsyncram:\stp_non_zero_ram_gen:stp_buffer_ram                                                                                                                                                                                ; altsyncram                        ; work         ;
;                |altsyncram_kl14:auto_generated|                                                                                         ; 0 (0)       ; 0 (0)                     ; 0 (0)         ; 88064       ; 10   ; 0          ; 0            ; 0       ; 0         ; 0    ; 0            ; 0 (0)        ; 0 (0)             ; 0 (0)            ; 0          ; |C_2024_2M|sld_signaltap:auto_signaltap_0|sld_signaltap_impl:sld_signaltap_body|sld_signaltap_implb:sld_signaltap_body|altsyncram:\stp_non_zero_ram_gen:stp_buffer_ram|altsyncram_kl14:auto_generated                                                                                                                                                 ; altsyncram_kl14                   ; work         ;
;             |lpm_shiftreg:segment_offset_config_deserialize|                                                                            ; 10 (10)     ; 10 (10)                   ; 0 (0)         ; 0           ; 0    ; 0          ; 0            ; 0       ; 0         ; 0    ; 0            ; 0 (0)        ; 10 (10)           ; 0 (0)            ; 0          ; |C_2024_2M|sld_signaltap:auto_signaltap_0|sld_signaltap_impl:sld_signaltap_body|sld_signaltap_implb:sld_signaltap_body|lpm_shiftreg:segment_offset_config_deserialize                                                                                                                                                                                 ; lpm_shiftreg                      ; work         ;
;             |lpm_shiftreg:status_register|                                                                                              ; 17 (17)     ; 17 (17)                   ; 0 (0)         ; 0           ; 0    ; 0          ; 0            ; 0       ; 0         ; 0    ; 0            ; 0 (0)        ; 0 (0)             ; 17 (17)          ; 0          ; |C_2024_2M|sld_signaltap:auto_signaltap_0|sld_signaltap_impl:sld_signaltap_body|sld_signaltap_implb:sld_signaltap_body|lpm_shiftreg:status_register                                                                                                                                                                                                   ; lpm_shiftreg                      ; work         ;
;             |serial_crc_16:\tdo_crc_gen:tdo_crc_calc|                                                                                   ; 14 (14)     ; 13 (13)                   ; 0 (0)         ; 0           ; 0    ; 0          ; 0            ; 0       ; 0         ; 0    ; 0            ; 1 (1)        ; 0 (0)             ; 13 (13)          ; 0          ; |C_2024_2M|sld_signaltap:auto_signaltap_0|sld_signaltap_impl:sld_signaltap_body|sld_signaltap_implb:sld_signaltap_body|serial_crc_16:\tdo_crc_gen:tdo_crc_calc                                                                                                                                                                                        ; serial_crc_16                     ; work         ;
;             |sld_buffer_manager:sld_buffer_manager_inst|                                                                                ; 92 (92)     ; 59 (59)                   ; 0 (0)         ; 0           ; 0    ; 0          ; 0            ; 0       ; 0         ; 0    ; 0            ; 33 (33)      ; 10 (10)           ; 49 (49)          ; 0          ; |C_2024_2M|sld_signaltap:auto_signaltap_0|sld_signaltap_impl:sld_signaltap_body|sld_signaltap_implb:sld_signaltap_body|sld_buffer_manager:sld_buffer_manager_inst                                                                                                                                                                                     ; sld_buffer_manager                ; work         ;
;             |sld_ela_control:ela_control|                                                                                               ; 192 (1)     ; 181 (1)                   ; 0 (0)         ; 0           ; 0    ; 0          ; 0            ; 0       ; 0         ; 0    ; 0            ; 11 (0)       ; 113 (0)           ; 68 (1)           ; 0          ; |C_2024_2M|sld_signaltap:auto_signaltap_0|sld_signaltap_impl:sld_signaltap_body|sld_signaltap_implb:sld_signaltap_body|sld_ela_control:ela_control                                                                                                                                                                                                    ; sld_ela_control                   ; work         ;
;                |lpm_shiftreg:trigger_config_deserialize|                                                                                ; 4 (4)       ; 4 (4)                     ; 0 (0)         ; 0           ; 0    ; 0          ; 0            ; 0       ; 0         ; 0    ; 0            ; 0 (0)        ; 4 (4)             ; 0 (0)            ; 0          ; |C_2024_2M|sld_signaltap:auto_signaltap_0|sld_signaltap_impl:sld_signaltap_body|sld_signaltap_implb:sld_signaltap_body|sld_ela_control:ela_control|lpm_shiftreg:trigger_config_deserialize                                                                                                                                                            ; lpm_shiftreg                      ; work         ;
;                |sld_ela_basic_multi_level_trigger:\basic_multi_level_mbpm_trigger_gen:multi_level_mbpm|                                 ; 165 (0)     ; 165 (0)                   ; 0 (0)         ; 0           ; 0    ; 0          ; 0            ; 0       ; 0         ; 0    ; 0            ; 0 (0)        ; 99 (0)            ; 66 (0)           ; 0          ; |C_2024_2M|sld_signaltap:auto_signaltap_0|sld_signaltap_impl:sld_signaltap_body|sld_signaltap_implb:sld_signaltap_body|sld_ela_control:ela_control|sld_ela_basic_multi_level_trigger:\basic_multi_level_mbpm_trigger_gen:multi_level_mbpm                                                                                                             ; sld_ela_basic_multi_level_trigger ; work         ;
;                   |lpm_shiftreg:trigger_condition_deserialize|                                                                          ; 99 (99)     ; 99 (99)                   ; 0 (0)         ; 0           ; 0    ; 0          ; 0            ; 0       ; 0         ; 0    ; 0            ; 0 (0)        ; 97 (97)           ; 2 (2)            ; 0          ; |C_2024_2M|sld_signaltap:auto_signaltap_0|sld_signaltap_impl:sld_signaltap_body|sld_signaltap_implb:sld_signaltap_body|sld_ela_control:ela_control|sld_ela_basic_multi_level_trigger:\basic_multi_level_mbpm_trigger_gen:multi_level_mbpm|lpm_shiftreg:trigger_condition_deserialize                                                                  ; lpm_shiftreg                      ; work         ;
;                   |sld_mbpmg:\trigger_modules_gen:0:trigger_match|                                                                      ; 68 (0)      ; 66 (0)                    ; 0 (0)         ; 0           ; 0    ; 0          ; 0            ; 0       ; 0         ; 0    ; 0            ; 0 (0)        ; 2 (0)             ; 66 (0)           ; 0          ; |C_2024_2M|sld_signaltap:auto_signaltap_0|sld_signaltap_impl:sld_signaltap_body|sld_signaltap_implb:sld_signaltap_body|sld_ela_control:ela_control|sld_ela_basic_multi_level_trigger:\basic_multi_level_mbpm_trigger_gen:multi_level_mbpm|sld_mbpmg:\trigger_modules_gen:0:trigger_match                                                              ; sld_mbpmg                         ; work         ;
;                      |sld_sbpmg:\gen_sbpmg_pipeline_less_than_two:sm0:0:sm1|                                                            ; 2 (2)       ; 2 (2)                     ; 0 (0)         ; 0           ; 0    ; 0          ; 0            ; 0       ; 0         ; 0    ; 0            ; 0 (0)        ; 0 (0)             ; 2 (2)            ; 0          ; |C_2024_2M|sld_signaltap:auto_signaltap_0|sld_signaltap_impl:sld_signaltap_body|sld_signaltap_implb:sld_signaltap_body|sld_ela_control:ela_control|sld_ela_basic_multi_level_trigger:\basic_multi_level_mbpm_trigger_gen:multi_level_mbpm|sld_mbpmg:\trigger_modules_gen:0:trigger_match|sld_sbpmg:\gen_sbpmg_pipeline_less_than_two:sm0:0:sm1        ; sld_sbpmg                         ; work         ;
;                      |sld_sbpmg:\gen_sbpmg_pipeline_less_than_two:sm0:10:sm1|                                                           ; 2 (2)       ; 2 (2)                     ; 0 (0)         ; 0           ; 0    ; 0          ; 0            ; 0       ; 0         ; 0    ; 0            ; 0 (0)        ; 0 (0)             ; 2 (2)            ; 0          ; |C_2024_2M|sld_signaltap:auto_signaltap_0|sld_signaltap_impl:sld_signaltap_body|sld_signaltap_implb:sld_signaltap_body|sld_ela_control:ela_control|sld_ela_basic_multi_level_trigger:\basic_multi_level_mbpm_trigger_gen:multi_level_mbpm|sld_mbpmg:\trigger_modules_gen:0:trigger_match|sld_sbpmg:\gen_sbpmg_pipeline_less_than_two:sm0:10:sm1       ; sld_sbpmg                         ; work         ;
;                      |sld_sbpmg:\gen_sbpmg_pipeline_less_than_two:sm0:11:sm1|                                                           ; 2 (2)       ; 2 (2)                     ; 0 (0)         ; 0           ; 0    ; 0          ; 0            ; 0       ; 0         ; 0    ; 0            ; 0 (0)        ; 0 (0)             ; 2 (2)            ; 0          ; |C_2024_2M|sld_signaltap:auto_signaltap_0|sld_signaltap_impl:sld_signaltap_body|sld_signaltap_implb:sld_signaltap_body|sld_ela_control:ela_control|sld_ela_basic_multi_level_trigger:\basic_multi_level_mbpm_trigger_gen:multi_level_mbpm|sld_mbpmg:\trigger_modules_gen:0:trigger_match|sld_sbpmg:\gen_sbpmg_pipeline_less_than_two:sm0:11:sm1       ; sld_sbpmg                         ; work         ;
;                      |sld_sbpmg:\gen_sbpmg_pipeline_less_than_two:sm0:12:sm1|                                                           ; 2 (2)       ; 2 (2)                     ; 0 (0)         ; 0           ; 0    ; 0          ; 0            ; 0       ; 0         ; 0    ; 0            ; 0 (0)        ; 0 (0)             ; 2 (2)            ; 0          ; |C_2024_2M|sld_signaltap:auto_signaltap_0|sld_signaltap_impl:sld_signaltap_body|sld_signaltap_implb:sld_signaltap_body|sld_ela_control:ela_control|sld_ela_basic_multi_level_trigger:\basic_multi_level_mbpm_trigger_gen:multi_level_mbpm|sld_mbpmg:\trigger_modules_gen:0:trigger_match|sld_sbpmg:\gen_sbpmg_pipeline_less_than_two:sm0:12:sm1       ; sld_sbpmg                         ; work         ;
;                      |sld_sbpmg:\gen_sbpmg_pipeline_less_than_two:sm0:13:sm1|                                                           ; 2 (2)       ; 2 (2)                     ; 0 (0)         ; 0           ; 0    ; 0          ; 0            ; 0       ; 0         ; 0    ; 0            ; 0 (0)        ; 0 (0)             ; 2 (2)            ; 0          ; |C_2024_2M|sld_signaltap:auto_signaltap_0|sld_signaltap_impl:sld_signaltap_body|sld_signaltap_implb:sld_signaltap_body|sld_ela_control:ela_control|sld_ela_basic_multi_level_trigger:\basic_multi_level_mbpm_trigger_gen:multi_level_mbpm|sld_mbpmg:\trigger_modules_gen:0:trigger_match|sld_sbpmg:\gen_sbpmg_pipeline_less_than_two:sm0:13:sm1       ; sld_sbpmg                         ; work         ;
;                      |sld_sbpmg:\gen_sbpmg_pipeline_less_than_two:sm0:14:sm1|                                                           ; 2 (2)       ; 2 (2)                     ; 0 (0)         ; 0           ; 0    ; 0          ; 0            ; 0       ; 0         ; 0    ; 0            ; 0 (0)        ; 0 (0)             ; 2 (2)            ; 0          ; |C_2024_2M|sld_signaltap:auto_signaltap_0|sld_signaltap_impl:sld_signaltap_body|sld_signaltap_implb:sld_signaltap_body|sld_ela_control:ela_control|sld_ela_basic_multi_level_trigger:\basic_multi_level_mbpm_trigger_gen:multi_level_mbpm|sld_mbpmg:\trigger_modules_gen:0:trigger_match|sld_sbpmg:\gen_sbpmg_pipeline_less_than_two:sm0:14:sm1       ; sld_sbpmg                         ; work         ;
;                      |sld_sbpmg:\gen_sbpmg_pipeline_less_than_two:sm0:15:sm1|                                                           ; 2 (2)       ; 2 (2)                     ; 0 (0)         ; 0           ; 0    ; 0          ; 0            ; 0       ; 0         ; 0    ; 0            ; 0 (0)        ; 0 (0)             ; 2 (2)            ; 0          ; |C_2024_2M|sld_signaltap:auto_signaltap_0|sld_signaltap_impl:sld_signaltap_body|sld_signaltap_implb:sld_signaltap_body|sld_ela_control:ela_control|sld_ela_basic_multi_level_trigger:\basic_multi_level_mbpm_trigger_gen:multi_level_mbpm|sld_mbpmg:\trigger_modules_gen:0:trigger_match|sld_sbpmg:\gen_sbpmg_pipeline_less_than_two:sm0:15:sm1       ; sld_sbpmg                         ; work         ;
;                      |sld_sbpmg:\gen_sbpmg_pipeline_less_than_two:sm0:16:sm1|                                                           ; 2 (2)       ; 2 (2)                     ; 0 (0)         ; 0           ; 0    ; 0          ; 0            ; 0       ; 0         ; 0    ; 0            ; 0 (0)        ; 0 (0)             ; 2 (2)            ; 0          ; |C_2024_2M|sld_signaltap:auto_signaltap_0|sld_signaltap_impl:sld_signaltap_body|sld_signaltap_implb:sld_signaltap_body|sld_ela_control:ela_control|sld_ela_basic_multi_level_trigger:\basic_multi_level_mbpm_trigger_gen:multi_level_mbpm|sld_mbpmg:\trigger_modules_gen:0:trigger_match|sld_sbpmg:\gen_sbpmg_pipeline_less_than_two:sm0:16:sm1       ; sld_sbpmg                         ; work         ;
;                      |sld_sbpmg:\gen_sbpmg_pipeline_less_than_two:sm0:17:sm1|                                                           ; 2 (2)       ; 2 (2)                     ; 0 (0)         ; 0           ; 0    ; 0          ; 0            ; 0       ; 0         ; 0    ; 0            ; 0 (0)        ; 0 (0)             ; 2 (2)            ; 0          ; |C_2024_2M|sld_signaltap:auto_signaltap_0|sld_signaltap_impl:sld_signaltap_body|sld_signaltap_implb:sld_signaltap_body|sld_ela_control:ela_control|sld_ela_basic_multi_level_trigger:\basic_multi_level_mbpm_trigger_gen:multi_level_mbpm|sld_mbpmg:\trigger_modules_gen:0:trigger_match|sld_sbpmg:\gen_sbpmg_pipeline_less_than_two:sm0:17:sm1       ; sld_sbpmg                         ; work         ;
;                      |sld_sbpmg:\gen_sbpmg_pipeline_less_than_two:sm0:18:sm1|                                                           ; 2 (2)       ; 2 (2)                     ; 0 (0)         ; 0           ; 0    ; 0          ; 0            ; 0       ; 0         ; 0    ; 0            ; 0 (0)        ; 0 (0)             ; 2 (2)            ; 0          ; |C_2024_2M|sld_signaltap:auto_signaltap_0|sld_signaltap_impl:sld_signaltap_body|sld_signaltap_implb:sld_signaltap_body|sld_ela_control:ela_control|sld_ela_basic_multi_level_trigger:\basic_multi_level_mbpm_trigger_gen:multi_level_mbpm|sld_mbpmg:\trigger_modules_gen:0:trigger_match|sld_sbpmg:\gen_sbpmg_pipeline_less_than_two:sm0:18:sm1       ; sld_sbpmg                         ; work         ;
;                      |sld_sbpmg:\gen_sbpmg_pipeline_less_than_two:sm0:19:sm1|                                                           ; 2 (2)       ; 2 (2)                     ; 0 (0)         ; 0           ; 0    ; 0          ; 0            ; 0       ; 0         ; 0    ; 0            ; 0 (0)        ; 0 (0)             ; 2 (2)            ; 0          ; |C_2024_2M|sld_signaltap:auto_signaltap_0|sld_signaltap_impl:sld_signaltap_body|sld_signaltap_implb:sld_signaltap_body|sld_ela_control:ela_control|sld_ela_basic_multi_level_trigger:\basic_multi_level_mbpm_trigger_gen:multi_level_mbpm|sld_mbpmg:\trigger_modules_gen:0:trigger_match|sld_sbpmg:\gen_sbpmg_pipeline_less_than_two:sm0:19:sm1       ; sld_sbpmg                         ; work         ;
;                      |sld_sbpmg:\gen_sbpmg_pipeline_less_than_two:sm0:1:sm1|                                                            ; 2 (2)       ; 2 (2)                     ; 0 (0)         ; 0           ; 0    ; 0          ; 0            ; 0       ; 0         ; 0    ; 0            ; 0 (0)        ; 0 (0)             ; 2 (2)            ; 0          ; |C_2024_2M|sld_signaltap:auto_signaltap_0|sld_signaltap_impl:sld_signaltap_body|sld_signaltap_implb:sld_signaltap_body|sld_ela_control:ela_control|sld_ela_basic_multi_level_trigger:\basic_multi_level_mbpm_trigger_gen:multi_level_mbpm|sld_mbpmg:\trigger_modules_gen:0:trigger_match|sld_sbpmg:\gen_sbpmg_pipeline_less_than_two:sm0:1:sm1        ; sld_sbpmg                         ; work         ;
;                      |sld_sbpmg:\gen_sbpmg_pipeline_less_than_two:sm0:20:sm1|                                                           ; 2 (2)       ; 2 (2)                     ; 0 (0)         ; 0           ; 0    ; 0          ; 0            ; 0       ; 0         ; 0    ; 0            ; 0 (0)        ; 0 (0)             ; 2 (2)            ; 0          ; |C_2024_2M|sld_signaltap:auto_signaltap_0|sld_signaltap_impl:sld_signaltap_body|sld_signaltap_implb:sld_signaltap_body|sld_ela_control:ela_control|sld_ela_basic_multi_level_trigger:\basic_multi_level_mbpm_trigger_gen:multi_level_mbpm|sld_mbpmg:\trigger_modules_gen:0:trigger_match|sld_sbpmg:\gen_sbpmg_pipeline_less_than_two:sm0:20:sm1       ; sld_sbpmg                         ; work         ;
;                      |sld_sbpmg:\gen_sbpmg_pipeline_less_than_two:sm0:21:sm1|                                                           ; 2 (2)       ; 2 (2)                     ; 0 (0)         ; 0           ; 0    ; 0          ; 0            ; 0       ; 0         ; 0    ; 0            ; 0 (0)        ; 0 (0)             ; 2 (2)            ; 0          ; |C_2024_2M|sld_signaltap:auto_signaltap_0|sld_signaltap_impl:sld_signaltap_body|sld_signaltap_implb:sld_signaltap_body|sld_ela_control:ela_control|sld_ela_basic_multi_level_trigger:\basic_multi_level_mbpm_trigger_gen:multi_level_mbpm|sld_mbpmg:\trigger_modules_gen:0:trigger_match|sld_sbpmg:\gen_sbpmg_pipeline_less_than_two:sm0:21:sm1       ; sld_sbpmg                         ; work         ;
;                      |sld_sbpmg:\gen_sbpmg_pipeline_less_than_two:sm0:22:sm1|                                                           ; 2 (2)       ; 2 (2)                     ; 0 (0)         ; 0           ; 0    ; 0          ; 0            ; 0       ; 0         ; 0    ; 0            ; 0 (0)        ; 0 (0)             ; 2 (2)            ; 0          ; |C_2024_2M|sld_signaltap:auto_signaltap_0|sld_signaltap_impl:sld_signaltap_body|sld_signaltap_implb:sld_signaltap_body|sld_ela_control:ela_control|sld_ela_basic_multi_level_trigger:\basic_multi_level_mbpm_trigger_gen:multi_level_mbpm|sld_mbpmg:\trigger_modules_gen:0:trigger_match|sld_sbpmg:\gen_sbpmg_pipeline_less_than_two:sm0:22:sm1       ; sld_sbpmg                         ; work         ;
;                      |sld_sbpmg:\gen_sbpmg_pipeline_less_than_two:sm0:23:sm1|                                                           ; 2 (2)       ; 2 (2)                     ; 0 (0)         ; 0           ; 0    ; 0          ; 0            ; 0       ; 0         ; 0    ; 0            ; 0 (0)        ; 0 (0)             ; 2 (2)            ; 0          ; |C_2024_2M|sld_signaltap:auto_signaltap_0|sld_signaltap_impl:sld_signaltap_body|sld_signaltap_implb:sld_signaltap_body|sld_ela_control:ela_control|sld_ela_basic_multi_level_trigger:\basic_multi_level_mbpm_trigger_gen:multi_level_mbpm|sld_mbpmg:\trigger_modules_gen:0:trigger_match|sld_sbpmg:\gen_sbpmg_pipeline_less_than_two:sm0:23:sm1       ; sld_sbpmg                         ; work         ;
;                      |sld_sbpmg:\gen_sbpmg_pipeline_less_than_two:sm0:24:sm1|                                                           ; 2 (2)       ; 2 (2)                     ; 0 (0)         ; 0           ; 0    ; 0          ; 0            ; 0       ; 0         ; 0    ; 0            ; 0 (0)        ; 0 (0)             ; 2 (2)            ; 0          ; |C_2024_2M|sld_signaltap:auto_signaltap_0|sld_signaltap_impl:sld_signaltap_body|sld_signaltap_implb:sld_signaltap_body|sld_ela_control:ela_control|sld_ela_basic_multi_level_trigger:\basic_multi_level_mbpm_trigger_gen:multi_level_mbpm|sld_mbpmg:\trigger_modules_gen:0:trigger_match|sld_sbpmg:\gen_sbpmg_pipeline_less_than_two:sm0:24:sm1       ; sld_sbpmg                         ; work         ;
;                      |sld_sbpmg:\gen_sbpmg_pipeline_less_than_two:sm0:25:sm1|                                                           ; 2 (2)       ; 2 (2)                     ; 0 (0)         ; 0           ; 0    ; 0          ; 0            ; 0       ; 0         ; 0    ; 0            ; 0 (0)        ; 0 (0)             ; 2 (2)            ; 0          ; |C_2024_2M|sld_signaltap:auto_signaltap_0|sld_signaltap_impl:sld_signaltap_body|sld_signaltap_implb:sld_signaltap_body|sld_ela_control:ela_control|sld_ela_basic_multi_level_trigger:\basic_multi_level_mbpm_trigger_gen:multi_level_mbpm|sld_mbpmg:\trigger_modules_gen:0:trigger_match|sld_sbpmg:\gen_sbpmg_pipeline_less_than_two:sm0:25:sm1       ; sld_sbpmg                         ; work         ;
;                      |sld_sbpmg:\gen_sbpmg_pipeline_less_than_two:sm0:26:sm1|                                                           ; 2 (2)       ; 2 (2)                     ; 0 (0)         ; 0           ; 0    ; 0          ; 0            ; 0       ; 0         ; 0    ; 0            ; 0 (0)        ; 0 (0)             ; 2 (2)            ; 0          ; |C_2024_2M|sld_signaltap:auto_signaltap_0|sld_signaltap_impl:sld_signaltap_body|sld_signaltap_implb:sld_signaltap_body|sld_ela_control:ela_control|sld_ela_basic_multi_level_trigger:\basic_multi_level_mbpm_trigger_gen:multi_level_mbpm|sld_mbpmg:\trigger_modules_gen:0:trigger_match|sld_sbpmg:\gen_sbpmg_pipeline_less_than_two:sm0:26:sm1       ; sld_sbpmg                         ; work         ;
;                      |sld_sbpmg:\gen_sbpmg_pipeline_less_than_two:sm0:27:sm1|                                                           ; 2 (2)       ; 2 (2)                     ; 0 (0)         ; 0           ; 0    ; 0          ; 0            ; 0       ; 0         ; 0    ; 0            ; 0 (0)        ; 0 (0)             ; 2 (2)            ; 0          ; |C_2024_2M|sld_signaltap:auto_signaltap_0|sld_signaltap_impl:sld_signaltap_body|sld_signaltap_implb:sld_signaltap_body|sld_ela_control:ela_control|sld_ela_basic_multi_level_trigger:\basic_multi_level_mbpm_trigger_gen:multi_level_mbpm|sld_mbpmg:\trigger_modules_gen:0:trigger_match|sld_sbpmg:\gen_sbpmg_pipeline_less_than_two:sm0:27:sm1       ; sld_sbpmg                         ; work         ;
;                      |sld_sbpmg:\gen_sbpmg_pipeline_less_than_two:sm0:28:sm1|                                                           ; 2 (2)       ; 2 (2)                     ; 0 (0)         ; 0           ; 0    ; 0          ; 0            ; 0       ; 0         ; 0    ; 0            ; 0 (0)        ; 0 (0)             ; 2 (2)            ; 0          ; |C_2024_2M|sld_signaltap:auto_signaltap_0|sld_signaltap_impl:sld_signaltap_body|sld_signaltap_implb:sld_signaltap_body|sld_ela_control:ela_control|sld_ela_basic_multi_level_trigger:\basic_multi_level_mbpm_trigger_gen:multi_level_mbpm|sld_mbpmg:\trigger_modules_gen:0:trigger_match|sld_sbpmg:\gen_sbpmg_pipeline_less_than_two:sm0:28:sm1       ; sld_sbpmg                         ; work         ;
;                      |sld_sbpmg:\gen_sbpmg_pipeline_less_than_two:sm0:29:sm1|                                                           ; 2 (2)       ; 2 (2)                     ; 0 (0)         ; 0           ; 0    ; 0          ; 0            ; 0       ; 0         ; 0    ; 0            ; 0 (0)        ; 0 (0)             ; 2 (2)            ; 0          ; |C_2024_2M|sld_signaltap:auto_signaltap_0|sld_signaltap_impl:sld_signaltap_body|sld_signaltap_implb:sld_signaltap_body|sld_ela_control:ela_control|sld_ela_basic_multi_level_trigger:\basic_multi_level_mbpm_trigger_gen:multi_level_mbpm|sld_mbpmg:\trigger_modules_gen:0:trigger_match|sld_sbpmg:\gen_sbpmg_pipeline_less_than_two:sm0:29:sm1       ; sld_sbpmg                         ; work         ;
;                      |sld_sbpmg:\gen_sbpmg_pipeline_less_than_two:sm0:2:sm1|                                                            ; 2 (2)       ; 2 (2)                     ; 0 (0)         ; 0           ; 0    ; 0          ; 0            ; 0       ; 0         ; 0    ; 0            ; 0 (0)        ; 0 (0)             ; 2 (2)            ; 0          ; |C_2024_2M|sld_signaltap:auto_signaltap_0|sld_signaltap_impl:sld_signaltap_body|sld_signaltap_implb:sld_signaltap_body|sld_ela_control:ela_control|sld_ela_basic_multi_level_trigger:\basic_multi_level_mbpm_trigger_gen:multi_level_mbpm|sld_mbpmg:\trigger_modules_gen:0:trigger_match|sld_sbpmg:\gen_sbpmg_pipeline_less_than_two:sm0:2:sm1        ; sld_sbpmg                         ; work         ;
;                      |sld_sbpmg:\gen_sbpmg_pipeline_less_than_two:sm0:30:sm1|                                                           ; 3 (3)       ; 2 (2)                     ; 0 (0)         ; 0           ; 0    ; 0          ; 0            ; 0       ; 0         ; 0    ; 0            ; 0 (0)        ; 1 (1)             ; 2 (2)            ; 0          ; |C_2024_2M|sld_signaltap:auto_signaltap_0|sld_signaltap_impl:sld_signaltap_body|sld_signaltap_implb:sld_signaltap_body|sld_ela_control:ela_control|sld_ela_basic_multi_level_trigger:\basic_multi_level_mbpm_trigger_gen:multi_level_mbpm|sld_mbpmg:\trigger_modules_gen:0:trigger_match|sld_sbpmg:\gen_sbpmg_pipeline_less_than_two:sm0:30:sm1       ; sld_sbpmg                         ; work         ;
;                      |sld_sbpmg:\gen_sbpmg_pipeline_less_than_two:sm0:31:sm1|                                                           ; 2 (2)       ; 2 (2)                     ; 0 (0)         ; 0           ; 0    ; 0          ; 0            ; 0       ; 0         ; 0    ; 0            ; 0 (0)        ; 0 (0)             ; 2 (2)            ; 0          ; |C_2024_2M|sld_signaltap:auto_signaltap_0|sld_signaltap_impl:sld_signaltap_body|sld_signaltap_implb:sld_signaltap_body|sld_ela_control:ela_control|sld_ela_basic_multi_level_trigger:\basic_multi_level_mbpm_trigger_gen:multi_level_mbpm|sld_mbpmg:\trigger_modules_gen:0:trigger_match|sld_sbpmg:\gen_sbpmg_pipeline_less_than_two:sm0:31:sm1       ; sld_sbpmg                         ; work         ;
;                      |sld_sbpmg:\gen_sbpmg_pipeline_less_than_two:sm0:32:sm1|                                                           ; 2 (2)       ; 2 (2)                     ; 0 (0)         ; 0           ; 0    ; 0          ; 0            ; 0       ; 0         ; 0    ; 0            ; 0 (0)        ; 0 (0)             ; 2 (2)            ; 0          ; |C_2024_2M|sld_signaltap:auto_signaltap_0|sld_signaltap_impl:sld_signaltap_body|sld_signaltap_implb:sld_signaltap_body|sld_ela_control:ela_control|sld_ela_basic_multi_level_trigger:\basic_multi_level_mbpm_trigger_gen:multi_level_mbpm|sld_mbpmg:\trigger_modules_gen:0:trigger_match|sld_sbpmg:\gen_sbpmg_pipeline_less_than_two:sm0:32:sm1       ; sld_sbpmg                         ; work         ;
;                      |sld_sbpmg:\gen_sbpmg_pipeline_less_than_two:sm0:3:sm1|                                                            ; 2 (2)       ; 2 (2)                     ; 0 (0)         ; 0           ; 0    ; 0          ; 0            ; 0       ; 0         ; 0    ; 0            ; 0 (0)        ; 0 (0)             ; 2 (2)            ; 0          ; |C_2024_2M|sld_signaltap:auto_signaltap_0|sld_signaltap_impl:sld_signaltap_body|sld_signaltap_implb:sld_signaltap_body|sld_ela_control:ela_control|sld_ela_basic_multi_level_trigger:\basic_multi_level_mbpm_trigger_gen:multi_level_mbpm|sld_mbpmg:\trigger_modules_gen:0:trigger_match|sld_sbpmg:\gen_sbpmg_pipeline_less_than_two:sm0:3:sm1        ; sld_sbpmg                         ; work         ;
;                      |sld_sbpmg:\gen_sbpmg_pipeline_less_than_two:sm0:4:sm1|                                                            ; 3 (3)       ; 2 (2)                     ; 0 (0)         ; 0           ; 0    ; 0          ; 0            ; 0       ; 0         ; 0    ; 0            ; 0 (0)        ; 1 (1)             ; 2 (2)            ; 0          ; |C_2024_2M|sld_signaltap:auto_signaltap_0|sld_signaltap_impl:sld_signaltap_body|sld_signaltap_implb:sld_signaltap_body|sld_ela_control:ela_control|sld_ela_basic_multi_level_trigger:\basic_multi_level_mbpm_trigger_gen:multi_level_mbpm|sld_mbpmg:\trigger_modules_gen:0:trigger_match|sld_sbpmg:\gen_sbpmg_pipeline_less_than_two:sm0:4:sm1        ; sld_sbpmg                         ; work         ;
;                      |sld_sbpmg:\gen_sbpmg_pipeline_less_than_two:sm0:5:sm1|                                                            ; 2 (2)       ; 2 (2)                     ; 0 (0)         ; 0           ; 0    ; 0          ; 0            ; 0       ; 0         ; 0    ; 0            ; 0 (0)        ; 0 (0)             ; 2 (2)            ; 0          ; |C_2024_2M|sld_signaltap:auto_signaltap_0|sld_signaltap_impl:sld_signaltap_body|sld_signaltap_implb:sld_signaltap_body|sld_ela_control:ela_control|sld_ela_basic_multi_level_trigger:\basic_multi_level_mbpm_trigger_gen:multi_level_mbpm|sld_mbpmg:\trigger_modules_gen:0:trigger_match|sld_sbpmg:\gen_sbpmg_pipeline_less_than_two:sm0:5:sm1        ; sld_sbpmg                         ; work         ;
;                      |sld_sbpmg:\gen_sbpmg_pipeline_less_than_two:sm0:6:sm1|                                                            ; 2 (2)       ; 2 (2)                     ; 0 (0)         ; 0           ; 0    ; 0          ; 0            ; 0       ; 0         ; 0    ; 0            ; 0 (0)        ; 0 (0)             ; 2 (2)            ; 0          ; |C_2024_2M|sld_signaltap:auto_signaltap_0|sld_signaltap_impl:sld_signaltap_body|sld_signaltap_implb:sld_signaltap_body|sld_ela_control:ela_control|sld_ela_basic_multi_level_trigger:\basic_multi_level_mbpm_trigger_gen:multi_level_mbpm|sld_mbpmg:\trigger_modules_gen:0:trigger_match|sld_sbpmg:\gen_sbpmg_pipeline_less_than_two:sm0:6:sm1        ; sld_sbpmg                         ; work         ;
;                      |sld_sbpmg:\gen_sbpmg_pipeline_less_than_two:sm0:7:sm1|                                                            ; 2 (2)       ; 2 (2)                     ; 0 (0)         ; 0           ; 0    ; 0          ; 0            ; 0       ; 0         ; 0    ; 0            ; 0 (0)        ; 0 (0)             ; 2 (2)            ; 0          ; |C_2024_2M|sld_signaltap:auto_signaltap_0|sld_signaltap_impl:sld_signaltap_body|sld_signaltap_implb:sld_signaltap_body|sld_ela_control:ela_control|sld_ela_basic_multi_level_trigger:\basic_multi_level_mbpm_trigger_gen:multi_level_mbpm|sld_mbpmg:\trigger_modules_gen:0:trigger_match|sld_sbpmg:\gen_sbpmg_pipeline_less_than_two:sm0:7:sm1        ; sld_sbpmg                         ; work         ;
;                      |sld_sbpmg:\gen_sbpmg_pipeline_less_than_two:sm0:8:sm1|                                                            ; 2 (2)       ; 2 (2)                     ; 0 (0)         ; 0           ; 0    ; 0          ; 0            ; 0       ; 0         ; 0    ; 0            ; 0 (0)        ; 0 (0)             ; 2 (2)            ; 0          ; |C_2024_2M|sld_signaltap:auto_signaltap_0|sld_signaltap_impl:sld_signaltap_body|sld_signaltap_implb:sld_signaltap_body|sld_ela_control:ela_control|sld_ela_basic_multi_level_trigger:\basic_multi_level_mbpm_trigger_gen:multi_level_mbpm|sld_mbpmg:\trigger_modules_gen:0:trigger_match|sld_sbpmg:\gen_sbpmg_pipeline_less_than_two:sm0:8:sm1        ; sld_sbpmg                         ; work         ;
;                      |sld_sbpmg:\gen_sbpmg_pipeline_less_than_two:sm0:9:sm1|                                                            ; 2 (2)       ; 2 (2)                     ; 0 (0)         ; 0           ; 0    ; 0          ; 0            ; 0       ; 0         ; 0    ; 0            ; 0 (0)        ; 0 (0)             ; 2 (2)            ; 0          ; |C_2024_2M|sld_signaltap:auto_signaltap_0|sld_signaltap_impl:sld_signaltap_body|sld_signaltap_implb:sld_signaltap_body|sld_ela_control:ela_control|sld_ela_basic_multi_level_trigger:\basic_multi_level_mbpm_trigger_gen:multi_level_mbpm|sld_mbpmg:\trigger_modules_gen:0:trigger_match|sld_sbpmg:\gen_sbpmg_pipeline_less_than_two:sm0:9:sm1        ; sld_sbpmg                         ; work         ;
;                |sld_ela_trigger_flow_mgr:\builtin:ela_trigger_flow_mgr_entity|                                                          ; 22 (12)     ; 11 (1)                    ; 0 (0)         ; 0           ; 0    ; 0          ; 0            ; 0       ; 0         ; 0    ; 0            ; 11 (11)      ; 10 (0)            ; 1 (1)            ; 0          ; |C_2024_2M|sld_signaltap:auto_signaltap_0|sld_signaltap_impl:sld_signaltap_body|sld_signaltap_implb:sld_signaltap_body|sld_ela_control:ela_control|sld_ela_trigger_flow_mgr:\builtin:ela_trigger_flow_mgr_entity                                                                                                                                      ; sld_ela_trigger_flow_mgr          ; work         ;
;                   |lpm_shiftreg:trigger_config_deserialize|                                                                             ; 10 (10)     ; 10 (10)                   ; 0 (0)         ; 0           ; 0    ; 0          ; 0            ; 0       ; 0         ; 0    ; 0            ; 0 (0)        ; 10 (10)           ; 0 (0)            ; 0          ; |C_2024_2M|sld_signaltap:auto_signaltap_0|sld_signaltap_impl:sld_signaltap_body|sld_signaltap_implb:sld_signaltap_body|sld_ela_control:ela_control|sld_ela_trigger_flow_mgr:\builtin:ela_trigger_flow_mgr_entity|lpm_shiftreg:trigger_config_deserialize                                                                                              ; lpm_shiftreg                      ; work         ;
;             |sld_offload_buffer_mgr:\stp_non_zero_depth_offload_gen:stp_offload_buff_mgr_inst|                                          ; 172 (10)    ; 151 (0)                   ; 0 (0)         ; 0           ; 0    ; 0          ; 0            ; 0       ; 0         ; 0    ; 0            ; 18 (10)      ; 3 (0)             ; 151 (0)          ; 0          ; |C_2024_2M|sld_signaltap:auto_signaltap_0|sld_signaltap_impl:sld_signaltap_body|sld_signaltap_implb:sld_signaltap_body|sld_offload_buffer_mgr:\stp_non_zero_depth_offload_gen:stp_offload_buff_mgr_inst                                                                                                                                               ; sld_offload_buffer_mgr            ; work         ;
;                |lpm_counter:\adv_point_3_and_more:advance_pointer_counter|                                                              ; 9 (0)       ; 7 (0)                     ; 0 (0)         ; 0           ; 0    ; 0          ; 0            ; 0       ; 0         ; 0    ; 0            ; 2 (0)        ; 0 (0)             ; 7 (0)            ; 0          ; |C_2024_2M|sld_signaltap:auto_signaltap_0|sld_signaltap_impl:sld_signaltap_body|sld_signaltap_implb:sld_signaltap_body|sld_offload_buffer_mgr:\stp_non_zero_depth_offload_gen:stp_offload_buff_mgr_inst|lpm_counter:\adv_point_3_and_more:advance_pointer_counter                                                                                     ; lpm_counter                       ; work         ;
;                   |cntr_frh:auto_generated|                                                                                             ; 9 (9)       ; 7 (7)                     ; 0 (0)         ; 0           ; 0    ; 0          ; 0            ; 0       ; 0         ; 0    ; 0            ; 2 (2)        ; 0 (0)             ; 7 (7)            ; 0          ; |C_2024_2M|sld_signaltap:auto_signaltap_0|sld_signaltap_impl:sld_signaltap_body|sld_signaltap_implb:sld_signaltap_body|sld_offload_buffer_mgr:\stp_non_zero_depth_offload_gen:stp_offload_buff_mgr_inst|lpm_counter:\adv_point_3_and_more:advance_pointer_counter|cntr_frh:auto_generated                                                             ; cntr_frh                          ; work         ;
;                |lpm_counter:read_pointer_counter|                                                                                       ; 10 (0)      ; 10 (0)                    ; 0 (0)         ; 0           ; 0    ; 0          ; 0            ; 0       ; 0         ; 0    ; 0            ; 0 (0)        ; 0 (0)             ; 10 (0)           ; 0          ; |C_2024_2M|sld_signaltap:auto_signaltap_0|sld_signaltap_impl:sld_signaltap_body|sld_signaltap_implb:sld_signaltap_body|sld_offload_buffer_mgr:\stp_non_zero_depth_offload_gen:stp_offload_buff_mgr_inst|lpm_counter:read_pointer_counter                                                                                                              ; lpm_counter                       ; work         ;
;                   |cntr_uji:auto_generated|                                                                                             ; 10 (10)     ; 10 (10)                   ; 0 (0)         ; 0           ; 0    ; 0          ; 0            ; 0       ; 0         ; 0    ; 0            ; 0 (0)        ; 0 (0)             ; 10 (10)          ; 0          ; |C_2024_2M|sld_signaltap:auto_signaltap_0|sld_signaltap_impl:sld_signaltap_body|sld_signaltap_implb:sld_signaltap_body|sld_offload_buffer_mgr:\stp_non_zero_depth_offload_gen:stp_offload_buff_mgr_inst|lpm_counter:read_pointer_counter|cntr_uji:auto_generated                                                                                      ; cntr_uji                          ; work         ;
;                |lpm_counter:status_advance_pointer_counter|                                                                             ; 7 (0)       ; 5 (0)                     ; 0 (0)         ; 0           ; 0    ; 0          ; 0            ; 0       ; 0         ; 0    ; 0            ; 2 (0)        ; 0 (0)             ; 5 (0)            ; 0          ; |C_2024_2M|sld_signaltap:auto_signaltap_0|sld_signaltap_impl:sld_signaltap_body|sld_signaltap_implb:sld_signaltap_body|sld_offload_buffer_mgr:\stp_non_zero_depth_offload_gen:stp_offload_buff_mgr_inst|lpm_counter:status_advance_pointer_counter                                                                                                    ; lpm_counter                       ; work         ;
;                   |cntr_2rh:auto_generated|                                                                                             ; 7 (7)       ; 5 (5)                     ; 0 (0)         ; 0           ; 0    ; 0          ; 0            ; 0       ; 0         ; 0    ; 0            ; 2 (2)        ; 0 (0)             ; 5 (5)            ; 0          ; |C_2024_2M|sld_signaltap:auto_signaltap_0|sld_signaltap_impl:sld_signaltap_body|sld_signaltap_implb:sld_signaltap_body|sld_offload_buffer_mgr:\stp_non_zero_depth_offload_gen:stp_offload_buff_mgr_inst|lpm_counter:status_advance_pointer_counter|cntr_2rh:auto_generated                                                                            ; cntr_2rh                          ; work         ;
;                |lpm_counter:status_read_pointer_counter|                                                                                ; 3 (0)       ; 1 (0)                     ; 0 (0)         ; 0           ; 0    ; 0          ; 0            ; 0       ; 0         ; 0    ; 0            ; 2 (0)        ; 0 (0)             ; 1 (0)            ; 0          ; |C_2024_2M|sld_signaltap:auto_signaltap_0|sld_signaltap_impl:sld_signaltap_body|sld_signaltap_implb:sld_signaltap_body|sld_offload_buffer_mgr:\stp_non_zero_depth_offload_gen:stp_offload_buff_mgr_inst|lpm_counter:status_read_pointer_counter                                                                                                       ; lpm_counter                       ; work         ;
;                   |cntr_odi:auto_generated|                                                                                             ; 3 (3)       ; 1 (1)                     ; 0 (0)         ; 0           ; 0    ; 0          ; 0            ; 0       ; 0         ; 0    ; 0            ; 2 (2)        ; 0 (0)             ; 1 (1)            ; 0          ; |C_2024_2M|sld_signaltap:auto_signaltap_0|sld_signaltap_impl:sld_signaltap_body|sld_signaltap_implb:sld_signaltap_body|sld_offload_buffer_mgr:\stp_non_zero_depth_offload_gen:stp_offload_buff_mgr_inst|lpm_counter:status_read_pointer_counter|cntr_odi:auto_generated                                                                               ; cntr_odi                          ; work         ;
;                |lpm_shiftreg:info_data_shift_out|                                                                                       ; 22 (22)     ; 21 (21)                   ; 0 (0)         ; 0           ; 0    ; 0          ; 0            ; 0       ; 0         ; 0    ; 0            ; 1 (1)        ; 0 (0)             ; 21 (21)          ; 0          ; |C_2024_2M|sld_signaltap:auto_signaltap_0|sld_signaltap_impl:sld_signaltap_body|sld_signaltap_implb:sld_signaltap_body|sld_offload_buffer_mgr:\stp_non_zero_depth_offload_gen:stp_offload_buff_mgr_inst|lpm_shiftreg:info_data_shift_out                                                                                                              ; lpm_shiftreg                      ; work         ;
;                |lpm_shiftreg:ram_data_shift_out|                                                                                        ; 89 (89)     ; 86 (86)                   ; 0 (0)         ; 0           ; 0    ; 0          ; 0            ; 0       ; 0         ; 0    ; 0            ; 0 (0)        ; 3 (3)             ; 86 (86)          ; 0          ; |C_2024_2M|sld_signaltap:auto_signaltap_0|sld_signaltap_impl:sld_signaltap_body|sld_signaltap_implb:sld_signaltap_body|sld_offload_buffer_mgr:\stp_non_zero_depth_offload_gen:stp_offload_buff_mgr_inst|lpm_shiftreg:ram_data_shift_out                                                                                                               ; lpm_shiftreg                      ; work         ;
;                |lpm_shiftreg:status_data_shift_out|                                                                                     ; 22 (22)     ; 21 (21)                   ; 0 (0)         ; 0           ; 0    ; 0          ; 0            ; 0       ; 0         ; 0    ; 0            ; 1 (1)        ; 0 (0)             ; 21 (21)          ; 0          ; |C_2024_2M|sld_signaltap:auto_signaltap_0|sld_signaltap_impl:sld_signaltap_body|sld_signaltap_implb:sld_signaltap_body|sld_offload_buffer_mgr:\stp_non_zero_depth_offload_gen:stp_offload_buff_mgr_inst|lpm_shiftreg:status_data_shift_out                                                                                                            ; lpm_shiftreg                      ; work         ;
;             |sld_rom_sr:crc_rom_sr|                                                                                                     ; 30 (30)     ; 8 (8)                     ; 0 (0)         ; 0           ; 0    ; 0          ; 0            ; 0       ; 0         ; 0    ; 0            ; 22 (22)      ; 0 (0)             ; 8 (8)            ; 0          ; |C_2024_2M|sld_signaltap:auto_signaltap_0|sld_signaltap_impl:sld_signaltap_body|sld_signaltap_implb:sld_signaltap_body|sld_rom_sr:crc_rom_sr                                                                                                                                                                                                          ; sld_rom_sr                        ; work         ;
+-----------------------------------------------------------------------------------------------------------------------------------------+-------------+---------------------------+---------------+-------------+------+------------+--------------+---------+-----------+------+--------------+--------------+-------------------+------------------+------------+-------------------------------------------------------------------------------------------------------------------------------------------------------------------------------------------------------------------------------------------------------------------------------------------------------------------------------------------------------+-----------------------------------+--------------+
Note: For table entries with two numbers listed, the numbers in parentheses indicate the number of resources of the given type used by the specific entity alone. The numbers listed outside of parentheses indicate the total resources of the given type used by the specific entity and all of its sub-entities in the hierarchy.


+-------------------------------------------------------------------------------------------------------+
; Delay Chain Summary                                                                                   ;
+-----------------------+----------+---------------+---------------+-----------------------+-----+------+
; Name                  ; Pin Type ; Pad to Core 0 ; Pad to Core 1 ; Pad to Input Register ; TCO ; TCOE ;
+-----------------------+----------+---------------+---------------+-----------------------+-----+------+
; spi_sdo               ; Output   ; --            ; --            ; --                    ; --  ; --   ;
; DAC_data_2M_direct[0] ; Output   ; --            ; --            ; --                    ; --  ; --   ;
; DAC_data_2M_direct[1] ; Output   ; --            ; --            ; --                    ; --  ; --   ;
; DAC_data_2M_direct[2] ; Output   ; --            ; --            ; --                    ; --  ; --   ;
; DAC_data_2M_direct[3] ; Output   ; --            ; --            ; --                    ; --  ; --   ;
; DAC_data_2M_direct[4] ; Output   ; --            ; --            ; --                    ; --  ; --   ;
; DAC_data_2M_direct[5] ; Output   ; --            ; --            ; --                    ; --  ; --   ;
; DAC_data_2M_direct[6] ; Output   ; --            ; --            ; --                    ; --  ; --   ;
; DAC_data_2M_direct[7] ; Output   ; --            ; --            ; --                    ; --  ; --   ;
; DAC_clk_2M_direct     ; Output   ; --            ; --            ; --                    ; --  ; --   ;
; DAC_data_2M_multi[0]  ; Output   ; --            ; --            ; --                    ; --  ; --   ;
; DAC_data_2M_multi[1]  ; Output   ; --            ; --            ; --                    ; --  ; --   ;
; DAC_data_2M_multi[2]  ; Output   ; --            ; --            ; --                    ; --  ; --   ;
; DAC_data_2M_multi[3]  ; Output   ; --            ; --            ; --                    ; --  ; --   ;
; DAC_data_2M_multi[4]  ; Output   ; --            ; --            ; --                    ; --  ; --   ;
; DAC_data_2M_multi[5]  ; Output   ; --            ; --            ; --                    ; --  ; --   ;
; DAC_data_2M_multi[6]  ; Output   ; --            ; --            ; --                    ; --  ; --   ;
; DAC_data_2M_multi[7]  ; Output   ; --            ; --            ; --                    ; --  ; --   ;
; DAC_clk_2M_multi      ; Output   ; --            ; --            ; --                    ; --  ; --   ;
; DAC_9708_GND          ; Output   ; --            ; --            ; --                    ; --  ; --   ;
; sys_rst_n             ; Input    ; --            ; (6) 873 ps    ; --                    ; --  ; --   ;
; sys_clk               ; Input    ; --            ; --            ; --                    ; --  ; --   ;
; spi_sdi               ; Input    ; --            ; (6) 868 ps    ; --                    ; --  ; --   ;
; spi_sel               ; Input    ; (6) 868 ps    ; --            ; --                    ; --  ; --   ;
; spi_scl               ; Input    ; (6) 868 ps    ; --            ; --                    ; --  ; --   ;
+-----------------------+----------+---------------+---------------+-----------------------+-----+------+


+----------------------------------------------------------------------------------------------------------------------------+
; Pad To Core Delay Chain Fanout                                                                                             ;
+----------------------------------------------------------------------------------------------+-------------------+---------+
; Source Pin / Fanout                                                                          ; Pad To Core Index ; Setting ;
+----------------------------------------------------------------------------------------------+-------------------+---------+
; sys_rst_n                                                                                    ;                   ;         ;
;      - pll_ip:pll_ip_inst|altpll:altpll_component|pll_ip_altpll:auto_generated|pll_lock_sync ; 1                 ; 6       ;
;      - rst_n~0                                                                               ; 1                 ; 6       ;
;      - pll_ip:pll_ip_inst|altpll:altpll_component|pll_ip_altpll:auto_generated|pll1          ; 1                 ; 6       ;
; sys_clk                                                                                      ;                   ;         ;
; spi_sdi                                                                                      ;                   ;         ;
;      - SPI_STM32F4:u_SPI_STM32F4|SPI:u_SPI_inst|Dout~0                                       ; 1                 ; 6       ;
;      - sld_signaltap:auto_signaltap_0|acq_data_in_reg[83]                                    ; 1                 ; 6       ;
; spi_sel                                                                                      ;                   ;         ;
;      - SPI_STM32F4:u_SPI_STM32F4|SPI:u_SPI_inst|r_spi_sel[0]~0                               ; 0                 ; 6       ;
;      - sld_signaltap:auto_signaltap_0|acq_data_in_reg[85]                                    ; 0                 ; 6       ;
;      - sld_signaltap:auto_signaltap_0|acq_trigger_in_reg[32]~feeder                          ; 0                 ; 6       ;
; spi_scl                                                                                      ;                   ;         ;
;      - SPI_STM32F4:u_SPI_STM32F4|SPI:u_SPI_inst|r_spi_scl[0]~feeder                          ; 0                 ; 6       ;
;      - sld_signaltap:auto_signaltap_0|acq_data_in_reg[82]~feeder                             ; 0                 ; 6       ;
+----------------------------------------------------------------------------------------------+-------------------+---------+


+--------------------------------------------------------------------------------------------------------------------------------------------------------------------------------------------------------------------------------------------------------------------------------------------------------------------------------------------------------------------------------------------------------------------------------------------------------------------------------------------------------+
; Control Signals                                                                                                                                                                                                                                                                                                                                                                                                                                                                                        ;
+-------------------------------------------------------------------------------------------------------------------------------------------------------------------------------------------------------------------------------------------------------------------------------------------------------------------------------------------------------------+--------------------+---------+----------------------------+--------+----------------------+------------------+---------------------------+
; Name                                                                                                                                                                                                                                                                                                                                                        ; Location           ; Fan-Out ; Usage                      ; Global ; Global Resource Used ; Global Line Name ; Enable Signal Source Name ;
+-------------------------------------------------------------------------------------------------------------------------------------------------------------------------------------------------------------------------------------------------------------------------------------------------------------------------------------------------------------+--------------------+---------+----------------------------+--------+----------------------+------------------+---------------------------+
; DDS_lite:DDS_lite_inst|DDS_en                                                                                                                                                                                                                                                                                                                               ; FF_X23_Y12_N9      ; 58      ; Async. clear               ; yes    ; Global Clock         ; GCLK9            ; --                        ;
; DDS_lite:DDS_lite_inst|always1~0                                                                                                                                                                                                                                                                                                                            ; LCCOMB_X23_Y9_N28  ; 1       ; Async. clear               ; no     ; --                   ; --               ; --                        ;
; DDS_lite:DDS_lite_inst|dac_data[0]~2                                                                                                                                                                                                                                                                                                                        ; LCCOMB_X22_Y18_N2  ; 16      ; Clock enable               ; no     ; --                   ; --               ; --                        ;
; DDS_time_delay_2M:DDS_time_delay_2M_inst|delay_phase[7]~3                                                                                                                                                                                                                                                                                                   ; LCCOMB_X28_Y9_N6   ; 7       ; Clock enable               ; no     ; --                   ; --               ; --                        ;
; SPI_STM32F4:u_SPI_STM32F4|SPI:u_SPI_inst|Dout[10]~1                                                                                                                                                                                                                                                                                                         ; LCCOMB_X24_Y13_N22 ; 32      ; Clock enable               ; no     ; --                   ; --               ; --                        ;
; altera_internal_jtag~TCKUTAP                                                                                                                                                                                                                                                                                                                                ; JTAG_X10_Y11_N0    ; 485     ; Clock                      ; yes    ; Global Clock         ; GCLK2            ; --                        ;
; altera_internal_jtag~TMSUTAP                                                                                                                                                                                                                                                                                                                                ; JTAG_X10_Y11_N0    ; 23      ; Sync. clear                ; no     ; --                   ; --               ; --                        ;
; pll_ip:pll_ip_inst|altpll:altpll_component|pll_ip_altpll:auto_generated|wire_pll1_clk[0]                                                                                                                                                                                                                                                                    ; PLL_1              ; 780     ; Clock                      ; yes    ; Global Clock         ; GCLK3            ; --                        ;
; pll_ip:pll_ip_inst|altpll:altpll_component|pll_ip_altpll:auto_generated|wire_pll1_clk[1]                                                                                                                                                                                                                                                                    ; PLL_1              ; 36      ; Clock                      ; yes    ; Global Clock         ; GCLK4            ; --                        ;
; pll_ip:pll_ip_inst|altpll:altpll_component|pll_ip_altpll:auto_generated|wire_pll1_locked                                                                                                                                                                                                                                                                    ; PLL_1              ; 2       ; Clock                      ; no     ; --                   ; --               ; --                        ;
; rst_n~0                                                                                                                                                                                                                                                                                                                                                     ; LCCOMB_X24_Y9_N2   ; 75      ; Async. clear               ; yes    ; Global Clock         ; GCLK7            ; --                        ;
; sld_hub:auto_hub|alt_sld_fab_with_jtag_input:\instrumentation_fabric_with_node_gen:fabric_gen_new_way:with_jtag_input_gen:instrumentation_fabric|alt_sld_fab:instrumentation_fabric|alt_sld_fab_alt_sld_fab:alt_sld_fab|alt_sld_fab_alt_sld_fab_sldfabric:sldfabric|sld_jtag_hub:\jtag_hub_gen:real_sld_jtag_hub|clr_reg                                    ; FF_X14_Y12_N15     ; 27      ; Async. clear               ; no     ; --                   ; --               ; --                        ;
; sld_hub:auto_hub|alt_sld_fab_with_jtag_input:\instrumentation_fabric_with_node_gen:fabric_gen_new_way:with_jtag_input_gen:instrumentation_fabric|alt_sld_fab:instrumentation_fabric|alt_sld_fab_alt_sld_fab:alt_sld_fab|alt_sld_fab_alt_sld_fab_sldfabric:sldfabric|sld_jtag_hub:\jtag_hub_gen:real_sld_jtag_hub|design_hash_proc~0                         ; LCCOMB_X14_Y10_N12 ; 4       ; Sync. load                 ; no     ; --                   ; --               ; --                        ;
; sld_hub:auto_hub|alt_sld_fab_with_jtag_input:\instrumentation_fabric_with_node_gen:fabric_gen_new_way:with_jtag_input_gen:instrumentation_fabric|alt_sld_fab:instrumentation_fabric|alt_sld_fab_alt_sld_fab:alt_sld_fab|alt_sld_fab_alt_sld_fab_sldfabric:sldfabric|sld_jtag_hub:\jtag_hub_gen:real_sld_jtag_hub|hub_info_reg_ena                           ; LCCOMB_X14_Y10_N2  ; 4       ; Clock enable               ; no     ; --                   ; --               ; --                        ;
; sld_hub:auto_hub|alt_sld_fab_with_jtag_input:\instrumentation_fabric_with_node_gen:fabric_gen_new_way:with_jtag_input_gen:instrumentation_fabric|alt_sld_fab:instrumentation_fabric|alt_sld_fab_alt_sld_fab:alt_sld_fab|alt_sld_fab_alt_sld_fab_sldfabric:sldfabric|sld_jtag_hub:\jtag_hub_gen:real_sld_jtag_hub|hub_info_reg_ena~0                         ; LCCOMB_X18_Y11_N4  ; 5       ; Clock enable               ; no     ; --                   ; --               ; --                        ;
; sld_hub:auto_hub|alt_sld_fab_with_jtag_input:\instrumentation_fabric_with_node_gen:fabric_gen_new_way:with_jtag_input_gen:instrumentation_fabric|alt_sld_fab:instrumentation_fabric|alt_sld_fab_alt_sld_fab:alt_sld_fab|alt_sld_fab_alt_sld_fab_sldfabric:sldfabric|sld_jtag_hub:\jtag_hub_gen:real_sld_jtag_hub|identity_contrib_shift_reg[0]~1            ; LCCOMB_X15_Y10_N28 ; 4       ; Clock enable               ; no     ; --                   ; --               ; --                        ;
; sld_hub:auto_hub|alt_sld_fab_with_jtag_input:\instrumentation_fabric_with_node_gen:fabric_gen_new_way:with_jtag_input_gen:instrumentation_fabric|alt_sld_fab:instrumentation_fabric|alt_sld_fab_alt_sld_fab:alt_sld_fab|alt_sld_fab_alt_sld_fab_sldfabric:sldfabric|sld_jtag_hub:\jtag_hub_gen:real_sld_jtag_hub|irf_reg[1][0]~0                            ; LCCOMB_X18_Y11_N20 ; 10      ; Clock enable               ; no     ; --                   ; --               ; --                        ;
; sld_hub:auto_hub|alt_sld_fab_with_jtag_input:\instrumentation_fabric_with_node_gen:fabric_gen_new_way:with_jtag_input_gen:instrumentation_fabric|alt_sld_fab:instrumentation_fabric|alt_sld_fab_alt_sld_fab:alt_sld_fab|alt_sld_fab_alt_sld_fab_sldfabric:sldfabric|sld_jtag_hub:\jtag_hub_gen:real_sld_jtag_hub|irf_reg[1][4]                              ; FF_X17_Y13_N1      ; 16      ; Clock enable               ; no     ; --                   ; --               ; --                        ;
; sld_hub:auto_hub|alt_sld_fab_with_jtag_input:\instrumentation_fabric_with_node_gen:fabric_gen_new_way:with_jtag_input_gen:instrumentation_fabric|alt_sld_fab:instrumentation_fabric|alt_sld_fab_alt_sld_fab:alt_sld_fab|alt_sld_fab_alt_sld_fab_sldfabric:sldfabric|sld_jtag_hub:\jtag_hub_gen:real_sld_jtag_hub|irf_reg[1][7]                              ; FF_X17_Y13_N15     ; 27      ; Clock enable               ; no     ; --                   ; --               ; --                        ;
; sld_hub:auto_hub|alt_sld_fab_with_jtag_input:\instrumentation_fabric_with_node_gen:fabric_gen_new_way:with_jtag_input_gen:instrumentation_fabric|alt_sld_fab:instrumentation_fabric|alt_sld_fab_alt_sld_fab:alt_sld_fab|alt_sld_fab_alt_sld_fab_sldfabric:sldfabric|sld_jtag_hub:\jtag_hub_gen:real_sld_jtag_hub|irsr_reg[2]~2                              ; LCCOMB_X17_Y13_N16 ; 9       ; Clock enable               ; no     ; --                   ; --               ; --                        ;
; sld_hub:auto_hub|alt_sld_fab_with_jtag_input:\instrumentation_fabric_with_node_gen:fabric_gen_new_way:with_jtag_input_gen:instrumentation_fabric|alt_sld_fab:instrumentation_fabric|alt_sld_fab_alt_sld_fab:alt_sld_fab|alt_sld_fab_alt_sld_fab_sldfabric:sldfabric|sld_jtag_hub:\jtag_hub_gen:real_sld_jtag_hub|mixer_addr_reg_internal[4]~15              ; LCCOMB_X13_Y10_N28 ; 5       ; Sync. load                 ; no     ; --                   ; --               ; --                        ;
; sld_hub:auto_hub|alt_sld_fab_with_jtag_input:\instrumentation_fabric_with_node_gen:fabric_gen_new_way:with_jtag_input_gen:instrumentation_fabric|alt_sld_fab:instrumentation_fabric|alt_sld_fab_alt_sld_fab:alt_sld_fab|alt_sld_fab_alt_sld_fab_sldfabric:sldfabric|sld_jtag_hub:\jtag_hub_gen:real_sld_jtag_hub|mixer_addr_reg_internal[4]~16              ; LCCOMB_X14_Y10_N20 ; 5       ; Clock enable               ; no     ; --                   ; --               ; --                        ;
; sld_hub:auto_hub|alt_sld_fab_with_jtag_input:\instrumentation_fabric_with_node_gen:fabric_gen_new_way:with_jtag_input_gen:instrumentation_fabric|alt_sld_fab:instrumentation_fabric|alt_sld_fab_alt_sld_fab:alt_sld_fab|alt_sld_fab_alt_sld_fab_sldfabric:sldfabric|sld_jtag_hub:\jtag_hub_gen:real_sld_jtag_hub|reset_ena_reg_proc~0                       ; LCCOMB_X18_Y11_N24 ; 3       ; Clock enable               ; no     ; --                   ; --               ; --                        ;
; sld_hub:auto_hub|alt_sld_fab_with_jtag_input:\instrumentation_fabric_with_node_gen:fabric_gen_new_way:with_jtag_input_gen:instrumentation_fabric|alt_sld_fab:instrumentation_fabric|alt_sld_fab_alt_sld_fab:alt_sld_fab|alt_sld_fab_alt_sld_fab_sldfabric:sldfabric|sld_jtag_hub:\jtag_hub_gen:real_sld_jtag_hub|sld_rom_sr:hub_info_reg|WORD_SR[1]~17      ; LCCOMB_X14_Y10_N16 ; 4       ; Clock enable               ; no     ; --                   ; --               ; --                        ;
; sld_hub:auto_hub|alt_sld_fab_with_jtag_input:\instrumentation_fabric_with_node_gen:fabric_gen_new_way:with_jtag_input_gen:instrumentation_fabric|alt_sld_fab:instrumentation_fabric|alt_sld_fab_alt_sld_fab:alt_sld_fab|alt_sld_fab_alt_sld_fab_sldfabric:sldfabric|sld_jtag_hub:\jtag_hub_gen:real_sld_jtag_hub|sld_rom_sr:hub_info_reg|word_counter[0]~13 ; LCCOMB_X15_Y9_N16  ; 5       ; Sync. clear                ; no     ; --                   ; --               ; --                        ;
; sld_hub:auto_hub|alt_sld_fab_with_jtag_input:\instrumentation_fabric_with_node_gen:fabric_gen_new_way:with_jtag_input_gen:instrumentation_fabric|alt_sld_fab:instrumentation_fabric|alt_sld_fab_alt_sld_fab:alt_sld_fab|alt_sld_fab_alt_sld_fab_sldfabric:sldfabric|sld_jtag_hub:\jtag_hub_gen:real_sld_jtag_hub|sld_rom_sr:hub_info_reg|word_counter[0]~20 ; LCCOMB_X14_Y10_N26 ; 5       ; Clock enable               ; no     ; --                   ; --               ; --                        ;
; sld_hub:auto_hub|alt_sld_fab_with_jtag_input:\instrumentation_fabric_with_node_gen:fabric_gen_new_way:with_jtag_input_gen:instrumentation_fabric|alt_sld_fab:instrumentation_fabric|alt_sld_fab_alt_sld_fab:alt_sld_fab|alt_sld_fab_alt_sld_fab_sldfabric:sldfabric|sld_jtag_hub:\jtag_hub_gen:real_sld_jtag_hub|sld_shadow_jsm:shadow_jsm|state[0]         ; FF_X14_Y12_N1      ; 15      ; Async. clear               ; no     ; --                   ; --               ; --                        ;
; sld_hub:auto_hub|alt_sld_fab_with_jtag_input:\instrumentation_fabric_with_node_gen:fabric_gen_new_way:with_jtag_input_gen:instrumentation_fabric|alt_sld_fab:instrumentation_fabric|alt_sld_fab_alt_sld_fab:alt_sld_fab|alt_sld_fab_alt_sld_fab_sldfabric:sldfabric|sld_jtag_hub:\jtag_hub_gen:real_sld_jtag_hub|sld_shadow_jsm:shadow_jsm|state[11]        ; FF_X14_Y12_N27     ; 12      ; Clock enable               ; no     ; --                   ; --               ; --                        ;
; sld_hub:auto_hub|alt_sld_fab_with_jtag_input:\instrumentation_fabric_with_node_gen:fabric_gen_new_way:with_jtag_input_gen:instrumentation_fabric|alt_sld_fab:instrumentation_fabric|alt_sld_fab_alt_sld_fab:alt_sld_fab|alt_sld_fab_alt_sld_fab_sldfabric:sldfabric|sld_jtag_hub:\jtag_hub_gen:real_sld_jtag_hub|sld_shadow_jsm:shadow_jsm|state[3]         ; FF_X14_Y12_N21     ; 36      ; Sync. load                 ; no     ; --                   ; --               ; --                        ;
; sld_hub:auto_hub|alt_sld_fab_with_jtag_input:\instrumentation_fabric_with_node_gen:fabric_gen_new_way:with_jtag_input_gen:instrumentation_fabric|alt_sld_fab:instrumentation_fabric|alt_sld_fab_alt_sld_fab:alt_sld_fab|alt_sld_fab_alt_sld_fab_sldfabric:sldfabric|sld_jtag_hub:\jtag_hub_gen:real_sld_jtag_hub|sld_shadow_jsm:shadow_jsm|state[4]         ; FF_X18_Y11_N17     ; 32      ; Sync. load                 ; no     ; --                   ; --               ; --                        ;
; sld_hub:auto_hub|alt_sld_fab_with_jtag_input:\instrumentation_fabric_with_node_gen:fabric_gen_new_way:with_jtag_input_gen:instrumentation_fabric|alt_sld_fab:instrumentation_fabric|alt_sld_fab_alt_sld_fab:alt_sld_fab|alt_sld_fab_alt_sld_fab_sldfabric:sldfabric|sld_jtag_hub:\jtag_hub_gen:real_sld_jtag_hub|virtual_ir_dr_scan_proc~0                  ; LCCOMB_X14_Y12_N30 ; 3       ; Clock enable               ; no     ; --                   ; --               ; --                        ;
; sld_hub:auto_hub|alt_sld_fab_with_jtag_input:\instrumentation_fabric_with_node_gen:fabric_gen_new_way:with_jtag_input_gen:instrumentation_fabric|alt_sld_fab:instrumentation_fabric|alt_sld_fab_alt_sld_fab:alt_sld_fab|alt_sld_fab_alt_sld_fab_sldfabric:sldfabric|sld_jtag_hub:\jtag_hub_gen:real_sld_jtag_hub|virtual_ir_scan_reg                        ; FF_X14_Y13_N9      ; 34      ; Async. clear, Clock enable ; no     ; --                   ; --               ; --                        ;
; sld_hub:auto_hub|alt_sld_fab_with_jtag_input:\instrumentation_fabric_with_node_gen:fabric_gen_new_way:with_jtag_input_gen:instrumentation_fabric|alt_sld_fab:instrumentation_fabric|alt_sld_fab_alt_sld_fab:alt_sld_fab|sldfabric_ident_writedata[0]~0                                                                                                      ; LCCOMB_X15_Y10_N12 ; 4       ; Clock enable               ; no     ; --                   ; --               ; --                        ;
; sld_signaltap:auto_signaltap_0|sld_signaltap_impl:sld_signaltap_body|sld_signaltap_implb:sld_signaltap_body|altdpram:\stp_non_zero_ram_gen:attribute_mem_gen:attribute_mem|lpm_decode:wdecoder|decode_3af:auto_generated|eq_node[0]~1                                                                                                                       ; LCCOMB_X16_Y15_N0  ; 21      ; Clock enable               ; no     ; --                   ; --               ; --                        ;
; sld_signaltap:auto_signaltap_0|sld_signaltap_impl:sld_signaltap_body|sld_signaltap_implb:sld_signaltap_body|altdpram:\stp_non_zero_ram_gen:attribute_mem_gen:attribute_mem|lpm_decode:wdecoder|decode_3af:auto_generated|eq_node[1]~0                                                                                                                       ; LCCOMB_X16_Y15_N22 ; 21      ; Clock enable               ; no     ; --                   ; --               ; --                        ;
; sld_signaltap:auto_signaltap_0|sld_signaltap_impl:sld_signaltap_body|sld_signaltap_implb:sld_signaltap_body|buffer_write_enable_delayed                                                                                                                                                                                                                     ; FF_X17_Y14_N31     ; 13      ; Clock enable, Write enable ; no     ; --                   ; --               ; --                        ;
; sld_signaltap:auto_signaltap_0|sld_signaltap_impl:sld_signaltap_body|sld_signaltap_implb:sld_signaltap_body|collect_data                                                                                                                                                                                                                                    ; LCCOMB_X17_Y14_N4  ; 27      ; Clock enable               ; no     ; --                   ; --               ; --                        ;
; sld_signaltap:auto_signaltap_0|sld_signaltap_impl:sld_signaltap_body|sld_signaltap_implb:sld_signaltap_body|process_0~0                                                                                                                                                                                                                                     ; LCCOMB_X16_Y13_N4  ; 32      ; Sync. clear                ; no     ; --                   ; --               ; --                        ;
; sld_signaltap:auto_signaltap_0|sld_signaltap_impl:sld_signaltap_body|sld_signaltap_implb:sld_signaltap_body|process_0~1                                                                                                                                                                                                                                     ; LCCOMB_X16_Y13_N30 ; 32      ; Sync. load                 ; no     ; --                   ; --               ; --                        ;
; sld_signaltap:auto_signaltap_0|sld_signaltap_impl:sld_signaltap_body|sld_signaltap_implb:sld_signaltap_body|reset_all                                                                                                                                                                                                                                       ; FF_X18_Y12_N5      ; 303     ; Async. clear               ; yes    ; Global Clock         ; GCLK6            ; --                        ;
; sld_signaltap:auto_signaltap_0|sld_signaltap_impl:sld_signaltap_body|sld_signaltap_implb:sld_signaltap_body|serial_crc_16:\tdo_crc_gen:tdo_crc_calc|lfsr[7]~1                                                                                                                                                                                               ; LCCOMB_X15_Y16_N6  ; 13      ; Clock enable               ; no     ; --                   ; --               ; --                        ;
; sld_signaltap:auto_signaltap_0|sld_signaltap_impl:sld_signaltap_body|sld_signaltap_implb:sld_signaltap_body|sld_buffer_manager:sld_buffer_manager_inst|final_trigger_set~4                                                                                                                                                                                  ; LCCOMB_X17_Y14_N22 ; 22      ; Clock enable               ; no     ; --                   ; --               ; --                        ;
; sld_signaltap:auto_signaltap_0|sld_signaltap_impl:sld_signaltap_body|sld_signaltap_implb:sld_signaltap_body|sld_buffer_manager:sld_buffer_manager_inst|last_buffer_write_address_sig[0]~0                                                                                                                                                                   ; LCCOMB_X17_Y14_N28 ; 10      ; Clock enable               ; no     ; --                   ; --               ; --                        ;
; sld_signaltap:auto_signaltap_0|sld_signaltap_impl:sld_signaltap_body|sld_signaltap_implb:sld_signaltap_body|sld_offload_buffer_mgr:\stp_non_zero_depth_offload_gen:stp_offload_buff_mgr_inst|Equal2~1                                                                                                                                                       ; LCCOMB_X18_Y14_N20 ; 1       ; Clock enable               ; no     ; --                   ; --               ; --                        ;
; sld_signaltap:auto_signaltap_0|sld_signaltap_impl:sld_signaltap_body|sld_signaltap_implb:sld_signaltap_body|sld_offload_buffer_mgr:\stp_non_zero_depth_offload_gen:stp_offload_buff_mgr_inst|acq_buf_read_reset                                                                                                                                             ; LCCOMB_X23_Y14_N2  ; 10      ; Sync. load                 ; no     ; --                   ; --               ; --                        ;
; sld_signaltap:auto_signaltap_0|sld_signaltap_impl:sld_signaltap_body|sld_signaltap_implb:sld_signaltap_body|sld_offload_buffer_mgr:\stp_non_zero_depth_offload_gen:stp_offload_buff_mgr_inst|lpm_counter:\adv_point_3_and_more:advance_pointer_counter|cntr_frh:auto_generated|counter_reg_bit[6]~0                                                         ; LCCOMB_X23_Y14_N0  ; 7       ; Sync. load                 ; no     ; --                   ; --               ; --                        ;
; sld_signaltap:auto_signaltap_0|sld_signaltap_impl:sld_signaltap_body|sld_signaltap_implb:sld_signaltap_body|sld_offload_buffer_mgr:\stp_non_zero_depth_offload_gen:stp_offload_buff_mgr_inst|lpm_counter:status_advance_pointer_counter|cntr_2rh:auto_generated|counter_reg_bit[4]~0                                                                        ; LCCOMB_X18_Y14_N28 ; 5       ; Sync. load                 ; no     ; --                   ; --               ; --                        ;
; sld_signaltap:auto_signaltap_0|sld_signaltap_impl:sld_signaltap_body|sld_signaltap_implb:sld_signaltap_body|sld_offload_buffer_mgr:\stp_non_zero_depth_offload_gen:stp_offload_buff_mgr_inst|lpm_counter:status_read_pointer_counter|cntr_odi:auto_generated|counter_reg_bit[0]~0                                                                           ; LCCOMB_X22_Y13_N2  ; 1       ; Sync. load                 ; no     ; --                   ; --               ; --                        ;
; sld_signaltap:auto_signaltap_0|sld_signaltap_impl:sld_signaltap_body|sld_signaltap_implb:sld_signaltap_body|sld_offload_buffer_mgr:\stp_non_zero_depth_offload_gen:stp_offload_buff_mgr_inst|read_pointer_counter_clk_ena                                                                                                                                   ; LCCOMB_X23_Y14_N20 ; 10      ; Clock enable               ; no     ; --                   ; --               ; --                        ;
; sld_signaltap:auto_signaltap_0|sld_signaltap_impl:sld_signaltap_body|sld_signaltap_implb:sld_signaltap_body|sld_rom_sr:crc_rom_sr|WORD_SR[3]~8                                                                                                                                                                                                              ; LCCOMB_X19_Y13_N30 ; 4       ; Sync. clear                ; no     ; --                   ; --               ; --                        ;
; sld_signaltap:auto_signaltap_0|sld_signaltap_impl:sld_signaltap_body|sld_signaltap_implb:sld_signaltap_body|sld_rom_sr:crc_rom_sr|WORD_SR[3]~9                                                                                                                                                                                                              ; LCCOMB_X19_Y13_N16 ; 4       ; Clock enable               ; no     ; --                   ; --               ; --                        ;
; sld_signaltap:auto_signaltap_0|sld_signaltap_impl:sld_signaltap_body|sld_signaltap_implb:sld_signaltap_body|sld_rom_sr:crc_rom_sr|word_counter[2]~5                                                                                                                                                                                                         ; LCCOMB_X19_Y13_N2  ; 4       ; Clock enable               ; no     ; --                   ; --               ; --                        ;
; sld_signaltap:auto_signaltap_0|sld_signaltap_impl:sld_signaltap_body|sld_signaltap_implb:sld_signaltap_body|status_shift_enable~1                                                                                                                                                                                                                           ; LCCOMB_X18_Y16_N18 ; 17      ; Clock enable               ; no     ; --                   ; --               ; --                        ;
; sld_signaltap:auto_signaltap_0|sld_signaltap_impl:sld_signaltap_body|sld_signaltap_implb:sld_signaltap_body|tdo_crc_len_reg[3]~34                                                                                                                                                                                                                           ; LCCOMB_X15_Y16_N10 ; 32      ; Clock enable               ; no     ; --                   ; --               ; --                        ;
; sld_signaltap:auto_signaltap_0|sld_signaltap_impl:sld_signaltap_body|sld_signaltap_implb:sld_signaltap_body|tdo_crc_val_shift_reg[0]~1                                                                                                                                                                                                                      ; LCCOMB_X15_Y16_N20 ; 16      ; Clock enable               ; no     ; --                   ; --               ; --                        ;
; sld_signaltap:auto_signaltap_0|sld_signaltap_impl:sld_signaltap_body|sld_signaltap_implb:sld_signaltap_body|trigger_setup_ena                                                                                                                                                                                                                               ; LCCOMB_X16_Y13_N26 ; 123     ; Clock enable               ; no     ; --                   ; --               ; --                        ;
; sys_clk                                                                                                                                                                                                                                                                                                                                                     ; PIN_J5             ; 1       ; Clock                      ; no     ; --                   ; --               ; --                        ;
; sys_rst_n                                                                                                                                                                                                                                                                                                                                                   ; PIN_J9             ; 3       ; Async. clear               ; no     ; --                   ; --               ; --                        ;
+-------------------------------------------------------------------------------------------------------------------------------------------------------------------------------------------------------------------------------------------------------------------------------------------------------------------------------------------------------------+--------------------+---------+----------------------------+--------+----------------------+------------------+---------------------------+


+-----------------------------------------------------------------------------------------------------------------------------------------------------------------------------------------------------------------------------------------------------------------+
; Global & Other Fast Signals                                                                                                                                                                                                                                     ;
+-----------------------------------------------------------------------------------------------------------------------+------------------+---------+--------------------------------------+----------------------+------------------+---------------------------+
; Name                                                                                                                  ; Location         ; Fan-Out ; Fan-Out Using Intentional Clock Skew ; Global Resource Used ; Global Line Name ; Enable Signal Source Name ;
+-----------------------------------------------------------------------------------------------------------------------+------------------+---------+--------------------------------------+----------------------+------------------+---------------------------+
; DDS_lite:DDS_lite_inst|DDS_en                                                                                         ; FF_X23_Y12_N9    ; 58      ; 0                                    ; Global Clock         ; GCLK9            ; --                        ;
; altera_internal_jtag~TCKUTAP                                                                                          ; JTAG_X10_Y11_N0  ; 485     ; 0                                    ; Global Clock         ; GCLK2            ; --                        ;
; pll_ip:pll_ip_inst|altpll:altpll_component|pll_ip_altpll:auto_generated|wire_pll1_clk[0]                              ; PLL_1            ; 780     ; 0                                    ; Global Clock         ; GCLK3            ; --                        ;
; pll_ip:pll_ip_inst|altpll:altpll_component|pll_ip_altpll:auto_generated|wire_pll1_clk[1]                              ; PLL_1            ; 36      ; 0                                    ; Global Clock         ; GCLK4            ; --                        ;
; rst_n~0                                                                                                               ; LCCOMB_X24_Y9_N2 ; 75      ; 0                                    ; Global Clock         ; GCLK7            ; --                        ;
; sld_signaltap:auto_signaltap_0|sld_signaltap_impl:sld_signaltap_body|sld_signaltap_implb:sld_signaltap_body|reset_all ; FF_X18_Y12_N5    ; 303     ; 0                                    ; Global Clock         ; GCLK6            ; --                        ;
+-----------------------------------------------------------------------------------------------------------------------+------------------+---------+--------------------------------------+----------------------+------------------+---------------------------+


+-----------------------------------------------------------------------------------------------------------------------------------------------------------------------------------------------------------------------------------------------------------------------------------------------------------------------------------------------------------------------------------------------------------------------------------------------------------------------------------------------------------------------------------------------------------------------------------------------------------------------------------------------------------------------------------------------------------------------------------------------------------------------------------------------------------------------------------------------------------------------------------------------------------------------------------------------+
; Fitter RAM Summary                                                                                                                                                                                                                                                                                                                                                                                                                                                                                                                                                                                                                                                                                                                                                                                                                                                                                                                            ;
+----------------------------------------------------------------------------------------------------------------------------------------------------------------------------------------------------------------------------+------+------------------+--------------+--------------+--------------+--------------+--------------+------------------------+-------------------------+------------------------+-------------------------+-------+-----------------------------+-----------------------------+-----------------------------+-----------------------------+---------------------+------+---------------------------------------------+---------------------------------------------------------------------------------------------------------------------------------------------------------------+----------------------+------------------------+------------------------+----------+------------------------+---------------+
; Name                                                                                                                                                                                                                       ; Type ; Mode             ; Clock Mode   ; Port A Depth ; Port A Width ; Port B Depth ; Port B Width ; Port A Input Registers ; Port A Output Registers ; Port B Input Registers ; Port B Output Registers ; Size  ; Implementation Port A Depth ; Implementation Port A Width ; Implementation Port B Depth ; Implementation Port B Width ; Implementation Bits ; M9Ks ; MIF                                         ; Location                                                                                                                                                      ; Mixed Width RDW Mode ; Port A RDW Mode        ; Port B RDW Mode        ; ECC Mode ; ECC Pipeline Registers ; Fits in MLABs ;
+----------------------------------------------------------------------------------------------------------------------------------------------------------------------------------------------------------------------------+------+------------------+--------------+--------------+--------------+--------------+--------------+------------------------+-------------------------+------------------------+-------------------------+-------+-----------------------------+-----------------------------+-----------------------------+-----------------------------+---------------------+------+---------------------------------------------+---------------------------------------------------------------------------------------------------------------------------------------------------------------+----------------------+------------------------+------------------------+----------+------------------------+---------------+
; DDS_lite:DDS_lite_inst|dds_ctrl_lite:dds_ctrl_lite_inst|rom_wave_sin:rom_ip_inst_1|altsyncram:altsyncram_component|altsyncram_6eb1:auto_generated|ALTSYNCRAM                                                               ; AUTO ; ROM              ; Single Clock ; 4096         ; 8            ; --           ; --           ; yes                    ; yes                     ; --                     ; --                      ; 32768 ; 4096                        ; 8                           ; --                          ; --                          ; 32768               ; 4    ; D:/Quartus_code/C_2024_2M/ip/rom/sin_2M.mif ; M9K_X26_Y23_N0, M9K_X26_Y21_N0, M9K_X26_Y22_N0, M9K_X26_Y24_N0                                                                                                ; Don't care           ; New data with NBE Read ; New data with NBE Read ; Off      ; No                     ; No - Unknown  ;
; DDS_time_delay_2M:DDS_time_delay_2M_inst|DDS_lite_phase:u_DDS_lite_phase|dds_ctrl_lite_phase:dds_ctrl_lite_phase_inst|rom_wave_sin:rom_ip_inst_1|altsyncram:altsyncram_component|altsyncram_6eb1:auto_generated|ALTSYNCRAM ; AUTO ; ROM              ; Single Clock ; 4096         ; 8            ; --           ; --           ; yes                    ; yes                     ; --                     ; --                      ; 32768 ; 4096                        ; 8                           ; --                          ; --                          ; 32768               ; 4    ; D:/Quartus_code/C_2024_2M/ip/rom/sin_2M.mif ; M9K_X26_Y7_N0, M9K_X26_Y20_N0, M9K_X26_Y19_N0, M9K_X26_Y8_N0                                                                                                  ; Don't care           ; New data with NBE Read ; New data with NBE Read ; Off      ; No                     ; No - Unknown  ;
; sld_signaltap:auto_signaltap_0|sld_signaltap_impl:sld_signaltap_body|sld_signaltap_implb:sld_signaltap_body|altsyncram:\stp_non_zero_ram_gen:stp_buffer_ram|altsyncram_kl14:auto_generated|ALTSYNCRAM                      ; AUTO ; Simple Dual Port ; Dual Clocks  ; 1024         ; 86           ; 1024         ; 86           ; yes                    ; no                      ; yes                    ; no                      ; 88064 ; 1024                        ; 86                          ; 1024                        ; 86                          ; 88064               ; 10   ; None                                        ; M9K_X26_Y17_N0, M9K_X26_Y16_N0, M9K_X26_Y14_N0, M9K_X26_Y15_N0, M9K_X26_Y13_N0, M9K_X26_Y10_N0, M9K_X26_Y9_N0, M9K_X26_Y12_N0, M9K_X26_Y11_N0, M9K_X26_Y18_N0 ; Don't care           ; New data with NBE Read ; New data with NBE Read ; Off      ; No                     ; No - Unknown  ;
+----------------------------------------------------------------------------------------------------------------------------------------------------------------------------------------------------------------------------+------+------------------+--------------+--------------+--------------+--------------+--------------+------------------------+-------------------------+------------------------+-------------------------+-------+-----------------------------+-----------------------------+-----------------------------+-----------------------------+---------------------+------+---------------------------------------------+---------------------------------------------------------------------------------------------------------------------------------------------------------------+----------------------+------------------------+------------------------+----------+------------------------+---------------+
Note: Fitter may spread logical memories into multiple blocks to improve timing. The actual required RAM blocks can be found in the Fitter Resource Usage section.


RAM content values are presented in the following format: (Binary) (Octal) (Decimal) (Hexadecimal) 
+------------------------------------------------------------------------------------------------------------------------------------------------------------------------------------------------------------------------------------------------------------------+
; |C_2024_2M|DDS_lite:DDS_lite_inst|dds_ctrl_lite:dds_ctrl_lite_inst|rom_wave_sin:rom_ip_inst_1|altsyncram:altsyncram_component|altsyncram_6eb1:auto_generated|ALTSYNCRAM                                                                                          ;
+------------------------------------------------------------------------------------------------------------------------------------------------------------------------------------------------------------------------------------------------------------------+
;   Addr   ;              +0              ;              +1              ;              +2              ;              +3              ;              +4              ;              +5              ;              +6              ;              +7              ;
+----------+------------------------------+------------------------------+------------------------------+------------------------------+------------------------------+------------------------------+------------------------------+------------------------------+
;0;(01000000) (100) (64) (40)    ;(01000000) (100) (64) (40)   ;(01000000) (100) (64) (40)   ;(01000000) (100) (64) (40)   ;(01000000) (100) (64) (40)   ;(01000000) (100) (64) (40)   ;(01000000) (100) (64) (40)   ;(01000000) (100) (64) (40)   ;
;8;(01000000) (100) (64) (40)    ;(01000000) (100) (64) (40)   ;(01000000) (100) (64) (40)   ;(01000001) (101) (65) (41)   ;(01000001) (101) (65) (41)   ;(01000001) (101) (65) (41)   ;(01000001) (101) (65) (41)   ;(01000001) (101) (65) (41)   ;
;16;(01000001) (101) (65) (41)    ;(01000001) (101) (65) (41)   ;(01000001) (101) (65) (41)   ;(01000001) (101) (65) (41)   ;(01000001) (101) (65) (41)   ;(01000010) (102) (66) (42)   ;(01000010) (102) (66) (42)   ;(01000010) (102) (66) (42)   ;
;24;(01000010) (102) (66) (42)    ;(01000010) (102) (66) (42)   ;(01000010) (102) (66) (42)   ;(01000010) (102) (66) (42)   ;(01000010) (102) (66) (42)   ;(01000010) (102) (66) (42)   ;(01000010) (102) (66) (42)   ;(01000011) (103) (67) (43)   ;
;32;(01000011) (103) (67) (43)    ;(01000011) (103) (67) (43)   ;(01000011) (103) (67) (43)   ;(01000011) (103) (67) (43)   ;(01000011) (103) (67) (43)   ;(01000011) (103) (67) (43)   ;(01000011) (103) (67) (43)   ;(01000011) (103) (67) (43)   ;
;40;(01000011) (103) (67) (43)    ;(01000100) (104) (68) (44)   ;(01000100) (104) (68) (44)   ;(01000100) (104) (68) (44)   ;(01000100) (104) (68) (44)   ;(01000100) (104) (68) (44)   ;(01000100) (104) (68) (44)   ;(01000100) (104) (68) (44)   ;
;48;(01000100) (104) (68) (44)    ;(01000100) (104) (68) (44)   ;(01000100) (104) (68) (44)   ;(01000100) (104) (68) (44)   ;(01000101) (105) (69) (45)   ;(01000101) (105) (69) (45)   ;(01000101) (105) (69) (45)   ;(01000101) (105) (69) (45)   ;
;56;(01000101) (105) (69) (45)    ;(01000101) (105) (69) (45)   ;(01000101) (105) (69) (45)   ;(01000101) (105) (69) (45)   ;(01000101) (105) (69) (45)   ;(01000101) (105) (69) (45)   ;(01000110) (106) (70) (46)   ;(01000110) (106) (70) (46)   ;
;64;(01000110) (106) (70) (46)    ;(01000110) (106) (70) (46)   ;(01000110) (106) (70) (46)   ;(01000110) (106) (70) (46)   ;(01000110) (106) (70) (46)   ;(01000110) (106) (70) (46)   ;(01000110) (106) (70) (46)   ;(01000110) (106) (70) (46)   ;
;72;(01000111) (107) (71) (47)    ;(01000111) (107) (71) (47)   ;(01000111) (107) (71) (47)   ;(01000111) (107) (71) (47)   ;(01000111) (107) (71) (47)   ;(01000111) (107) (71) (47)   ;(01000111) (107) (71) (47)   ;(01000111) (107) (71) (47)   ;
;80;(01000111) (107) (71) (47)    ;(01000111) (107) (71) (47)   ;(01000111) (107) (71) (47)   ;(01001000) (110) (72) (48)   ;(01001000) (110) (72) (48)   ;(01001000) (110) (72) (48)   ;(01001000) (110) (72) (48)   ;(01001000) (110) (72) (48)   ;
;88;(01001000) (110) (72) (48)    ;(01001000) (110) (72) (48)   ;(01001000) (110) (72) (48)   ;(01001000) (110) (72) (48)   ;(01001000) (110) (72) (48)   ;(01001001) (111) (73) (49)   ;(01001001) (111) (73) (49)   ;(01001001) (111) (73) (49)   ;
;96;(01001001) (111) (73) (49)    ;(01001001) (111) (73) (49)   ;(01001001) (111) (73) (49)   ;(01001001) (111) (73) (49)   ;(01001001) (111) (73) (49)   ;(01001001) (111) (73) (49)   ;(01001001) (111) (73) (49)   ;(01001010) (112) (74) (4A)   ;
;104;(01001010) (112) (74) (4A)    ;(01001010) (112) (74) (4A)   ;(01001010) (112) (74) (4A)   ;(01001010) (112) (74) (4A)   ;(01001010) (112) (74) (4A)   ;(01001010) (112) (74) (4A)   ;(01001010) (112) (74) (4A)   ;(01001010) (112) (74) (4A)   ;
;112;(01001010) (112) (74) (4A)    ;(01001010) (112) (74) (4A)   ;(01001011) (113) (75) (4B)   ;(01001011) (113) (75) (4B)   ;(01001011) (113) (75) (4B)   ;(01001011) (113) (75) (4B)   ;(01001011) (113) (75) (4B)   ;(01001011) (113) (75) (4B)   ;
;120;(01001011) (113) (75) (4B)    ;(01001011) (113) (75) (4B)   ;(01001011) (113) (75) (4B)   ;(01001011) (113) (75) (4B)   ;(01001100) (114) (76) (4C)   ;(01001100) (114) (76) (4C)   ;(01001100) (114) (76) (4C)   ;(01001100) (114) (76) (4C)   ;
;128;(01001100) (114) (76) (4C)    ;(01001100) (114) (76) (4C)   ;(01001100) (114) (76) (4C)   ;(01001100) (114) (76) (4C)   ;(01001100) (114) (76) (4C)   ;(01001100) (114) (76) (4C)   ;(01001101) (115) (77) (4D)   ;(01001101) (115) (77) (4D)   ;
;136;(01001101) (115) (77) (4D)    ;(01001101) (115) (77) (4D)   ;(01001101) (115) (77) (4D)   ;(01001101) (115) (77) (4D)   ;(01001101) (115) (77) (4D)   ;(01001101) (115) (77) (4D)   ;(01001101) (115) (77) (4D)   ;(01001101) (115) (77) (4D)   ;
;144;(01001101) (115) (77) (4D)    ;(01001110) (116) (78) (4E)   ;(01001110) (116) (78) (4E)   ;(01001110) (116) (78) (4E)   ;(01001110) (116) (78) (4E)   ;(01001110) (116) (78) (4E)   ;(01001110) (116) (78) (4E)   ;(01001110) (116) (78) (4E)   ;
;152;(01001110) (116) (78) (4E)    ;(01001110) (116) (78) (4E)   ;(01001110) (116) (78) (4E)   ;(01001111) (117) (79) (4F)   ;(01001111) (117) (79) (4F)   ;(01001111) (117) (79) (4F)   ;(01001111) (117) (79) (4F)   ;(01001111) (117) (79) (4F)   ;
;160;(01001111) (117) (79) (4F)    ;(01001111) (117) (79) (4F)   ;(01001111) (117) (79) (4F)   ;(01001111) (117) (79) (4F)   ;(01001111) (117) (79) (4F)   ;(01001111) (117) (79) (4F)   ;(01010000) (120) (80) (50)   ;(01010000) (120) (80) (50)   ;
;168;(01010000) (120) (80) (50)    ;(01010000) (120) (80) (50)   ;(01010000) (120) (80) (50)   ;(01010000) (120) (80) (50)   ;(01010000) (120) (80) (50)   ;(01010000) (120) (80) (50)   ;(01010000) (120) (80) (50)   ;(01010000) (120) (80) (50)   ;
;176;(01010001) (121) (81) (51)    ;(01010001) (121) (81) (51)   ;(01010001) (121) (81) (51)   ;(01010001) (121) (81) (51)   ;(01010001) (121) (81) (51)   ;(01010001) (121) (81) (51)   ;(01010001) (121) (81) (51)   ;(01010001) (121) (81) (51)   ;
;184;(01010001) (121) (81) (51)    ;(01010001) (121) (81) (51)   ;(01010001) (121) (81) (51)   ;(01010010) (122) (82) (52)   ;(01010010) (122) (82) (52)   ;(01010010) (122) (82) (52)   ;(01010010) (122) (82) (52)   ;(01010010) (122) (82) (52)   ;
;192;(01010010) (122) (82) (52)    ;(01010010) (122) (82) (52)   ;(01010010) (122) (82) (52)   ;(01010010) (122) (82) (52)   ;(01010010) (122) (82) (52)   ;(01010010) (122) (82) (52)   ;(01010011) (123) (83) (53)   ;(01010011) (123) (83) (53)   ;
;200;(01010011) (123) (83) (53)    ;(01010011) (123) (83) (53)   ;(01010011) (123) (83) (53)   ;(01010011) (123) (83) (53)   ;(01010011) (123) (83) (53)   ;(01010011) (123) (83) (53)   ;(01010011) (123) (83) (53)   ;(01010011) (123) (83) (53)   ;
;208;(01010011) (123) (83) (53)    ;(01010100) (124) (84) (54)   ;(01010100) (124) (84) (54)   ;(01010100) (124) (84) (54)   ;(01010100) (124) (84) (54)   ;(01010100) (124) (84) (54)   ;(01010100) (124) (84) (54)   ;(01010100) (124) (84) (54)   ;
;216;(01010100) (124) (84) (54)    ;(01010100) (124) (84) (54)   ;(01010100) (124) (84) (54)   ;(01010101) (125) (85) (55)   ;(01010101) (125) (85) (55)   ;(01010101) (125) (85) (55)   ;(01010101) (125) (85) (55)   ;(01010101) (125) (85) (55)   ;
;224;(01010101) (125) (85) (55)    ;(01010101) (125) (85) (55)   ;(01010101) (125) (85) (55)   ;(01010101) (125) (85) (55)   ;(01010101) (125) (85) (55)   ;(01010101) (125) (85) (55)   ;(01010110) (126) (86) (56)   ;(01010110) (126) (86) (56)   ;
;232;(01010110) (126) (86) (56)    ;(01010110) (126) (86) (56)   ;(01010110) (126) (86) (56)   ;(01010110) (126) (86) (56)   ;(01010110) (126) (86) (56)   ;(01010110) (126) (86) (56)   ;(01010110) (126) (86) (56)   ;(01010110) (126) (86) (56)   ;
;240;(01010110) (126) (86) (56)    ;(01010111) (127) (87) (57)   ;(01010111) (127) (87) (57)   ;(01010111) (127) (87) (57)   ;(01010111) (127) (87) (57)   ;(01010111) (127) (87) (57)   ;(01010111) (127) (87) (57)   ;(01010111) (127) (87) (57)   ;
;248;(01010111) (127) (87) (57)    ;(01010111) (127) (87) (57)   ;(01010111) (127) (87) (57)   ;(01010111) (127) (87) (57)   ;(01011000) (130) (88) (58)   ;(01011000) (130) (88) (58)   ;(01011000) (130) (88) (58)   ;(01011000) (130) (88) (58)   ;
;256;(01011000) (130) (88) (58)    ;(01011000) (130) (88) (58)   ;(01011000) (130) (88) (58)   ;(01011000) (130) (88) (58)   ;(01011000) (130) (88) (58)   ;(01011000) (130) (88) (58)   ;(01011000) (130) (88) (58)   ;(01011001) (131) (89) (59)   ;
;264;(01011001) (131) (89) (59)    ;(01011001) (131) (89) (59)   ;(01011001) (131) (89) (59)   ;(01011001) (131) (89) (59)   ;(01011001) (131) (89) (59)   ;(01011001) (131) (89) (59)   ;(01011001) (131) (89) (59)   ;(01011001) (131) (89) (59)   ;
;272;(01011001) (131) (89) (59)    ;(01011001) (131) (89) (59)   ;(01011010) (132) (90) (5A)   ;(01011010) (132) (90) (5A)   ;(01011010) (132) (90) (5A)   ;(01011010) (132) (90) (5A)   ;(01011010) (132) (90) (5A)   ;(01011010) (132) (90) (5A)   ;
;280;(01011010) (132) (90) (5A)    ;(01011010) (132) (90) (5A)   ;(01011010) (132) (90) (5A)   ;(01011010) (132) (90) (5A)   ;(01011010) (132) (90) (5A)   ;(01011010) (132) (90) (5A)   ;(01011011) (133) (91) (5B)   ;(01011011) (133) (91) (5B)   ;
;288;(01011011) (133) (91) (5B)    ;(01011011) (133) (91) (5B)   ;(01011011) (133) (91) (5B)   ;(01011011) (133) (91) (5B)   ;(01011011) (133) (91) (5B)   ;(01011011) (133) (91) (5B)   ;(01011011) (133) (91) (5B)   ;(01011011) (133) (91) (5B)   ;
;296;(01011011) (133) (91) (5B)    ;(01011100) (134) (92) (5C)   ;(01011100) (134) (92) (5C)   ;(01011100) (134) (92) (5C)   ;(01011100) (134) (92) (5C)   ;(01011100) (134) (92) (5C)   ;(01011100) (134) (92) (5C)   ;(01011100) (134) (92) (5C)   ;
;304;(01011100) (134) (92) (5C)    ;(01011100) (134) (92) (5C)   ;(01011100) (134) (92) (5C)   ;(01011100) (134) (92) (5C)   ;(01011101) (135) (93) (5D)   ;(01011101) (135) (93) (5D)   ;(01011101) (135) (93) (5D)   ;(01011101) (135) (93) (5D)   ;
;312;(01011101) (135) (93) (5D)    ;(01011101) (135) (93) (5D)   ;(01011101) (135) (93) (5D)   ;(01011101) (135) (93) (5D)   ;(01011101) (135) (93) (5D)   ;(01011101) (135) (93) (5D)   ;(01011101) (135) (93) (5D)   ;(01011101) (135) (93) (5D)   ;
;320;(01011110) (136) (94) (5E)    ;(01011110) (136) (94) (5E)   ;(01011110) (136) (94) (5E)   ;(01011110) (136) (94) (5E)   ;(01011110) (136) (94) (5E)   ;(01011110) (136) (94) (5E)   ;(01011110) (136) (94) (5E)   ;(01011110) (136) (94) (5E)   ;
;328;(01011110) (136) (94) (5E)    ;(01011110) (136) (94) (5E)   ;(01011110) (136) (94) (5E)   ;(01011110) (136) (94) (5E)   ;(01011111) (137) (95) (5F)   ;(01011111) (137) (95) (5F)   ;(01011111) (137) (95) (5F)   ;(01011111) (137) (95) (5F)   ;
;336;(01011111) (137) (95) (5F)    ;(01011111) (137) (95) (5F)   ;(01011111) (137) (95) (5F)   ;(01011111) (137) (95) (5F)   ;(01011111) (137) (95) (5F)   ;(01011111) (137) (95) (5F)   ;(01011111) (137) (95) (5F)   ;(01100000) (140) (96) (60)   ;
;344;(01100000) (140) (96) (60)    ;(01100000) (140) (96) (60)   ;(01100000) (140) (96) (60)   ;(01100000) (140) (96) (60)   ;(01100000) (140) (96) (60)   ;(01100000) (140) (96) (60)   ;(01100000) (140) (96) (60)   ;(01100000) (140) (96) (60)   ;
;352;(01100000) (140) (96) (60)    ;(01100000) (140) (96) (60)   ;(01100000) (140) (96) (60)   ;(01100001) (141) (97) (61)   ;(01100001) (141) (97) (61)   ;(01100001) (141) (97) (61)   ;(01100001) (141) (97) (61)   ;(01100001) (141) (97) (61)   ;
;360;(01100001) (141) (97) (61)    ;(01100001) (141) (97) (61)   ;(01100001) (141) (97) (61)   ;(01100001) (141) (97) (61)   ;(01100001) (141) (97) (61)   ;(01100001) (141) (97) (61)   ;(01100001) (141) (97) (61)   ;(01100010) (142) (98) (62)   ;
;368;(01100010) (142) (98) (62)    ;(01100010) (142) (98) (62)   ;(01100010) (142) (98) (62)   ;(01100010) (142) (98) (62)   ;(01100010) (142) (98) (62)   ;(01100010) (142) (98) (62)   ;(01100010) (142) (98) (62)   ;(01100010) (142) (98) (62)   ;
;376;(01100010) (142) (98) (62)    ;(01100010) (142) (98) (62)   ;(01100010) (142) (98) (62)   ;(01100011) (143) (99) (63)   ;(01100011) (143) (99) (63)   ;(01100011) (143) (99) (63)   ;(01100011) (143) (99) (63)   ;(01100011) (143) (99) (63)   ;
;384;(01100011) (143) (99) (63)    ;(01100011) (143) (99) (63)   ;(01100011) (143) (99) (63)   ;(01100011) (143) (99) (63)   ;(01100011) (143) (99) (63)   ;(01100011) (143) (99) (63)   ;(01100011) (143) (99) (63)   ;(01100011) (143) (99) (63)   ;
;392;(01100100) (144) (100) (64)    ;(01100100) (144) (100) (64)   ;(01100100) (144) (100) (64)   ;(01100100) (144) (100) (64)   ;(01100100) (144) (100) (64)   ;(01100100) (144) (100) (64)   ;(01100100) (144) (100) (64)   ;(01100100) (144) (100) (64)   ;
;400;(01100100) (144) (100) (64)    ;(01100100) (144) (100) (64)   ;(01100100) (144) (100) (64)   ;(01100100) (144) (100) (64)   ;(01100101) (145) (101) (65)   ;(01100101) (145) (101) (65)   ;(01100101) (145) (101) (65)   ;(01100101) (145) (101) (65)   ;
;408;(01100101) (145) (101) (65)    ;(01100101) (145) (101) (65)   ;(01100101) (145) (101) (65)   ;(01100101) (145) (101) (65)   ;(01100101) (145) (101) (65)   ;(01100101) (145) (101) (65)   ;(01100101) (145) (101) (65)   ;(01100101) (145) (101) (65)   ;
;416;(01100101) (145) (101) (65)    ;(01100110) (146) (102) (66)   ;(01100110) (146) (102) (66)   ;(01100110) (146) (102) (66)   ;(01100110) (146) (102) (66)   ;(01100110) (146) (102) (66)   ;(01100110) (146) (102) (66)   ;(01100110) (146) (102) (66)   ;
;424;(01100110) (146) (102) (66)    ;(01100110) (146) (102) (66)   ;(01100110) (146) (102) (66)   ;(01100110) (146) (102) (66)   ;(01100110) (146) (102) (66)   ;(01100110) (146) (102) (66)   ;(01100111) (147) (103) (67)   ;(01100111) (147) (103) (67)   ;
;432;(01100111) (147) (103) (67)    ;(01100111) (147) (103) (67)   ;(01100111) (147) (103) (67)   ;(01100111) (147) (103) (67)   ;(01100111) (147) (103) (67)   ;(01100111) (147) (103) (67)   ;(01100111) (147) (103) (67)   ;(01100111) (147) (103) (67)   ;
;440;(01100111) (147) (103) (67)    ;(01100111) (147) (103) (67)   ;(01100111) (147) (103) (67)   ;(01101000) (150) (104) (68)   ;(01101000) (150) (104) (68)   ;(01101000) (150) (104) (68)   ;(01101000) (150) (104) (68)   ;(01101000) (150) (104) (68)   ;
;448;(01101000) (150) (104) (68)    ;(01101000) (150) (104) (68)   ;(01101000) (150) (104) (68)   ;(01101000) (150) (104) (68)   ;(01101000) (150) (104) (68)   ;(01101000) (150) (104) (68)   ;(01101000) (150) (104) (68)   ;(01101000) (150) (104) (68)   ;
;456;(01101001) (151) (105) (69)    ;(01101001) (151) (105) (69)   ;(01101001) (151) (105) (69)   ;(01101001) (151) (105) (69)   ;(01101001) (151) (105) (69)   ;(01101001) (151) (105) (69)   ;(01101001) (151) (105) (69)   ;(01101001) (151) (105) (69)   ;
;464;(01101001) (151) (105) (69)    ;(01101001) (151) (105) (69)   ;(01101001) (151) (105) (69)   ;(01101001) (151) (105) (69)   ;(01101001) (151) (105) (69)   ;(01101010) (152) (106) (6A)   ;(01101010) (152) (106) (6A)   ;(01101010) (152) (106) (6A)   ;
;472;(01101010) (152) (106) (6A)    ;(01101010) (152) (106) (6A)   ;(01101010) (152) (106) (6A)   ;(01101010) (152) (106) (6A)   ;(01101010) (152) (106) (6A)   ;(01101010) (152) (106) (6A)   ;(01101010) (152) (106) (6A)   ;(01101010) (152) (106) (6A)   ;
;480;(01101010) (152) (106) (6A)    ;(01101010) (152) (106) (6A)   ;(01101010) (152) (106) (6A)   ;(01101011) (153) (107) (6B)   ;(01101011) (153) (107) (6B)   ;(01101011) (153) (107) (6B)   ;(01101011) (153) (107) (6B)   ;(01101011) (153) (107) (6B)   ;
;488;(01101011) (153) (107) (6B)    ;(01101011) (153) (107) (6B)   ;(01101011) (153) (107) (6B)   ;(01101011) (153) (107) (6B)   ;(01101011) (153) (107) (6B)   ;(01101011) (153) (107) (6B)   ;(01101011) (153) (107) (6B)   ;(01101011) (153) (107) (6B)   ;
;496;(01101011) (153) (107) (6B)    ;(01101100) (154) (108) (6C)   ;(01101100) (154) (108) (6C)   ;(01101100) (154) (108) (6C)   ;(01101100) (154) (108) (6C)   ;(01101100) (154) (108) (6C)   ;(01101100) (154) (108) (6C)   ;(01101100) (154) (108) (6C)   ;
;504;(01101100) (154) (108) (6C)    ;(01101100) (154) (108) (6C)   ;(01101100) (154) (108) (6C)   ;(01101100) (154) (108) (6C)   ;(01101100) (154) (108) (6C)   ;(01101100) (154) (108) (6C)   ;(01101100) (154) (108) (6C)   ;(01101101) (155) (109) (6D)   ;
;512;(01101101) (155) (109) (6D)    ;(01101101) (155) (109) (6D)   ;(01101101) (155) (109) (6D)   ;(01101101) (155) (109) (6D)   ;(01101101) (155) (109) (6D)   ;(01101101) (155) (109) (6D)   ;(01101101) (155) (109) (6D)   ;(01101101) (155) (109) (6D)   ;
;520;(01101101) (155) (109) (6D)    ;(01101101) (155) (109) (6D)   ;(01101101) (155) (109) (6D)   ;(01101101) (155) (109) (6D)   ;(01101101) (155) (109) (6D)   ;(01101101) (155) (109) (6D)   ;(01101110) (156) (110) (6E)   ;(01101110) (156) (110) (6E)   ;
;528;(01101110) (156) (110) (6E)    ;(01101110) (156) (110) (6E)   ;(01101110) (156) (110) (6E)   ;(01101110) (156) (110) (6E)   ;(01101110) (156) (110) (6E)   ;(01101110) (156) (110) (6E)   ;(01101110) (156) (110) (6E)   ;(01101110) (156) (110) (6E)   ;
;536;(01101110) (156) (110) (6E)    ;(01101110) (156) (110) (6E)   ;(01101110) (156) (110) (6E)   ;(01101110) (156) (110) (6E)   ;(01101110) (156) (110) (6E)   ;(01101111) (157) (111) (6F)   ;(01101111) (157) (111) (6F)   ;(01101111) (157) (111) (6F)   ;
;544;(01101111) (157) (111) (6F)    ;(01101111) (157) (111) (6F)   ;(01101111) (157) (111) (6F)   ;(01101111) (157) (111) (6F)   ;(01101111) (157) (111) (6F)   ;(01101111) (157) (111) (6F)   ;(01101111) (157) (111) (6F)   ;(01101111) (157) (111) (6F)   ;
;552;(01101111) (157) (111) (6F)    ;(01101111) (157) (111) (6F)   ;(01101111) (157) (111) (6F)   ;(01101111) (157) (111) (6F)   ;(01110000) (160) (112) (70)   ;(01110000) (160) (112) (70)   ;(01110000) (160) (112) (70)   ;(01110000) (160) (112) (70)   ;
;560;(01110000) (160) (112) (70)    ;(01110000) (160) (112) (70)   ;(01110000) (160) (112) (70)   ;(01110000) (160) (112) (70)   ;(01110000) (160) (112) (70)   ;(01110000) (160) (112) (70)   ;(01110000) (160) (112) (70)   ;(01110000) (160) (112) (70)   ;
;568;(01110000) (160) (112) (70)    ;(01110000) (160) (112) (70)   ;(01110000) (160) (112) (70)   ;(01110000) (160) (112) (70)   ;(01110001) (161) (113) (71)   ;(01110001) (161) (113) (71)   ;(01110001) (161) (113) (71)   ;(01110001) (161) (113) (71)   ;
;576;(01110001) (161) (113) (71)    ;(01110001) (161) (113) (71)   ;(01110001) (161) (113) (71)   ;(01110001) (161) (113) (71)   ;(01110001) (161) (113) (71)   ;(01110001) (161) (113) (71)   ;(01110001) (161) (113) (71)   ;(01110001) (161) (113) (71)   ;
;584;(01110001) (161) (113) (71)    ;(01110001) (161) (113) (71)   ;(01110001) (161) (113) (71)   ;(01110001) (161) (113) (71)   ;(01110010) (162) (114) (72)   ;(01110010) (162) (114) (72)   ;(01110010) (162) (114) (72)   ;(01110010) (162) (114) (72)   ;
;592;(01110010) (162) (114) (72)    ;(01110010) (162) (114) (72)   ;(01110010) (162) (114) (72)   ;(01110010) (162) (114) (72)   ;(01110010) (162) (114) (72)   ;(01110010) (162) (114) (72)   ;(01110010) (162) (114) (72)   ;(01110010) (162) (114) (72)   ;
;600;(01110010) (162) (114) (72)    ;(01110010) (162) (114) (72)   ;(01110010) (162) (114) (72)   ;(01110010) (162) (114) (72)   ;(01110010) (162) (114) (72)   ;(01110011) (163) (115) (73)   ;(01110011) (163) (115) (73)   ;(01110011) (163) (115) (73)   ;
;608;(01110011) (163) (115) (73)    ;(01110011) (163) (115) (73)   ;(01110011) (163) (115) (73)   ;(01110011) (163) (115) (73)   ;(01110011) (163) (115) (73)   ;(01110011) (163) (115) (73)   ;(01110011) (163) (115) (73)   ;(01110011) (163) (115) (73)   ;
;616;(01110011) (163) (115) (73)    ;(01110011) (163) (115) (73)   ;(01110011) (163) (115) (73)   ;(01110011) (163) (115) (73)   ;(01110011) (163) (115) (73)   ;(01110011) (163) (115) (73)   ;(01110100) (164) (116) (74)   ;(01110100) (164) (116) (74)   ;
;624;(01110100) (164) (116) (74)    ;(01110100) (164) (116) (74)   ;(01110100) (164) (116) (74)   ;(01110100) (164) (116) (74)   ;(01110100) (164) (116) (74)   ;(01110100) (164) (116) (74)   ;(01110100) (164) (116) (74)   ;(01110100) (164) (116) (74)   ;
;632;(01110100) (164) (116) (74)    ;(01110100) (164) (116) (74)   ;(01110100) (164) (116) (74)   ;(01110100) (164) (116) (74)   ;(01110100) (164) (116) (74)   ;(01110100) (164) (116) (74)   ;(01110100) (164) (116) (74)   ;(01110100) (164) (116) (74)   ;
;640;(01110101) (165) (117) (75)    ;(01110101) (165) (117) (75)   ;(01110101) (165) (117) (75)   ;(01110101) (165) (117) (75)   ;(01110101) (165) (117) (75)   ;(01110101) (165) (117) (75)   ;(01110101) (165) (117) (75)   ;(01110101) (165) (117) (75)   ;
;648;(01110101) (165) (117) (75)    ;(01110101) (165) (117) (75)   ;(01110101) (165) (117) (75)   ;(01110101) (165) (117) (75)   ;(01110101) (165) (117) (75)   ;(01110101) (165) (117) (75)   ;(01110101) (165) (117) (75)   ;(01110101) (165) (117) (75)   ;
;656;(01110101) (165) (117) (75)    ;(01110101) (165) (117) (75)   ;(01110101) (165) (117) (75)   ;(01110110) (166) (118) (76)   ;(01110110) (166) (118) (76)   ;(01110110) (166) (118) (76)   ;(01110110) (166) (118) (76)   ;(01110110) (166) (118) (76)   ;
;664;(01110110) (166) (118) (76)    ;(01110110) (166) (118) (76)   ;(01110110) (166) (118) (76)   ;(01110110) (166) (118) (76)   ;(01110110) (166) (118) (76)   ;(01110110) (166) (118) (76)   ;(01110110) (166) (118) (76)   ;(01110110) (166) (118) (76)   ;
;672;(01110110) (166) (118) (76)    ;(01110110) (166) (118) (76)   ;(01110110) (166) (118) (76)   ;(01110110) (166) (118) (76)   ;(01110110) (166) (118) (76)   ;(01110110) (166) (118) (76)   ;(01110110) (166) (118) (76)   ;(01110111) (167) (119) (77)   ;
;680;(01110111) (167) (119) (77)    ;(01110111) (167) (119) (77)   ;(01110111) (167) (119) (77)   ;(01110111) (167) (119) (77)   ;(01110111) (167) (119) (77)   ;(01110111) (167) (119) (77)   ;(01110111) (167) (119) (77)   ;(01110111) (167) (119) (77)   ;
;688;(01110111) (167) (119) (77)    ;(01110111) (167) (119) (77)   ;(01110111) (167) (119) (77)   ;(01110111) (167) (119) (77)   ;(01110111) (167) (119) (77)   ;(01110111) (167) (119) (77)   ;(01110111) (167) (119) (77)   ;(01110111) (167) (119) (77)   ;
;696;(01110111) (167) (119) (77)    ;(01110111) (167) (119) (77)   ;(01110111) (167) (119) (77)   ;(01110111) (167) (119) (77)   ;(01111000) (170) (120) (78)   ;(01111000) (170) (120) (78)   ;(01111000) (170) (120) (78)   ;(01111000) (170) (120) (78)   ;
;704;(01111000) (170) (120) (78)    ;(01111000) (170) (120) (78)   ;(01111000) (170) (120) (78)   ;(01111000) (170) (120) (78)   ;(01111000) (170) (120) (78)   ;(01111000) (170) (120) (78)   ;(01111000) (170) (120) (78)   ;(01111000) (170) (120) (78)   ;
;712;(01111000) (170) (120) (78)    ;(01111000) (170) (120) (78)   ;(01111000) (170) (120) (78)   ;(01111000) (170) (120) (78)   ;(01111000) (170) (120) (78)   ;(01111000) (170) (120) (78)   ;(01111000) (170) (120) (78)   ;(01111000) (170) (120) (78)   ;
;720;(01111000) (170) (120) (78)    ;(01111000) (170) (120) (78)   ;(01111001) (171) (121) (79)   ;(01111001) (171) (121) (79)   ;(01111001) (171) (121) (79)   ;(01111001) (171) (121) (79)   ;(01111001) (171) (121) (79)   ;(01111001) (171) (121) (79)   ;
;728;(01111001) (171) (121) (79)    ;(01111001) (171) (121) (79)   ;(01111001) (171) (121) (79)   ;(01111001) (171) (121) (79)   ;(01111001) (171) (121) (79)   ;(01111001) (171) (121) (79)   ;(01111001) (171) (121) (79)   ;(01111001) (171) (121) (79)   ;
;736;(01111001) (171) (121) (79)    ;(01111001) (171) (121) (79)   ;(01111001) (171) (121) (79)   ;(01111001) (171) (121) (79)   ;(01111001) (171) (121) (79)   ;(01111001) (171) (121) (79)   ;(01111001) (171) (121) (79)   ;(01111001) (171) (121) (79)   ;
;744;(01111001) (171) (121) (79)    ;(01111010) (172) (122) (7A)   ;(01111010) (172) (122) (7A)   ;(01111010) (172) (122) (7A)   ;(01111010) (172) (122) (7A)   ;(01111010) (172) (122) (7A)   ;(01111010) (172) (122) (7A)   ;(01111010) (172) (122) (7A)   ;
;752;(01111010) (172) (122) (7A)    ;(01111010) (172) (122) (7A)   ;(01111010) (172) (122) (7A)   ;(01111010) (172) (122) (7A)   ;(01111010) (172) (122) (7A)   ;(01111010) (172) (122) (7A)   ;(01111010) (172) (122) (7A)   ;(01111010) (172) (122) (7A)   ;
;760;(01111010) (172) (122) (7A)    ;(01111010) (172) (122) (7A)   ;(01111010) (172) (122) (7A)   ;(01111010) (172) (122) (7A)   ;(01111010) (172) (122) (7A)   ;(01111010) (172) (122) (7A)   ;(01111010) (172) (122) (7A)   ;(01111010) (172) (122) (7A)   ;
;768;(01111010) (172) (122) (7A)    ;(01111010) (172) (122) (7A)   ;(01111010) (172) (122) (7A)   ;(01111011) (173) (123) (7B)   ;(01111011) (173) (123) (7B)   ;(01111011) (173) (123) (7B)   ;(01111011) (173) (123) (7B)   ;(01111011) (173) (123) (7B)   ;
;776;(01111011) (173) (123) (7B)    ;(01111011) (173) (123) (7B)   ;(01111011) (173) (123) (7B)   ;(01111011) (173) (123) (7B)   ;(01111011) (173) (123) (7B)   ;(01111011) (173) (123) (7B)   ;(01111011) (173) (123) (7B)   ;(01111011) (173) (123) (7B)   ;
;784;(01111011) (173) (123) (7B)    ;(01111011) (173) (123) (7B)   ;(01111011) (173) (123) (7B)   ;(01111011) (173) (123) (7B)   ;(01111011) (173) (123) (7B)   ;(01111011) (173) (123) (7B)   ;(01111011) (173) (123) (7B)   ;(01111011) (173) (123) (7B)   ;
;792;(01111011) (173) (123) (7B)    ;(01111011) (173) (123) (7B)   ;(01111011) (173) (123) (7B)   ;(01111011) (173) (123) (7B)   ;(01111011) (173) (123) (7B)   ;(01111011) (173) (123) (7B)   ;(01111011) (173) (123) (7B)   ;(01111011) (173) (123) (7B)   ;
;800;(01111100) (174) (124) (7C)    ;(01111100) (174) (124) (7C)   ;(01111100) (174) (124) (7C)   ;(01111100) (174) (124) (7C)   ;(01111100) (174) (124) (7C)   ;(01111100) (174) (124) (7C)   ;(01111100) (174) (124) (7C)   ;(01111100) (174) (124) (7C)   ;
;808;(01111100) (174) (124) (7C)    ;(01111100) (174) (124) (7C)   ;(01111100) (174) (124) (7C)   ;(01111100) (174) (124) (7C)   ;(01111100) (174) (124) (7C)   ;(01111100) (174) (124) (7C)   ;(01111100) (174) (124) (7C)   ;(01111100) (174) (124) (7C)   ;
;816;(01111100) (174) (124) (7C)    ;(01111100) (174) (124) (7C)   ;(01111100) (174) (124) (7C)   ;(01111100) (174) (124) (7C)   ;(01111100) (174) (124) (7C)   ;(01111100) (174) (124) (7C)   ;(01111100) (174) (124) (7C)   ;(01111100) (174) (124) (7C)   ;
;824;(01111100) (174) (124) (7C)    ;(01111100) (174) (124) (7C)   ;(01111100) (174) (124) (7C)   ;(01111100) (174) (124) (7C)   ;(01111100) (174) (124) (7C)   ;(01111100) (174) (124) (7C)   ;(01111100) (174) (124) (7C)   ;(01111100) (174) (124) (7C)   ;
;832;(01111101) (175) (125) (7D)    ;(01111101) (175) (125) (7D)   ;(01111101) (175) (125) (7D)   ;(01111101) (175) (125) (7D)   ;(01111101) (175) (125) (7D)   ;(01111101) (175) (125) (7D)   ;(01111101) (175) (125) (7D)   ;(01111101) (175) (125) (7D)   ;
;840;(01111101) (175) (125) (7D)    ;(01111101) (175) (125) (7D)   ;(01111101) (175) (125) (7D)   ;(01111101) (175) (125) (7D)   ;(01111101) (175) (125) (7D)   ;(01111101) (175) (125) (7D)   ;(01111101) (175) (125) (7D)   ;(01111101) (175) (125) (7D)   ;
;848;(01111101) (175) (125) (7D)    ;(01111101) (175) (125) (7D)   ;(01111101) (175) (125) (7D)   ;(01111101) (175) (125) (7D)   ;(01111101) (175) (125) (7D)   ;(01111101) (175) (125) (7D)   ;(01111101) (175) (125) (7D)   ;(01111101) (175) (125) (7D)   ;
;856;(01111101) (175) (125) (7D)    ;(01111101) (175) (125) (7D)   ;(01111101) (175) (125) (7D)   ;(01111101) (175) (125) (7D)   ;(01111101) (175) (125) (7D)   ;(01111101) (175) (125) (7D)   ;(01111101) (175) (125) (7D)   ;(01111101) (175) (125) (7D)   ;
;864;(01111101) (175) (125) (7D)    ;(01111101) (175) (125) (7D)   ;(01111101) (175) (125) (7D)   ;(01111101) (175) (125) (7D)   ;(01111101) (175) (125) (7D)   ;(01111101) (175) (125) (7D)   ;(01111101) (175) (125) (7D)   ;(01111110) (176) (126) (7E)   ;
;872;(01111110) (176) (126) (7E)    ;(01111110) (176) (126) (7E)   ;(01111110) (176) (126) (7E)   ;(01111110) (176) (126) (7E)   ;(01111110) (176) (126) (7E)   ;(01111110) (176) (126) (7E)   ;(01111110) (176) (126) (7E)   ;(01111110) (176) (126) (7E)   ;
;880;(01111110) (176) (126) (7E)    ;(01111110) (176) (126) (7E)   ;(01111110) (176) (126) (7E)   ;(01111110) (176) (126) (7E)   ;(01111110) (176) (126) (7E)   ;(01111110) (176) (126) (7E)   ;(01111110) (176) (126) (7E)   ;(01111110) (176) (126) (7E)   ;
;888;(01111110) (176) (126) (7E)    ;(01111110) (176) (126) (7E)   ;(01111110) (176) (126) (7E)   ;(01111110) (176) (126) (7E)   ;(01111110) (176) (126) (7E)   ;(01111110) (176) (126) (7E)   ;(01111110) (176) (126) (7E)   ;(01111110) (176) (126) (7E)   ;
;896;(01111110) (176) (126) (7E)    ;(01111110) (176) (126) (7E)   ;(01111110) (176) (126) (7E)   ;(01111110) (176) (126) (7E)   ;(01111110) (176) (126) (7E)   ;(01111110) (176) (126) (7E)   ;(01111110) (176) (126) (7E)   ;(01111110) (176) (126) (7E)   ;
;904;(01111110) (176) (126) (7E)    ;(01111110) (176) (126) (7E)   ;(01111110) (176) (126) (7E)   ;(01111110) (176) (126) (7E)   ;(01111110) (176) (126) (7E)   ;(01111110) (176) (126) (7E)   ;(01111110) (176) (126) (7E)   ;(01111110) (176) (126) (7E)   ;
;912;(01111110) (176) (126) (7E)    ;(01111110) (176) (126) (7E)   ;(01111110) (176) (126) (7E)   ;(01111110) (176) (126) (7E)   ;(01111110) (176) (126) (7E)   ;(01111110) (176) (126) (7E)   ;(01111110) (176) (126) (7E)   ;(01111110) (176) (126) (7E)   ;
;920;(01111110) (176) (126) (7E)    ;(01111110) (176) (126) (7E)   ;(01111110) (176) (126) (7E)   ;(01111110) (176) (126) (7E)   ;(01111111) (177) (127) (7F)   ;(01111111) (177) (127) (7F)   ;(01111111) (177) (127) (7F)   ;(01111111) (177) (127) (7F)   ;
;928;(01111111) (177) (127) (7F)    ;(01111111) (177) (127) (7F)   ;(01111111) (177) (127) (7F)   ;(01111111) (177) (127) (7F)   ;(01111111) (177) (127) (7F)   ;(01111111) (177) (127) (7F)   ;(01111111) (177) (127) (7F)   ;(01111111) (177) (127) (7F)   ;
;936;(01111111) (177) (127) (7F)    ;(01111111) (177) (127) (7F)   ;(01111111) (177) (127) (7F)   ;(01111111) (177) (127) (7F)   ;(01111111) (177) (127) (7F)   ;(01111111) (177) (127) (7F)   ;(01111111) (177) (127) (7F)   ;(01111111) (177) (127) (7F)   ;
;944;(01111111) (177) (127) (7F)    ;(01111111) (177) (127) (7F)   ;(01111111) (177) (127) (7F)   ;(01111111) (177) (127) (7F)   ;(01111111) (177) (127) (7F)   ;(01111111) (177) (127) (7F)   ;(01111111) (177) (127) (7F)   ;(01111111) (177) (127) (7F)   ;
;952;(01111111) (177) (127) (7F)    ;(01111111) (177) (127) (7F)   ;(01111111) (177) (127) (7F)   ;(01111111) (177) (127) (7F)   ;(01111111) (177) (127) (7F)   ;(01111111) (177) (127) (7F)   ;(01111111) (177) (127) (7F)   ;(01111111) (177) (127) (7F)   ;
;960;(01111111) (177) (127) (7F)    ;(01111111) (177) (127) (7F)   ;(01111111) (177) (127) (7F)   ;(01111111) (177) (127) (7F)   ;(01111111) (177) (127) (7F)   ;(01111111) (177) (127) (7F)   ;(01111111) (177) (127) (7F)   ;(01111111) (177) (127) (7F)   ;
;968;(01111111) (177) (127) (7F)    ;(01111111) (177) (127) (7F)   ;(01111111) (177) (127) (7F)   ;(01111111) (177) (127) (7F)   ;(01111111) (177) (127) (7F)   ;(01111111) (177) (127) (7F)   ;(01111111) (177) (127) (7F)   ;(01111111) (177) (127) (7F)   ;
;976;(01111111) (177) (127) (7F)    ;(01111111) (177) (127) (7F)   ;(01111111) (177) (127) (7F)   ;(01111111) (177) (127) (7F)   ;(01111111) (177) (127) (7F)   ;(01111111) (177) (127) (7F)   ;(01111111) (177) (127) (7F)   ;(01111111) (177) (127) (7F)   ;
;984;(01111111) (177) (127) (7F)    ;(01111111) (177) (127) (7F)   ;(01111111) (177) (127) (7F)   ;(01111111) (177) (127) (7F)   ;(01111111) (177) (127) (7F)   ;(01111111) (177) (127) (7F)   ;(01111111) (177) (127) (7F)   ;(01111111) (177) (127) (7F)   ;
;992;(01111111) (177) (127) (7F)    ;(01111111) (177) (127) (7F)   ;(01111111) (177) (127) (7F)   ;(01111111) (177) (127) (7F)   ;(01111111) (177) (127) (7F)   ;(01111111) (177) (127) (7F)   ;(01111111) (177) (127) (7F)   ;(01111111) (177) (127) (7F)   ;
;1000;(01111111) (177) (127) (7F)    ;(01111111) (177) (127) (7F)   ;(01111111) (177) (127) (7F)   ;(01111111) (177) (127) (7F)   ;(01111111) (177) (127) (7F)   ;(01111111) (177) (127) (7F)   ;(01111111) (177) (127) (7F)   ;(01111111) (177) (127) (7F)   ;
;1008;(01111111) (177) (127) (7F)    ;(01111111) (177) (127) (7F)   ;(01111111) (177) (127) (7F)   ;(01111111) (177) (127) (7F)   ;(01111111) (177) (127) (7F)   ;(01111111) (177) (127) (7F)   ;(01111111) (177) (127) (7F)   ;(01111111) (177) (127) (7F)   ;
;1016;(01111111) (177) (127) (7F)    ;(01111111) (177) (127) (7F)   ;(01111111) (177) (127) (7F)   ;(01111111) (177) (127) (7F)   ;(01111111) (177) (127) (7F)   ;(01111111) (177) (127) (7F)   ;(01111111) (177) (127) (7F)   ;(01111111) (177) (127) (7F)   ;
;1024;(01111111) (177) (127) (7F)    ;(01111111) (177) (127) (7F)   ;(01111111) (177) (127) (7F)   ;(01111111) (177) (127) (7F)   ;(01111111) (177) (127) (7F)   ;(01111111) (177) (127) (7F)   ;(01111111) (177) (127) (7F)   ;(01111111) (177) (127) (7F)   ;
;1032;(01111111) (177) (127) (7F)    ;(01111111) (177) (127) (7F)   ;(01111111) (177) (127) (7F)   ;(01111111) (177) (127) (7F)   ;(01111111) (177) (127) (7F)   ;(01111111) (177) (127) (7F)   ;(01111111) (177) (127) (7F)   ;(01111111) (177) (127) (7F)   ;
;1040;(01111111) (177) (127) (7F)    ;(01111111) (177) (127) (7F)   ;(01111111) (177) (127) (7F)   ;(01111111) (177) (127) (7F)   ;(01111111) (177) (127) (7F)   ;(01111111) (177) (127) (7F)   ;(01111111) (177) (127) (7F)   ;(01111111) (177) (127) (7F)   ;
;1048;(01111111) (177) (127) (7F)    ;(01111111) (177) (127) (7F)   ;(01111111) (177) (127) (7F)   ;(01111111) (177) (127) (7F)   ;(01111111) (177) (127) (7F)   ;(01111111) (177) (127) (7F)   ;(01111111) (177) (127) (7F)   ;(01111111) (177) (127) (7F)   ;
;1056;(01111111) (177) (127) (7F)    ;(01111111) (177) (127) (7F)   ;(01111111) (177) (127) (7F)   ;(01111111) (177) (127) (7F)   ;(01111111) (177) (127) (7F)   ;(01111111) (177) (127) (7F)   ;(01111111) (177) (127) (7F)   ;(01111111) (177) (127) (7F)   ;
;1064;(01111111) (177) (127) (7F)    ;(01111111) (177) (127) (7F)   ;(01111111) (177) (127) (7F)   ;(01111111) (177) (127) (7F)   ;(01111111) (177) (127) (7F)   ;(01111111) (177) (127) (7F)   ;(01111111) (177) (127) (7F)   ;(01111111) (177) (127) (7F)   ;
;1072;(01111111) (177) (127) (7F)    ;(01111111) (177) (127) (7F)   ;(01111111) (177) (127) (7F)   ;(01111111) (177) (127) (7F)   ;(01111111) (177) (127) (7F)   ;(01111111) (177) (127) (7F)   ;(01111111) (177) (127) (7F)   ;(01111111) (177) (127) (7F)   ;
;1080;(01111111) (177) (127) (7F)    ;(01111111) (177) (127) (7F)   ;(01111111) (177) (127) (7F)   ;(01111111) (177) (127) (7F)   ;(01111111) (177) (127) (7F)   ;(01111111) (177) (127) (7F)   ;(01111111) (177) (127) (7F)   ;(01111111) (177) (127) (7F)   ;
;1088;(01111111) (177) (127) (7F)    ;(01111111) (177) (127) (7F)   ;(01111111) (177) (127) (7F)   ;(01111111) (177) (127) (7F)   ;(01111111) (177) (127) (7F)   ;(01111111) (177) (127) (7F)   ;(01111111) (177) (127) (7F)   ;(01111111) (177) (127) (7F)   ;
;1096;(01111111) (177) (127) (7F)    ;(01111111) (177) (127) (7F)   ;(01111111) (177) (127) (7F)   ;(01111111) (177) (127) (7F)   ;(01111111) (177) (127) (7F)   ;(01111111) (177) (127) (7F)   ;(01111111) (177) (127) (7F)   ;(01111111) (177) (127) (7F)   ;
;1104;(01111111) (177) (127) (7F)    ;(01111111) (177) (127) (7F)   ;(01111111) (177) (127) (7F)   ;(01111111) (177) (127) (7F)   ;(01111111) (177) (127) (7F)   ;(01111111) (177) (127) (7F)   ;(01111111) (177) (127) (7F)   ;(01111111) (177) (127) (7F)   ;
;1112;(01111111) (177) (127) (7F)    ;(01111111) (177) (127) (7F)   ;(01111111) (177) (127) (7F)   ;(01111111) (177) (127) (7F)   ;(01111111) (177) (127) (7F)   ;(01111111) (177) (127) (7F)   ;(01111111) (177) (127) (7F)   ;(01111111) (177) (127) (7F)   ;
;1120;(01111111) (177) (127) (7F)    ;(01111111) (177) (127) (7F)   ;(01111111) (177) (127) (7F)   ;(01111111) (177) (127) (7F)   ;(01111111) (177) (127) (7F)   ;(01111110) (176) (126) (7E)   ;(01111110) (176) (126) (7E)   ;(01111110) (176) (126) (7E)   ;
;1128;(01111110) (176) (126) (7E)    ;(01111110) (176) (126) (7E)   ;(01111110) (176) (126) (7E)   ;(01111110) (176) (126) (7E)   ;(01111110) (176) (126) (7E)   ;(01111110) (176) (126) (7E)   ;(01111110) (176) (126) (7E)   ;(01111110) (176) (126) (7E)   ;
;1136;(01111110) (176) (126) (7E)    ;(01111110) (176) (126) (7E)   ;(01111110) (176) (126) (7E)   ;(01111110) (176) (126) (7E)   ;(01111110) (176) (126) (7E)   ;(01111110) (176) (126) (7E)   ;(01111110) (176) (126) (7E)   ;(01111110) (176) (126) (7E)   ;
;1144;(01111110) (176) (126) (7E)    ;(01111110) (176) (126) (7E)   ;(01111110) (176) (126) (7E)   ;(01111110) (176) (126) (7E)   ;(01111110) (176) (126) (7E)   ;(01111110) (176) (126) (7E)   ;(01111110) (176) (126) (7E)   ;(01111110) (176) (126) (7E)   ;
;1152;(01111110) (176) (126) (7E)    ;(01111110) (176) (126) (7E)   ;(01111110) (176) (126) (7E)   ;(01111110) (176) (126) (7E)   ;(01111110) (176) (126) (7E)   ;(01111110) (176) (126) (7E)   ;(01111110) (176) (126) (7E)   ;(01111110) (176) (126) (7E)   ;
;1160;(01111110) (176) (126) (7E)    ;(01111110) (176) (126) (7E)   ;(01111110) (176) (126) (7E)   ;(01111110) (176) (126) (7E)   ;(01111110) (176) (126) (7E)   ;(01111110) (176) (126) (7E)   ;(01111110) (176) (126) (7E)   ;(01111110) (176) (126) (7E)   ;
;1168;(01111110) (176) (126) (7E)    ;(01111110) (176) (126) (7E)   ;(01111110) (176) (126) (7E)   ;(01111110) (176) (126) (7E)   ;(01111110) (176) (126) (7E)   ;(01111110) (176) (126) (7E)   ;(01111110) (176) (126) (7E)   ;(01111110) (176) (126) (7E)   ;
;1176;(01111110) (176) (126) (7E)    ;(01111110) (176) (126) (7E)   ;(01111101) (175) (125) (7D)   ;(01111101) (175) (125) (7D)   ;(01111101) (175) (125) (7D)   ;(01111101) (175) (125) (7D)   ;(01111101) (175) (125) (7D)   ;(01111101) (175) (125) (7D)   ;
;1184;(01111101) (175) (125) (7D)    ;(01111101) (175) (125) (7D)   ;(01111101) (175) (125) (7D)   ;(01111101) (175) (125) (7D)   ;(01111101) (175) (125) (7D)   ;(01111101) (175) (125) (7D)   ;(01111101) (175) (125) (7D)   ;(01111101) (175) (125) (7D)   ;
;1192;(01111101) (175) (125) (7D)    ;(01111101) (175) (125) (7D)   ;(01111101) (175) (125) (7D)   ;(01111101) (175) (125) (7D)   ;(01111101) (175) (125) (7D)   ;(01111101) (175) (125) (7D)   ;(01111101) (175) (125) (7D)   ;(01111101) (175) (125) (7D)   ;
;1200;(01111101) (175) (125) (7D)    ;(01111101) (175) (125) (7D)   ;(01111101) (175) (125) (7D)   ;(01111101) (175) (125) (7D)   ;(01111101) (175) (125) (7D)   ;(01111101) (175) (125) (7D)   ;(01111101) (175) (125) (7D)   ;(01111101) (175) (125) (7D)   ;
;1208;(01111101) (175) (125) (7D)    ;(01111101) (175) (125) (7D)   ;(01111101) (175) (125) (7D)   ;(01111101) (175) (125) (7D)   ;(01111101) (175) (125) (7D)   ;(01111101) (175) (125) (7D)   ;(01111101) (175) (125) (7D)   ;(01111101) (175) (125) (7D)   ;
;1216;(01111101) (175) (125) (7D)    ;(01111100) (174) (124) (7C)   ;(01111100) (174) (124) (7C)   ;(01111100) (174) (124) (7C)   ;(01111100) (174) (124) (7C)   ;(01111100) (174) (124) (7C)   ;(01111100) (174) (124) (7C)   ;(01111100) (174) (124) (7C)   ;
;1224;(01111100) (174) (124) (7C)    ;(01111100) (174) (124) (7C)   ;(01111100) (174) (124) (7C)   ;(01111100) (174) (124) (7C)   ;(01111100) (174) (124) (7C)   ;(01111100) (174) (124) (7C)   ;(01111100) (174) (124) (7C)   ;(01111100) (174) (124) (7C)   ;
;1232;(01111100) (174) (124) (7C)    ;(01111100) (174) (124) (7C)   ;(01111100) (174) (124) (7C)   ;(01111100) (174) (124) (7C)   ;(01111100) (174) (124) (7C)   ;(01111100) (174) (124) (7C)   ;(01111100) (174) (124) (7C)   ;(01111100) (174) (124) (7C)   ;
;1240;(01111100) (174) (124) (7C)    ;(01111100) (174) (124) (7C)   ;(01111100) (174) (124) (7C)   ;(01111100) (174) (124) (7C)   ;(01111100) (174) (124) (7C)   ;(01111100) (174) (124) (7C)   ;(01111100) (174) (124) (7C)   ;(01111100) (174) (124) (7C)   ;
;1248;(01111100) (174) (124) (7C)    ;(01111011) (173) (123) (7B)   ;(01111011) (173) (123) (7B)   ;(01111011) (173) (123) (7B)   ;(01111011) (173) (123) (7B)   ;(01111011) (173) (123) (7B)   ;(01111011) (173) (123) (7B)   ;(01111011) (173) (123) (7B)   ;
;1256;(01111011) (173) (123) (7B)    ;(01111011) (173) (123) (7B)   ;(01111011) (173) (123) (7B)   ;(01111011) (173) (123) (7B)   ;(01111011) (173) (123) (7B)   ;(01111011) (173) (123) (7B)   ;(01111011) (173) (123) (7B)   ;(01111011) (173) (123) (7B)   ;
;1264;(01111011) (173) (123) (7B)    ;(01111011) (173) (123) (7B)   ;(01111011) (173) (123) (7B)   ;(01111011) (173) (123) (7B)   ;(01111011) (173) (123) (7B)   ;(01111011) (173) (123) (7B)   ;(01111011) (173) (123) (7B)   ;(01111011) (173) (123) (7B)   ;
;1272;(01111011) (173) (123) (7B)    ;(01111011) (173) (123) (7B)   ;(01111011) (173) (123) (7B)   ;(01111011) (173) (123) (7B)   ;(01111011) (173) (123) (7B)   ;(01111011) (173) (123) (7B)   ;(01111010) (172) (122) (7A)   ;(01111010) (172) (122) (7A)   ;
;1280;(01111010) (172) (122) (7A)    ;(01111010) (172) (122) (7A)   ;(01111010) (172) (122) (7A)   ;(01111010) (172) (122) (7A)   ;(01111010) (172) (122) (7A)   ;(01111010) (172) (122) (7A)   ;(01111010) (172) (122) (7A)   ;(01111010) (172) (122) (7A)   ;
;1288;(01111010) (172) (122) (7A)    ;(01111010) (172) (122) (7A)   ;(01111010) (172) (122) (7A)   ;(01111010) (172) (122) (7A)   ;(01111010) (172) (122) (7A)   ;(01111010) (172) (122) (7A)   ;(01111010) (172) (122) (7A)   ;(01111010) (172) (122) (7A)   ;
;1296;(01111010) (172) (122) (7A)    ;(01111010) (172) (122) (7A)   ;(01111010) (172) (122) (7A)   ;(01111010) (172) (122) (7A)   ;(01111010) (172) (122) (7A)   ;(01111010) (172) (122) (7A)   ;(01111010) (172) (122) (7A)   ;(01111010) (172) (122) (7A)   ;
;1304;(01111001) (171) (121) (79)    ;(01111001) (171) (121) (79)   ;(01111001) (171) (121) (79)   ;(01111001) (171) (121) (79)   ;(01111001) (171) (121) (79)   ;(01111001) (171) (121) (79)   ;(01111001) (171) (121) (79)   ;(01111001) (171) (121) (79)   ;
;1312;(01111001) (171) (121) (79)    ;(01111001) (171) (121) (79)   ;(01111001) (171) (121) (79)   ;(01111001) (171) (121) (79)   ;(01111001) (171) (121) (79)   ;(01111001) (171) (121) (79)   ;(01111001) (171) (121) (79)   ;(01111001) (171) (121) (79)   ;
;1320;(01111001) (171) (121) (79)    ;(01111001) (171) (121) (79)   ;(01111001) (171) (121) (79)   ;(01111001) (171) (121) (79)   ;(01111001) (171) (121) (79)   ;(01111001) (171) (121) (79)   ;(01111001) (171) (121) (79)   ;(01111000) (170) (120) (78)   ;
;1328;(01111000) (170) (120) (78)    ;(01111000) (170) (120) (78)   ;(01111000) (170) (120) (78)   ;(01111000) (170) (120) (78)   ;(01111000) (170) (120) (78)   ;(01111000) (170) (120) (78)   ;(01111000) (170) (120) (78)   ;(01111000) (170) (120) (78)   ;
;1336;(01111000) (170) (120) (78)    ;(01111000) (170) (120) (78)   ;(01111000) (170) (120) (78)   ;(01111000) (170) (120) (78)   ;(01111000) (170) (120) (78)   ;(01111000) (170) (120) (78)   ;(01111000) (170) (120) (78)   ;(01111000) (170) (120) (78)   ;
;1344;(01111000) (170) (120) (78)    ;(01111000) (170) (120) (78)   ;(01111000) (170) (120) (78)   ;(01111000) (170) (120) (78)   ;(01111000) (170) (120) (78)   ;(01110111) (167) (119) (77)   ;(01110111) (167) (119) (77)   ;(01110111) (167) (119) (77)   ;
;1352;(01110111) (167) (119) (77)    ;(01110111) (167) (119) (77)   ;(01110111) (167) (119) (77)   ;(01110111) (167) (119) (77)   ;(01110111) (167) (119) (77)   ;(01110111) (167) (119) (77)   ;(01110111) (167) (119) (77)   ;(01110111) (167) (119) (77)   ;
;1360;(01110111) (167) (119) (77)    ;(01110111) (167) (119) (77)   ;(01110111) (167) (119) (77)   ;(01110111) (167) (119) (77)   ;(01110111) (167) (119) (77)   ;(01110111) (167) (119) (77)   ;(01110111) (167) (119) (77)   ;(01110111) (167) (119) (77)   ;
;1368;(01110111) (167) (119) (77)    ;(01110111) (167) (119) (77)   ;(01110110) (166) (118) (76)   ;(01110110) (166) (118) (76)   ;(01110110) (166) (118) (76)   ;(01110110) (166) (118) (76)   ;(01110110) (166) (118) (76)   ;(01110110) (166) (118) (76)   ;
;1376;(01110110) (166) (118) (76)    ;(01110110) (166) (118) (76)   ;(01110110) (166) (118) (76)   ;(01110110) (166) (118) (76)   ;(01110110) (166) (118) (76)   ;(01110110) (166) (118) (76)   ;(01110110) (166) (118) (76)   ;(01110110) (166) (118) (76)   ;
;1384;(01110110) (166) (118) (76)    ;(01110110) (166) (118) (76)   ;(01110110) (166) (118) (76)   ;(01110110) (166) (118) (76)   ;(01110110) (166) (118) (76)   ;(01110110) (166) (118) (76)   ;(01110101) (165) (117) (75)   ;(01110101) (165) (117) (75)   ;
;1392;(01110101) (165) (117) (75)    ;(01110101) (165) (117) (75)   ;(01110101) (165) (117) (75)   ;(01110101) (165) (117) (75)   ;(01110101) (165) (117) (75)   ;(01110101) (165) (117) (75)   ;(01110101) (165) (117) (75)   ;(01110101) (165) (117) (75)   ;
;1400;(01110101) (165) (117) (75)    ;(01110101) (165) (117) (75)   ;(01110101) (165) (117) (75)   ;(01110101) (165) (117) (75)   ;(01110101) (165) (117) (75)   ;(01110101) (165) (117) (75)   ;(01110101) (165) (117) (75)   ;(01110101) (165) (117) (75)   ;
;1408;(01110101) (165) (117) (75)    ;(01110100) (164) (116) (74)   ;(01110100) (164) (116) (74)   ;(01110100) (164) (116) (74)   ;(01110100) (164) (116) (74)   ;(01110100) (164) (116) (74)   ;(01110100) (164) (116) (74)   ;(01110100) (164) (116) (74)   ;
;1416;(01110100) (164) (116) (74)    ;(01110100) (164) (116) (74)   ;(01110100) (164) (116) (74)   ;(01110100) (164) (116) (74)   ;(01110100) (164) (116) (74)   ;(01110100) (164) (116) (74)   ;(01110100) (164) (116) (74)   ;(01110100) (164) (116) (74)   ;
;1424;(01110100) (164) (116) (74)    ;(01110100) (164) (116) (74)   ;(01110100) (164) (116) (74)   ;(01110011) (163) (115) (73)   ;(01110011) (163) (115) (73)   ;(01110011) (163) (115) (73)   ;(01110011) (163) (115) (73)   ;(01110011) (163) (115) (73)   ;
;1432;(01110011) (163) (115) (73)    ;(01110011) (163) (115) (73)   ;(01110011) (163) (115) (73)   ;(01110011) (163) (115) (73)   ;(01110011) (163) (115) (73)   ;(01110011) (163) (115) (73)   ;(01110011) (163) (115) (73)   ;(01110011) (163) (115) (73)   ;
;1440;(01110011) (163) (115) (73)    ;(01110011) (163) (115) (73)   ;(01110011) (163) (115) (73)   ;(01110011) (163) (115) (73)   ;(01110010) (162) (114) (72)   ;(01110010) (162) (114) (72)   ;(01110010) (162) (114) (72)   ;(01110010) (162) (114) (72)   ;
;1448;(01110010) (162) (114) (72)    ;(01110010) (162) (114) (72)   ;(01110010) (162) (114) (72)   ;(01110010) (162) (114) (72)   ;(01110010) (162) (114) (72)   ;(01110010) (162) (114) (72)   ;(01110010) (162) (114) (72)   ;(01110010) (162) (114) (72)   ;
;1456;(01110010) (162) (114) (72)    ;(01110010) (162) (114) (72)   ;(01110010) (162) (114) (72)   ;(01110010) (162) (114) (72)   ;(01110010) (162) (114) (72)   ;(01110001) (161) (113) (71)   ;(01110001) (161) (113) (71)   ;(01110001) (161) (113) (71)   ;
;1464;(01110001) (161) (113) (71)    ;(01110001) (161) (113) (71)   ;(01110001) (161) (113) (71)   ;(01110001) (161) (113) (71)   ;(01110001) (161) (113) (71)   ;(01110001) (161) (113) (71)   ;(01110001) (161) (113) (71)   ;(01110001) (161) (113) (71)   ;
;1472;(01110001) (161) (113) (71)    ;(01110001) (161) (113) (71)   ;(01110001) (161) (113) (71)   ;(01110001) (161) (113) (71)   ;(01110001) (161) (113) (71)   ;(01110000) (160) (112) (70)   ;(01110000) (160) (112) (70)   ;(01110000) (160) (112) (70)   ;
;1480;(01110000) (160) (112) (70)    ;(01110000) (160) (112) (70)   ;(01110000) (160) (112) (70)   ;(01110000) (160) (112) (70)   ;(01110000) (160) (112) (70)   ;(01110000) (160) (112) (70)   ;(01110000) (160) (112) (70)   ;(01110000) (160) (112) (70)   ;
;1488;(01110000) (160) (112) (70)    ;(01110000) (160) (112) (70)   ;(01110000) (160) (112) (70)   ;(01110000) (160) (112) (70)   ;(01110000) (160) (112) (70)   ;(01101111) (157) (111) (6F)   ;(01101111) (157) (111) (6F)   ;(01101111) (157) (111) (6F)   ;
;1496;(01101111) (157) (111) (6F)    ;(01101111) (157) (111) (6F)   ;(01101111) (157) (111) (6F)   ;(01101111) (157) (111) (6F)   ;(01101111) (157) (111) (6F)   ;(01101111) (157) (111) (6F)   ;(01101111) (157) (111) (6F)   ;(01101111) (157) (111) (6F)   ;
;1504;(01101111) (157) (111) (6F)    ;(01101111) (157) (111) (6F)   ;(01101111) (157) (111) (6F)   ;(01101111) (157) (111) (6F)   ;(01101110) (156) (110) (6E)   ;(01101110) (156) (110) (6E)   ;(01101110) (156) (110) (6E)   ;(01101110) (156) (110) (6E)   ;
;1512;(01101110) (156) (110) (6E)    ;(01101110) (156) (110) (6E)   ;(01101110) (156) (110) (6E)   ;(01101110) (156) (110) (6E)   ;(01101110) (156) (110) (6E)   ;(01101110) (156) (110) (6E)   ;(01101110) (156) (110) (6E)   ;(01101110) (156) (110) (6E)   ;
;1520;(01101110) (156) (110) (6E)    ;(01101110) (156) (110) (6E)   ;(01101110) (156) (110) (6E)   ;(01101101) (155) (109) (6D)   ;(01101101) (155) (109) (6D)   ;(01101101) (155) (109) (6D)   ;(01101101) (155) (109) (6D)   ;(01101101) (155) (109) (6D)   ;
;1528;(01101101) (155) (109) (6D)    ;(01101101) (155) (109) (6D)   ;(01101101) (155) (109) (6D)   ;(01101101) (155) (109) (6D)   ;(01101101) (155) (109) (6D)   ;(01101101) (155) (109) (6D)   ;(01101101) (155) (109) (6D)   ;(01101101) (155) (109) (6D)   ;
;1536;(01101101) (155) (109) (6D)    ;(01101101) (155) (109) (6D)   ;(01101100) (154) (108) (6C)   ;(01101100) (154) (108) (6C)   ;(01101100) (154) (108) (6C)   ;(01101100) (154) (108) (6C)   ;(01101100) (154) (108) (6C)   ;(01101100) (154) (108) (6C)   ;
;1544;(01101100) (154) (108) (6C)    ;(01101100) (154) (108) (6C)   ;(01101100) (154) (108) (6C)   ;(01101100) (154) (108) (6C)   ;(01101100) (154) (108) (6C)   ;(01101100) (154) (108) (6C)   ;(01101100) (154) (108) (6C)   ;(01101100) (154) (108) (6C)   ;
;1552;(01101011) (153) (107) (6B)    ;(01101011) (153) (107) (6B)   ;(01101011) (153) (107) (6B)   ;(01101011) (153) (107) (6B)   ;(01101011) (153) (107) (6B)   ;(01101011) (153) (107) (6B)   ;(01101011) (153) (107) (6B)   ;(01101011) (153) (107) (6B)   ;
;1560;(01101011) (153) (107) (6B)    ;(01101011) (153) (107) (6B)   ;(01101011) (153) (107) (6B)   ;(01101011) (153) (107) (6B)   ;(01101011) (153) (107) (6B)   ;(01101011) (153) (107) (6B)   ;(01101010) (152) (106) (6A)   ;(01101010) (152) (106) (6A)   ;
;1568;(01101010) (152) (106) (6A)    ;(01101010) (152) (106) (6A)   ;(01101010) (152) (106) (6A)   ;(01101010) (152) (106) (6A)   ;(01101010) (152) (106) (6A)   ;(01101010) (152) (106) (6A)   ;(01101010) (152) (106) (6A)   ;(01101010) (152) (106) (6A)   ;
;1576;(01101010) (152) (106) (6A)    ;(01101010) (152) (106) (6A)   ;(01101010) (152) (106) (6A)   ;(01101010) (152) (106) (6A)   ;(01101001) (151) (105) (69)   ;(01101001) (151) (105) (69)   ;(01101001) (151) (105) (69)   ;(01101001) (151) (105) (69)   ;
;1584;(01101001) (151) (105) (69)    ;(01101001) (151) (105) (69)   ;(01101001) (151) (105) (69)   ;(01101001) (151) (105) (69)   ;(01101001) (151) (105) (69)   ;(01101001) (151) (105) (69)   ;(01101001) (151) (105) (69)   ;(01101001) (151) (105) (69)   ;
;1592;(01101001) (151) (105) (69)    ;(01101000) (150) (104) (68)   ;(01101000) (150) (104) (68)   ;(01101000) (150) (104) (68)   ;(01101000) (150) (104) (68)   ;(01101000) (150) (104) (68)   ;(01101000) (150) (104) (68)   ;(01101000) (150) (104) (68)   ;
;1600;(01101000) (150) (104) (68)    ;(01101000) (150) (104) (68)   ;(01101000) (150) (104) (68)   ;(01101000) (150) (104) (68)   ;(01101000) (150) (104) (68)   ;(01101000) (150) (104) (68)   ;(01100111) (147) (103) (67)   ;(01100111) (147) (103) (67)   ;
;1608;(01100111) (147) (103) (67)    ;(01100111) (147) (103) (67)   ;(01100111) (147) (103) (67)   ;(01100111) (147) (103) (67)   ;(01100111) (147) (103) (67)   ;(01100111) (147) (103) (67)   ;(01100111) (147) (103) (67)   ;(01100111) (147) (103) (67)   ;
;1616;(01100111) (147) (103) (67)    ;(01100111) (147) (103) (67)   ;(01100111) (147) (103) (67)   ;(01100110) (146) (102) (66)   ;(01100110) (146) (102) (66)   ;(01100110) (146) (102) (66)   ;(01100110) (146) (102) (66)   ;(01100110) (146) (102) (66)   ;
;1624;(01100110) (146) (102) (66)    ;(01100110) (146) (102) (66)   ;(01100110) (146) (102) (66)   ;(01100110) (146) (102) (66)   ;(01100110) (146) (102) (66)   ;(01100110) (146) (102) (66)   ;(01100110) (146) (102) (66)   ;(01100110) (146) (102) (66)   ;
;1632;(01100101) (145) (101) (65)    ;(01100101) (145) (101) (65)   ;(01100101) (145) (101) (65)   ;(01100101) (145) (101) (65)   ;(01100101) (145) (101) (65)   ;(01100101) (145) (101) (65)   ;(01100101) (145) (101) (65)   ;(01100101) (145) (101) (65)   ;
;1640;(01100101) (145) (101) (65)    ;(01100101) (145) (101) (65)   ;(01100101) (145) (101) (65)   ;(01100101) (145) (101) (65)   ;(01100101) (145) (101) (65)   ;(01100100) (144) (100) (64)   ;(01100100) (144) (100) (64)   ;(01100100) (144) (100) (64)   ;
;1648;(01100100) (144) (100) (64)    ;(01100100) (144) (100) (64)   ;(01100100) (144) (100) (64)   ;(01100100) (144) (100) (64)   ;(01100100) (144) (100) (64)   ;(01100100) (144) (100) (64)   ;(01100100) (144) (100) (64)   ;(01100100) (144) (100) (64)   ;
;1656;(01100100) (144) (100) (64)    ;(01100011) (143) (99) (63)   ;(01100011) (143) (99) (63)   ;(01100011) (143) (99) (63)   ;(01100011) (143) (99) (63)   ;(01100011) (143) (99) (63)   ;(01100011) (143) (99) (63)   ;(01100011) (143) (99) (63)   ;
;1664;(01100011) (143) (99) (63)    ;(01100011) (143) (99) (63)   ;(01100011) (143) (99) (63)   ;(01100011) (143) (99) (63)   ;(01100011) (143) (99) (63)   ;(01100011) (143) (99) (63)   ;(01100010) (142) (98) (62)   ;(01100010) (142) (98) (62)   ;
;1672;(01100010) (142) (98) (62)    ;(01100010) (142) (98) (62)   ;(01100010) (142) (98) (62)   ;(01100010) (142) (98) (62)   ;(01100010) (142) (98) (62)   ;(01100010) (142) (98) (62)   ;(01100010) (142) (98) (62)   ;(01100010) (142) (98) (62)   ;
;1680;(01100010) (142) (98) (62)    ;(01100010) (142) (98) (62)   ;(01100001) (141) (97) (61)   ;(01100001) (141) (97) (61)   ;(01100001) (141) (97) (61)   ;(01100001) (141) (97) (61)   ;(01100001) (141) (97) (61)   ;(01100001) (141) (97) (61)   ;
;1688;(01100001) (141) (97) (61)    ;(01100001) (141) (97) (61)   ;(01100001) (141) (97) (61)   ;(01100001) (141) (97) (61)   ;(01100001) (141) (97) (61)   ;(01100001) (141) (97) (61)   ;(01100000) (140) (96) (60)   ;(01100000) (140) (96) (60)   ;
;1696;(01100000) (140) (96) (60)    ;(01100000) (140) (96) (60)   ;(01100000) (140) (96) (60)   ;(01100000) (140) (96) (60)   ;(01100000) (140) (96) (60)   ;(01100000) (140) (96) (60)   ;(01100000) (140) (96) (60)   ;(01100000) (140) (96) (60)   ;
;1704;(01100000) (140) (96) (60)    ;(01100000) (140) (96) (60)   ;(01011111) (137) (95) (5F)   ;(01011111) (137) (95) (5F)   ;(01011111) (137) (95) (5F)   ;(01011111) (137) (95) (5F)   ;(01011111) (137) (95) (5F)   ;(01011111) (137) (95) (5F)   ;
;1712;(01011111) (137) (95) (5F)    ;(01011111) (137) (95) (5F)   ;(01011111) (137) (95) (5F)   ;(01011111) (137) (95) (5F)   ;(01011111) (137) (95) (5F)   ;(01011110) (136) (94) (5E)   ;(01011110) (136) (94) (5E)   ;(01011110) (136) (94) (5E)   ;
;1720;(01011110) (136) (94) (5E)    ;(01011110) (136) (94) (5E)   ;(01011110) (136) (94) (5E)   ;(01011110) (136) (94) (5E)   ;(01011110) (136) (94) (5E)   ;(01011110) (136) (94) (5E)   ;(01011110) (136) (94) (5E)   ;(01011110) (136) (94) (5E)   ;
;1728;(01011110) (136) (94) (5E)    ;(01011101) (135) (93) (5D)   ;(01011101) (135) (93) (5D)   ;(01011101) (135) (93) (5D)   ;(01011101) (135) (93) (5D)   ;(01011101) (135) (93) (5D)   ;(01011101) (135) (93) (5D)   ;(01011101) (135) (93) (5D)   ;
;1736;(01011101) (135) (93) (5D)    ;(01011101) (135) (93) (5D)   ;(01011101) (135) (93) (5D)   ;(01011101) (135) (93) (5D)   ;(01011101) (135) (93) (5D)   ;(01011100) (134) (92) (5C)   ;(01011100) (134) (92) (5C)   ;(01011100) (134) (92) (5C)   ;
;1744;(01011100) (134) (92) (5C)    ;(01011100) (134) (92) (5C)   ;(01011100) (134) (92) (5C)   ;(01011100) (134) (92) (5C)   ;(01011100) (134) (92) (5C)   ;(01011100) (134) (92) (5C)   ;(01011100) (134) (92) (5C)   ;(01011100) (134) (92) (5C)   ;
;1752;(01011011) (133) (91) (5B)    ;(01011011) (133) (91) (5B)   ;(01011011) (133) (91) (5B)   ;(01011011) (133) (91) (5B)   ;(01011011) (133) (91) (5B)   ;(01011011) (133) (91) (5B)   ;(01011011) (133) (91) (5B)   ;(01011011) (133) (91) (5B)   ;
;1760;(01011011) (133) (91) (5B)    ;(01011011) (133) (91) (5B)   ;(01011011) (133) (91) (5B)   ;(01011010) (132) (90) (5A)   ;(01011010) (132) (90) (5A)   ;(01011010) (132) (90) (5A)   ;(01011010) (132) (90) (5A)   ;(01011010) (132) (90) (5A)   ;
;1768;(01011010) (132) (90) (5A)    ;(01011010) (132) (90) (5A)   ;(01011010) (132) (90) (5A)   ;(01011010) (132) (90) (5A)   ;(01011010) (132) (90) (5A)   ;(01011010) (132) (90) (5A)   ;(01011010) (132) (90) (5A)   ;(01011001) (131) (89) (59)   ;
;1776;(01011001) (131) (89) (59)    ;(01011001) (131) (89) (59)   ;(01011001) (131) (89) (59)   ;(01011001) (131) (89) (59)   ;(01011001) (131) (89) (59)   ;(01011001) (131) (89) (59)   ;(01011001) (131) (89) (59)   ;(01011001) (131) (89) (59)   ;
;1784;(01011001) (131) (89) (59)    ;(01011001) (131) (89) (59)   ;(01011000) (130) (88) (58)   ;(01011000) (130) (88) (58)   ;(01011000) (130) (88) (58)   ;(01011000) (130) (88) (58)   ;(01011000) (130) (88) (58)   ;(01011000) (130) (88) (58)   ;
;1792;(01011000) (130) (88) (58)    ;(01011000) (130) (88) (58)   ;(01011000) (130) (88) (58)   ;(01011000) (130) (88) (58)   ;(01011000) (130) (88) (58)   ;(01010111) (127) (87) (57)   ;(01010111) (127) (87) (57)   ;(01010111) (127) (87) (57)   ;
;1800;(01010111) (127) (87) (57)    ;(01010111) (127) (87) (57)   ;(01010111) (127) (87) (57)   ;(01010111) (127) (87) (57)   ;(01010111) (127) (87) (57)   ;(01010111) (127) (87) (57)   ;(01010111) (127) (87) (57)   ;(01010111) (127) (87) (57)   ;
;1808;(01010110) (126) (86) (56)    ;(01010110) (126) (86) (56)   ;(01010110) (126) (86) (56)   ;(01010110) (126) (86) (56)   ;(01010110) (126) (86) (56)   ;(01010110) (126) (86) (56)   ;(01010110) (126) (86) (56)   ;(01010110) (126) (86) (56)   ;
;1816;(01010110) (126) (86) (56)    ;(01010110) (126) (86) (56)   ;(01010110) (126) (86) (56)   ;(01010101) (125) (85) (55)   ;(01010101) (125) (85) (55)   ;(01010101) (125) (85) (55)   ;(01010101) (125) (85) (55)   ;(01010101) (125) (85) (55)   ;
;1824;(01010101) (125) (85) (55)    ;(01010101) (125) (85) (55)   ;(01010101) (125) (85) (55)   ;(01010101) (125) (85) (55)   ;(01010101) (125) (85) (55)   ;(01010101) (125) (85) (55)   ;(01010100) (124) (84) (54)   ;(01010100) (124) (84) (54)   ;
;1832;(01010100) (124) (84) (54)    ;(01010100) (124) (84) (54)   ;(01010100) (124) (84) (54)   ;(01010100) (124) (84) (54)   ;(01010100) (124) (84) (54)   ;(01010100) (124) (84) (54)   ;(01010100) (124) (84) (54)   ;(01010100) (124) (84) (54)   ;
;1840;(01010011) (123) (83) (53)    ;(01010011) (123) (83) (53)   ;(01010011) (123) (83) (53)   ;(01010011) (123) (83) (53)   ;(01010011) (123) (83) (53)   ;(01010011) (123) (83) (53)   ;(01010011) (123) (83) (53)   ;(01010011) (123) (83) (53)   ;
;1848;(01010011) (123) (83) (53)    ;(01010011) (123) (83) (53)   ;(01010011) (123) (83) (53)   ;(01010010) (122) (82) (52)   ;(01010010) (122) (82) (52)   ;(01010010) (122) (82) (52)   ;(01010010) (122) (82) (52)   ;(01010010) (122) (82) (52)   ;
;1856;(01010010) (122) (82) (52)    ;(01010010) (122) (82) (52)   ;(01010010) (122) (82) (52)   ;(01010010) (122) (82) (52)   ;(01010010) (122) (82) (52)   ;(01010010) (122) (82) (52)   ;(01010001) (121) (81) (51)   ;(01010001) (121) (81) (51)   ;
;1864;(01010001) (121) (81) (51)    ;(01010001) (121) (81) (51)   ;(01010001) (121) (81) (51)   ;(01010001) (121) (81) (51)   ;(01010001) (121) (81) (51)   ;(01010001) (121) (81) (51)   ;(01010001) (121) (81) (51)   ;(01010001) (121) (81) (51)   ;
;1872;(01010001) (121) (81) (51)    ;(01010000) (120) (80) (50)   ;(01010000) (120) (80) (50)   ;(01010000) (120) (80) (50)   ;(01010000) (120) (80) (50)   ;(01010000) (120) (80) (50)   ;(01010000) (120) (80) (50)   ;(01010000) (120) (80) (50)   ;
;1880;(01010000) (120) (80) (50)    ;(01010000) (120) (80) (50)   ;(01010000) (120) (80) (50)   ;(01001111) (117) (79) (4F)   ;(01001111) (117) (79) (4F)   ;(01001111) (117) (79) (4F)   ;(01001111) (117) (79) (4F)   ;(01001111) (117) (79) (4F)   ;
;1888;(01001111) (117) (79) (4F)    ;(01001111) (117) (79) (4F)   ;(01001111) (117) (79) (4F)   ;(01001111) (117) (79) (4F)   ;(01001111) (117) (79) (4F)   ;(01001111) (117) (79) (4F)   ;(01001110) (116) (78) (4E)   ;(01001110) (116) (78) (4E)   ;
;1896;(01001110) (116) (78) (4E)    ;(01001110) (116) (78) (4E)   ;(01001110) (116) (78) (4E)   ;(01001110) (116) (78) (4E)   ;(01001110) (116) (78) (4E)   ;(01001110) (116) (78) (4E)   ;(01001110) (116) (78) (4E)   ;(01001110) (116) (78) (4E)   ;
;1904;(01001101) (115) (77) (4D)    ;(01001101) (115) (77) (4D)   ;(01001101) (115) (77) (4D)   ;(01001101) (115) (77) (4D)   ;(01001101) (115) (77) (4D)   ;(01001101) (115) (77) (4D)   ;(01001101) (115) (77) (4D)   ;(01001101) (115) (77) (4D)   ;
;1912;(01001101) (115) (77) (4D)    ;(01001101) (115) (77) (4D)   ;(01001101) (115) (77) (4D)   ;(01001100) (114) (76) (4C)   ;(01001100) (114) (76) (4C)   ;(01001100) (114) (76) (4C)   ;(01001100) (114) (76) (4C)   ;(01001100) (114) (76) (4C)   ;
;1920;(01001100) (114) (76) (4C)    ;(01001100) (114) (76) (4C)   ;(01001100) (114) (76) (4C)   ;(01001100) (114) (76) (4C)   ;(01001100) (114) (76) (4C)   ;(01001011) (113) (75) (4B)   ;(01001011) (113) (75) (4B)   ;(01001011) (113) (75) (4B)   ;
;1928;(01001011) (113) (75) (4B)    ;(01001011) (113) (75) (4B)   ;(01001011) (113) (75) (4B)   ;(01001011) (113) (75) (4B)   ;(01001011) (113) (75) (4B)   ;(01001011) (113) (75) (4B)   ;(01001011) (113) (75) (4B)   ;(01001010) (112) (74) (4A)   ;
;1936;(01001010) (112) (74) (4A)    ;(01001010) (112) (74) (4A)   ;(01001010) (112) (74) (4A)   ;(01001010) (112) (74) (4A)   ;(01001010) (112) (74) (4A)   ;(01001010) (112) (74) (4A)   ;(01001010) (112) (74) (4A)   ;(01001010) (112) (74) (4A)   ;
;1944;(01001010) (112) (74) (4A)    ;(01001010) (112) (74) (4A)   ;(01001001) (111) (73) (49)   ;(01001001) (111) (73) (49)   ;(01001001) (111) (73) (49)   ;(01001001) (111) (73) (49)   ;(01001001) (111) (73) (49)   ;(01001001) (111) (73) (49)   ;
;1952;(01001001) (111) (73) (49)    ;(01001001) (111) (73) (49)   ;(01001001) (111) (73) (49)   ;(01001001) (111) (73) (49)   ;(01001000) (110) (72) (48)   ;(01001000) (110) (72) (48)   ;(01001000) (110) (72) (48)   ;(01001000) (110) (72) (48)   ;
;1960;(01001000) (110) (72) (48)    ;(01001000) (110) (72) (48)   ;(01001000) (110) (72) (48)   ;(01001000) (110) (72) (48)   ;(01001000) (110) (72) (48)   ;(01001000) (110) (72) (48)   ;(01000111) (107) (71) (47)   ;(01000111) (107) (71) (47)   ;
;1968;(01000111) (107) (71) (47)    ;(01000111) (107) (71) (47)   ;(01000111) (107) (71) (47)   ;(01000111) (107) (71) (47)   ;(01000111) (107) (71) (47)   ;(01000111) (107) (71) (47)   ;(01000111) (107) (71) (47)   ;(01000111) (107) (71) (47)   ;
;1976;(01000111) (107) (71) (47)    ;(01000110) (106) (70) (46)   ;(01000110) (106) (70) (46)   ;(01000110) (106) (70) (46)   ;(01000110) (106) (70) (46)   ;(01000110) (106) (70) (46)   ;(01000110) (106) (70) (46)   ;(01000110) (106) (70) (46)   ;
;1984;(01000110) (106) (70) (46)    ;(01000110) (106) (70) (46)   ;(01000110) (106) (70) (46)   ;(01000101) (105) (69) (45)   ;(01000101) (105) (69) (45)   ;(01000101) (105) (69) (45)   ;(01000101) (105) (69) (45)   ;(01000101) (105) (69) (45)   ;
;1992;(01000101) (105) (69) (45)    ;(01000101) (105) (69) (45)   ;(01000101) (105) (69) (45)   ;(01000101) (105) (69) (45)   ;(01000101) (105) (69) (45)   ;(01000100) (104) (68) (44)   ;(01000100) (104) (68) (44)   ;(01000100) (104) (68) (44)   ;
;2000;(01000100) (104) (68) (44)    ;(01000100) (104) (68) (44)   ;(01000100) (104) (68) (44)   ;(01000100) (104) (68) (44)   ;(01000100) (104) (68) (44)   ;(01000100) (104) (68) (44)   ;(01000100) (104) (68) (44)   ;(01000100) (104) (68) (44)   ;
;2008;(01000011) (103) (67) (43)    ;(01000011) (103) (67) (43)   ;(01000011) (103) (67) (43)   ;(01000011) (103) (67) (43)   ;(01000011) (103) (67) (43)   ;(01000011) (103) (67) (43)   ;(01000011) (103) (67) (43)   ;(01000011) (103) (67) (43)   ;
;2016;(01000011) (103) (67) (43)    ;(01000011) (103) (67) (43)   ;(01000010) (102) (66) (42)   ;(01000010) (102) (66) (42)   ;(01000010) (102) (66) (42)   ;(01000010) (102) (66) (42)   ;(01000010) (102) (66) (42)   ;(01000010) (102) (66) (42)   ;
;2024;(01000010) (102) (66) (42)    ;(01000010) (102) (66) (42)   ;(01000010) (102) (66) (42)   ;(01000010) (102) (66) (42)   ;(01000001) (101) (65) (41)   ;(01000001) (101) (65) (41)   ;(01000001) (101) (65) (41)   ;(01000001) (101) (65) (41)   ;
;2032;(01000001) (101) (65) (41)    ;(01000001) (101) (65) (41)   ;(01000001) (101) (65) (41)   ;(01000001) (101) (65) (41)   ;(01000001) (101) (65) (41)   ;(01000001) (101) (65) (41)   ;(01000000) (100) (64) (40)   ;(01000000) (100) (64) (40)   ;
;2040;(01000000) (100) (64) (40)    ;(01000000) (100) (64) (40)   ;(01000000) (100) (64) (40)   ;(01000000) (100) (64) (40)   ;(01000000) (100) (64) (40)   ;(01000000) (100) (64) (40)   ;(01000000) (100) (64) (40)   ;(01000000) (100) (64) (40)   ;
;2048;(00111111) (77) (63) (3F)    ;(00111111) (77) (63) (3F)   ;(00111111) (77) (63) (3F)   ;(00111111) (77) (63) (3F)   ;(00111111) (77) (63) (3F)   ;(00111111) (77) (63) (3F)   ;(00111111) (77) (63) (3F)   ;(00111111) (77) (63) (3F)   ;
;2056;(00111111) (77) (63) (3F)    ;(00111111) (77) (63) (3F)   ;(00111111) (77) (63) (3F)   ;(00111110) (76) (62) (3E)   ;(00111110) (76) (62) (3E)   ;(00111110) (76) (62) (3E)   ;(00111110) (76) (62) (3E)   ;(00111110) (76) (62) (3E)   ;
;2064;(00111110) (76) (62) (3E)    ;(00111110) (76) (62) (3E)   ;(00111110) (76) (62) (3E)   ;(00111110) (76) (62) (3E)   ;(00111110) (76) (62) (3E)   ;(00111101) (75) (61) (3D)   ;(00111101) (75) (61) (3D)   ;(00111101) (75) (61) (3D)   ;
;2072;(00111101) (75) (61) (3D)    ;(00111101) (75) (61) (3D)   ;(00111101) (75) (61) (3D)   ;(00111101) (75) (61) (3D)   ;(00111101) (75) (61) (3D)   ;(00111101) (75) (61) (3D)   ;(00111101) (75) (61) (3D)   ;(00111100) (74) (60) (3C)   ;
;2080;(00111100) (74) (60) (3C)    ;(00111100) (74) (60) (3C)   ;(00111100) (74) (60) (3C)   ;(00111100) (74) (60) (3C)   ;(00111100) (74) (60) (3C)   ;(00111100) (74) (60) (3C)   ;(00111100) (74) (60) (3C)   ;(00111100) (74) (60) (3C)   ;
;2088;(00111100) (74) (60) (3C)    ;(00111011) (73) (59) (3B)   ;(00111011) (73) (59) (3B)   ;(00111011) (73) (59) (3B)   ;(00111011) (73) (59) (3B)   ;(00111011) (73) (59) (3B)   ;(00111011) (73) (59) (3B)   ;(00111011) (73) (59) (3B)   ;
;2096;(00111011) (73) (59) (3B)    ;(00111011) (73) (59) (3B)   ;(00111011) (73) (59) (3B)   ;(00111011) (73) (59) (3B)   ;(00111010) (72) (58) (3A)   ;(00111010) (72) (58) (3A)   ;(00111010) (72) (58) (3A)   ;(00111010) (72) (58) (3A)   ;
;2104;(00111010) (72) (58) (3A)    ;(00111010) (72) (58) (3A)   ;(00111010) (72) (58) (3A)   ;(00111010) (72) (58) (3A)   ;(00111010) (72) (58) (3A)   ;(00111010) (72) (58) (3A)   ;(00111001) (71) (57) (39)   ;(00111001) (71) (57) (39)   ;
;2112;(00111001) (71) (57) (39)    ;(00111001) (71) (57) (39)   ;(00111001) (71) (57) (39)   ;(00111001) (71) (57) (39)   ;(00111001) (71) (57) (39)   ;(00111001) (71) (57) (39)   ;(00111001) (71) (57) (39)   ;(00111001) (71) (57) (39)   ;
;2120;(00111000) (70) (56) (38)    ;(00111000) (70) (56) (38)   ;(00111000) (70) (56) (38)   ;(00111000) (70) (56) (38)   ;(00111000) (70) (56) (38)   ;(00111000) (70) (56) (38)   ;(00111000) (70) (56) (38)   ;(00111000) (70) (56) (38)   ;
;2128;(00111000) (70) (56) (38)    ;(00111000) (70) (56) (38)   ;(00111000) (70) (56) (38)   ;(00110111) (67) (55) (37)   ;(00110111) (67) (55) (37)   ;(00110111) (67) (55) (37)   ;(00110111) (67) (55) (37)   ;(00110111) (67) (55) (37)   ;
;2136;(00110111) (67) (55) (37)    ;(00110111) (67) (55) (37)   ;(00110111) (67) (55) (37)   ;(00110111) (67) (55) (37)   ;(00110111) (67) (55) (37)   ;(00110110) (66) (54) (36)   ;(00110110) (66) (54) (36)   ;(00110110) (66) (54) (36)   ;
;2144;(00110110) (66) (54) (36)    ;(00110110) (66) (54) (36)   ;(00110110) (66) (54) (36)   ;(00110110) (66) (54) (36)   ;(00110110) (66) (54) (36)   ;(00110110) (66) (54) (36)   ;(00110110) (66) (54) (36)   ;(00110101) (65) (53) (35)   ;
;2152;(00110101) (65) (53) (35)    ;(00110101) (65) (53) (35)   ;(00110101) (65) (53) (35)   ;(00110101) (65) (53) (35)   ;(00110101) (65) (53) (35)   ;(00110101) (65) (53) (35)   ;(00110101) (65) (53) (35)   ;(00110101) (65) (53) (35)   ;
;2160;(00110101) (65) (53) (35)    ;(00110101) (65) (53) (35)   ;(00110100) (64) (52) (34)   ;(00110100) (64) (52) (34)   ;(00110100) (64) (52) (34)   ;(00110100) (64) (52) (34)   ;(00110100) (64) (52) (34)   ;(00110100) (64) (52) (34)   ;
;2168;(00110100) (64) (52) (34)    ;(00110100) (64) (52) (34)   ;(00110100) (64) (52) (34)   ;(00110100) (64) (52) (34)   ;(00110011) (63) (51) (33)   ;(00110011) (63) (51) (33)   ;(00110011) (63) (51) (33)   ;(00110011) (63) (51) (33)   ;
;2176;(00110011) (63) (51) (33)    ;(00110011) (63) (51) (33)   ;(00110011) (63) (51) (33)   ;(00110011) (63) (51) (33)   ;(00110011) (63) (51) (33)   ;(00110011) (63) (51) (33)   ;(00110010) (62) (50) (32)   ;(00110010) (62) (50) (32)   ;
;2184;(00110010) (62) (50) (32)    ;(00110010) (62) (50) (32)   ;(00110010) (62) (50) (32)   ;(00110010) (62) (50) (32)   ;(00110010) (62) (50) (32)   ;(00110010) (62) (50) (32)   ;(00110010) (62) (50) (32)   ;(00110010) (62) (50) (32)   ;
;2192;(00110010) (62) (50) (32)    ;(00110001) (61) (49) (31)   ;(00110001) (61) (49) (31)   ;(00110001) (61) (49) (31)   ;(00110001) (61) (49) (31)   ;(00110001) (61) (49) (31)   ;(00110001) (61) (49) (31)   ;(00110001) (61) (49) (31)   ;
;2200;(00110001) (61) (49) (31)    ;(00110001) (61) (49) (31)   ;(00110001) (61) (49) (31)   ;(00110000) (60) (48) (30)   ;(00110000) (60) (48) (30)   ;(00110000) (60) (48) (30)   ;(00110000) (60) (48) (30)   ;(00110000) (60) (48) (30)   ;
;2208;(00110000) (60) (48) (30)    ;(00110000) (60) (48) (30)   ;(00110000) (60) (48) (30)   ;(00110000) (60) (48) (30)   ;(00110000) (60) (48) (30)   ;(00110000) (60) (48) (30)   ;(00101111) (57) (47) (2F)   ;(00101111) (57) (47) (2F)   ;
;2216;(00101111) (57) (47) (2F)    ;(00101111) (57) (47) (2F)   ;(00101111) (57) (47) (2F)   ;(00101111) (57) (47) (2F)   ;(00101111) (57) (47) (2F)   ;(00101111) (57) (47) (2F)   ;(00101111) (57) (47) (2F)   ;(00101111) (57) (47) (2F)   ;
;2224;(00101110) (56) (46) (2E)    ;(00101110) (56) (46) (2E)   ;(00101110) (56) (46) (2E)   ;(00101110) (56) (46) (2E)   ;(00101110) (56) (46) (2E)   ;(00101110) (56) (46) (2E)   ;(00101110) (56) (46) (2E)   ;(00101110) (56) (46) (2E)   ;
;2232;(00101110) (56) (46) (2E)    ;(00101110) (56) (46) (2E)   ;(00101110) (56) (46) (2E)   ;(00101101) (55) (45) (2D)   ;(00101101) (55) (45) (2D)   ;(00101101) (55) (45) (2D)   ;(00101101) (55) (45) (2D)   ;(00101101) (55) (45) (2D)   ;
;2240;(00101101) (55) (45) (2D)    ;(00101101) (55) (45) (2D)   ;(00101101) (55) (45) (2D)   ;(00101101) (55) (45) (2D)   ;(00101101) (55) (45) (2D)   ;(00101101) (55) (45) (2D)   ;(00101100) (54) (44) (2C)   ;(00101100) (54) (44) (2C)   ;
;2248;(00101100) (54) (44) (2C)    ;(00101100) (54) (44) (2C)   ;(00101100) (54) (44) (2C)   ;(00101100) (54) (44) (2C)   ;(00101100) (54) (44) (2C)   ;(00101100) (54) (44) (2C)   ;(00101100) (54) (44) (2C)   ;(00101100) (54) (44) (2C)   ;
;2256;(00101100) (54) (44) (2C)    ;(00101011) (53) (43) (2B)   ;(00101011) (53) (43) (2B)   ;(00101011) (53) (43) (2B)   ;(00101011) (53) (43) (2B)   ;(00101011) (53) (43) (2B)   ;(00101011) (53) (43) (2B)   ;(00101011) (53) (43) (2B)   ;
;2264;(00101011) (53) (43) (2B)    ;(00101011) (53) (43) (2B)   ;(00101011) (53) (43) (2B)   ;(00101010) (52) (42) (2A)   ;(00101010) (52) (42) (2A)   ;(00101010) (52) (42) (2A)   ;(00101010) (52) (42) (2A)   ;(00101010) (52) (42) (2A)   ;
;2272;(00101010) (52) (42) (2A)    ;(00101010) (52) (42) (2A)   ;(00101010) (52) (42) (2A)   ;(00101010) (52) (42) (2A)   ;(00101010) (52) (42) (2A)   ;(00101010) (52) (42) (2A)   ;(00101001) (51) (41) (29)   ;(00101001) (51) (41) (29)   ;
;2280;(00101001) (51) (41) (29)    ;(00101001) (51) (41) (29)   ;(00101001) (51) (41) (29)   ;(00101001) (51) (41) (29)   ;(00101001) (51) (41) (29)   ;(00101001) (51) (41) (29)   ;(00101001) (51) (41) (29)   ;(00101001) (51) (41) (29)   ;
;2288;(00101001) (51) (41) (29)    ;(00101000) (50) (40) (28)   ;(00101000) (50) (40) (28)   ;(00101000) (50) (40) (28)   ;(00101000) (50) (40) (28)   ;(00101000) (50) (40) (28)   ;(00101000) (50) (40) (28)   ;(00101000) (50) (40) (28)   ;
;2296;(00101000) (50) (40) (28)    ;(00101000) (50) (40) (28)   ;(00101000) (50) (40) (28)   ;(00101000) (50) (40) (28)   ;(00100111) (47) (39) (27)   ;(00100111) (47) (39) (27)   ;(00100111) (47) (39) (27)   ;(00100111) (47) (39) (27)   ;
;2304;(00100111) (47) (39) (27)    ;(00100111) (47) (39) (27)   ;(00100111) (47) (39) (27)   ;(00100111) (47) (39) (27)   ;(00100111) (47) (39) (27)   ;(00100111) (47) (39) (27)   ;(00100111) (47) (39) (27)   ;(00100110) (46) (38) (26)   ;
;2312;(00100110) (46) (38) (26)    ;(00100110) (46) (38) (26)   ;(00100110) (46) (38) (26)   ;(00100110) (46) (38) (26)   ;(00100110) (46) (38) (26)   ;(00100110) (46) (38) (26)   ;(00100110) (46) (38) (26)   ;(00100110) (46) (38) (26)   ;
;2320;(00100110) (46) (38) (26)    ;(00100110) (46) (38) (26)   ;(00100101) (45) (37) (25)   ;(00100101) (45) (37) (25)   ;(00100101) (45) (37) (25)   ;(00100101) (45) (37) (25)   ;(00100101) (45) (37) (25)   ;(00100101) (45) (37) (25)   ;
;2328;(00100101) (45) (37) (25)    ;(00100101) (45) (37) (25)   ;(00100101) (45) (37) (25)   ;(00100101) (45) (37) (25)   ;(00100101) (45) (37) (25)   ;(00100101) (45) (37) (25)   ;(00100100) (44) (36) (24)   ;(00100100) (44) (36) (24)   ;
;2336;(00100100) (44) (36) (24)    ;(00100100) (44) (36) (24)   ;(00100100) (44) (36) (24)   ;(00100100) (44) (36) (24)   ;(00100100) (44) (36) (24)   ;(00100100) (44) (36) (24)   ;(00100100) (44) (36) (24)   ;(00100100) (44) (36) (24)   ;
;2344;(00100100) (44) (36) (24)    ;(00100011) (43) (35) (23)   ;(00100011) (43) (35) (23)   ;(00100011) (43) (35) (23)   ;(00100011) (43) (35) (23)   ;(00100011) (43) (35) (23)   ;(00100011) (43) (35) (23)   ;(00100011) (43) (35) (23)   ;
;2352;(00100011) (43) (35) (23)    ;(00100011) (43) (35) (23)   ;(00100011) (43) (35) (23)   ;(00100011) (43) (35) (23)   ;(00100010) (42) (34) (22)   ;(00100010) (42) (34) (22)   ;(00100010) (42) (34) (22)   ;(00100010) (42) (34) (22)   ;
;2360;(00100010) (42) (34) (22)    ;(00100010) (42) (34) (22)   ;(00100010) (42) (34) (22)   ;(00100010) (42) (34) (22)   ;(00100010) (42) (34) (22)   ;(00100010) (42) (34) (22)   ;(00100010) (42) (34) (22)   ;(00100010) (42) (34) (22)   ;
;2368;(00100001) (41) (33) (21)    ;(00100001) (41) (33) (21)   ;(00100001) (41) (33) (21)   ;(00100001) (41) (33) (21)   ;(00100001) (41) (33) (21)   ;(00100001) (41) (33) (21)   ;(00100001) (41) (33) (21)   ;(00100001) (41) (33) (21)   ;
;2376;(00100001) (41) (33) (21)    ;(00100001) (41) (33) (21)   ;(00100001) (41) (33) (21)   ;(00100001) (41) (33) (21)   ;(00100000) (40) (32) (20)   ;(00100000) (40) (32) (20)   ;(00100000) (40) (32) (20)   ;(00100000) (40) (32) (20)   ;
;2384;(00100000) (40) (32) (20)    ;(00100000) (40) (32) (20)   ;(00100000) (40) (32) (20)   ;(00100000) (40) (32) (20)   ;(00100000) (40) (32) (20)   ;(00100000) (40) (32) (20)   ;(00100000) (40) (32) (20)   ;(00011111) (37) (31) (1F)   ;
;2392;(00011111) (37) (31) (1F)    ;(00011111) (37) (31) (1F)   ;(00011111) (37) (31) (1F)   ;(00011111) (37) (31) (1F)   ;(00011111) (37) (31) (1F)   ;(00011111) (37) (31) (1F)   ;(00011111) (37) (31) (1F)   ;(00011111) (37) (31) (1F)   ;
;2400;(00011111) (37) (31) (1F)    ;(00011111) (37) (31) (1F)   ;(00011111) (37) (31) (1F)   ;(00011110) (36) (30) (1E)   ;(00011110) (36) (30) (1E)   ;(00011110) (36) (30) (1E)   ;(00011110) (36) (30) (1E)   ;(00011110) (36) (30) (1E)   ;
;2408;(00011110) (36) (30) (1E)    ;(00011110) (36) (30) (1E)   ;(00011110) (36) (30) (1E)   ;(00011110) (36) (30) (1E)   ;(00011110) (36) (30) (1E)   ;(00011110) (36) (30) (1E)   ;(00011110) (36) (30) (1E)   ;(00011101) (35) (29) (1D)   ;
;2416;(00011101) (35) (29) (1D)    ;(00011101) (35) (29) (1D)   ;(00011101) (35) (29) (1D)   ;(00011101) (35) (29) (1D)   ;(00011101) (35) (29) (1D)   ;(00011101) (35) (29) (1D)   ;(00011101) (35) (29) (1D)   ;(00011101) (35) (29) (1D)   ;
;2424;(00011101) (35) (29) (1D)    ;(00011101) (35) (29) (1D)   ;(00011101) (35) (29) (1D)   ;(00011100) (34) (28) (1C)   ;(00011100) (34) (28) (1C)   ;(00011100) (34) (28) (1C)   ;(00011100) (34) (28) (1C)   ;(00011100) (34) (28) (1C)   ;
;2432;(00011100) (34) (28) (1C)    ;(00011100) (34) (28) (1C)   ;(00011100) (34) (28) (1C)   ;(00011100) (34) (28) (1C)   ;(00011100) (34) (28) (1C)   ;(00011100) (34) (28) (1C)   ;(00011100) (34) (28) (1C)   ;(00011100) (34) (28) (1C)   ;
;2440;(00011011) (33) (27) (1B)    ;(00011011) (33) (27) (1B)   ;(00011011) (33) (27) (1B)   ;(00011011) (33) (27) (1B)   ;(00011011) (33) (27) (1B)   ;(00011011) (33) (27) (1B)   ;(00011011) (33) (27) (1B)   ;(00011011) (33) (27) (1B)   ;
;2448;(00011011) (33) (27) (1B)    ;(00011011) (33) (27) (1B)   ;(00011011) (33) (27) (1B)   ;(00011011) (33) (27) (1B)   ;(00011010) (32) (26) (1A)   ;(00011010) (32) (26) (1A)   ;(00011010) (32) (26) (1A)   ;(00011010) (32) (26) (1A)   ;
;2456;(00011010) (32) (26) (1A)    ;(00011010) (32) (26) (1A)   ;(00011010) (32) (26) (1A)   ;(00011010) (32) (26) (1A)   ;(00011010) (32) (26) (1A)   ;(00011010) (32) (26) (1A)   ;(00011010) (32) (26) (1A)   ;(00011010) (32) (26) (1A)   ;
;2464;(00011010) (32) (26) (1A)    ;(00011001) (31) (25) (19)   ;(00011001) (31) (25) (19)   ;(00011001) (31) (25) (19)   ;(00011001) (31) (25) (19)   ;(00011001) (31) (25) (19)   ;(00011001) (31) (25) (19)   ;(00011001) (31) (25) (19)   ;
;2472;(00011001) (31) (25) (19)    ;(00011001) (31) (25) (19)   ;(00011001) (31) (25) (19)   ;(00011001) (31) (25) (19)   ;(00011001) (31) (25) (19)   ;(00011001) (31) (25) (19)   ;(00011000) (30) (24) (18)   ;(00011000) (30) (24) (18)   ;
;2480;(00011000) (30) (24) (18)    ;(00011000) (30) (24) (18)   ;(00011000) (30) (24) (18)   ;(00011000) (30) (24) (18)   ;(00011000) (30) (24) (18)   ;(00011000) (30) (24) (18)   ;(00011000) (30) (24) (18)   ;(00011000) (30) (24) (18)   ;
;2488;(00011000) (30) (24) (18)    ;(00011000) (30) (24) (18)   ;(00011000) (30) (24) (18)   ;(00010111) (27) (23) (17)   ;(00010111) (27) (23) (17)   ;(00010111) (27) (23) (17)   ;(00010111) (27) (23) (17)   ;(00010111) (27) (23) (17)   ;
;2496;(00010111) (27) (23) (17)    ;(00010111) (27) (23) (17)   ;(00010111) (27) (23) (17)   ;(00010111) (27) (23) (17)   ;(00010111) (27) (23) (17)   ;(00010111) (27) (23) (17)   ;(00010111) (27) (23) (17)   ;(00010111) (27) (23) (17)   ;
;2504;(00010110) (26) (22) (16)    ;(00010110) (26) (22) (16)   ;(00010110) (26) (22) (16)   ;(00010110) (26) (22) (16)   ;(00010110) (26) (22) (16)   ;(00010110) (26) (22) (16)   ;(00010110) (26) (22) (16)   ;(00010110) (26) (22) (16)   ;
;2512;(00010110) (26) (22) (16)    ;(00010110) (26) (22) (16)   ;(00010110) (26) (22) (16)   ;(00010110) (26) (22) (16)   ;(00010110) (26) (22) (16)   ;(00010101) (25) (21) (15)   ;(00010101) (25) (21) (15)   ;(00010101) (25) (21) (15)   ;
;2520;(00010101) (25) (21) (15)    ;(00010101) (25) (21) (15)   ;(00010101) (25) (21) (15)   ;(00010101) (25) (21) (15)   ;(00010101) (25) (21) (15)   ;(00010101) (25) (21) (15)   ;(00010101) (25) (21) (15)   ;(00010101) (25) (21) (15)   ;
;2528;(00010101) (25) (21) (15)    ;(00010101) (25) (21) (15)   ;(00010101) (25) (21) (15)   ;(00010100) (24) (20) (14)   ;(00010100) (24) (20) (14)   ;(00010100) (24) (20) (14)   ;(00010100) (24) (20) (14)   ;(00010100) (24) (20) (14)   ;
;2536;(00010100) (24) (20) (14)    ;(00010100) (24) (20) (14)   ;(00010100) (24) (20) (14)   ;(00010100) (24) (20) (14)   ;(00010100) (24) (20) (14)   ;(00010100) (24) (20) (14)   ;(00010100) (24) (20) (14)   ;(00010100) (24) (20) (14)   ;
;2544;(00010100) (24) (20) (14)    ;(00010011) (23) (19) (13)   ;(00010011) (23) (19) (13)   ;(00010011) (23) (19) (13)   ;(00010011) (23) (19) (13)   ;(00010011) (23) (19) (13)   ;(00010011) (23) (19) (13)   ;(00010011) (23) (19) (13)   ;
;2552;(00010011) (23) (19) (13)    ;(00010011) (23) (19) (13)   ;(00010011) (23) (19) (13)   ;(00010011) (23) (19) (13)   ;(00010011) (23) (19) (13)   ;(00010011) (23) (19) (13)   ;(00010011) (23) (19) (13)   ;(00010010) (22) (18) (12)   ;
;2560;(00010010) (22) (18) (12)    ;(00010010) (22) (18) (12)   ;(00010010) (22) (18) (12)   ;(00010010) (22) (18) (12)   ;(00010010) (22) (18) (12)   ;(00010010) (22) (18) (12)   ;(00010010) (22) (18) (12)   ;(00010010) (22) (18) (12)   ;
;2568;(00010010) (22) (18) (12)    ;(00010010) (22) (18) (12)   ;(00010010) (22) (18) (12)   ;(00010010) (22) (18) (12)   ;(00010010) (22) (18) (12)   ;(00010010) (22) (18) (12)   ;(00010001) (21) (17) (11)   ;(00010001) (21) (17) (11)   ;
;2576;(00010001) (21) (17) (11)    ;(00010001) (21) (17) (11)   ;(00010001) (21) (17) (11)   ;(00010001) (21) (17) (11)   ;(00010001) (21) (17) (11)   ;(00010001) (21) (17) (11)   ;(00010001) (21) (17) (11)   ;(00010001) (21) (17) (11)   ;
;2584;(00010001) (21) (17) (11)    ;(00010001) (21) (17) (11)   ;(00010001) (21) (17) (11)   ;(00010001) (21) (17) (11)   ;(00010001) (21) (17) (11)   ;(00010000) (20) (16) (10)   ;(00010000) (20) (16) (10)   ;(00010000) (20) (16) (10)   ;
;2592;(00010000) (20) (16) (10)    ;(00010000) (20) (16) (10)   ;(00010000) (20) (16) (10)   ;(00010000) (20) (16) (10)   ;(00010000) (20) (16) (10)   ;(00010000) (20) (16) (10)   ;(00010000) (20) (16) (10)   ;(00010000) (20) (16) (10)   ;
;2600;(00010000) (20) (16) (10)    ;(00010000) (20) (16) (10)   ;(00010000) (20) (16) (10)   ;(00010000) (20) (16) (10)   ;(00001111) (17) (15) (0F)   ;(00001111) (17) (15) (0F)   ;(00001111) (17) (15) (0F)   ;(00001111) (17) (15) (0F)   ;
;2608;(00001111) (17) (15) (0F)    ;(00001111) (17) (15) (0F)   ;(00001111) (17) (15) (0F)   ;(00001111) (17) (15) (0F)   ;(00001111) (17) (15) (0F)   ;(00001111) (17) (15) (0F)   ;(00001111) (17) (15) (0F)   ;(00001111) (17) (15) (0F)   ;
;2616;(00001111) (17) (15) (0F)    ;(00001111) (17) (15) (0F)   ;(00001111) (17) (15) (0F)   ;(00001111) (17) (15) (0F)   ;(00001110) (16) (14) (0E)   ;(00001110) (16) (14) (0E)   ;(00001110) (16) (14) (0E)   ;(00001110) (16) (14) (0E)   ;
;2624;(00001110) (16) (14) (0E)    ;(00001110) (16) (14) (0E)   ;(00001110) (16) (14) (0E)   ;(00001110) (16) (14) (0E)   ;(00001110) (16) (14) (0E)   ;(00001110) (16) (14) (0E)   ;(00001110) (16) (14) (0E)   ;(00001110) (16) (14) (0E)   ;
;2632;(00001110) (16) (14) (0E)    ;(00001110) (16) (14) (0E)   ;(00001110) (16) (14) (0E)   ;(00001110) (16) (14) (0E)   ;(00001101) (15) (13) (0D)   ;(00001101) (15) (13) (0D)   ;(00001101) (15) (13) (0D)   ;(00001101) (15) (13) (0D)   ;
;2640;(00001101) (15) (13) (0D)    ;(00001101) (15) (13) (0D)   ;(00001101) (15) (13) (0D)   ;(00001101) (15) (13) (0D)   ;(00001101) (15) (13) (0D)   ;(00001101) (15) (13) (0D)   ;(00001101) (15) (13) (0D)   ;(00001101) (15) (13) (0D)   ;
;2648;(00001101) (15) (13) (0D)    ;(00001101) (15) (13) (0D)   ;(00001101) (15) (13) (0D)   ;(00001101) (15) (13) (0D)   ;(00001101) (15) (13) (0D)   ;(00001100) (14) (12) (0C)   ;(00001100) (14) (12) (0C)   ;(00001100) (14) (12) (0C)   ;
;2656;(00001100) (14) (12) (0C)    ;(00001100) (14) (12) (0C)   ;(00001100) (14) (12) (0C)   ;(00001100) (14) (12) (0C)   ;(00001100) (14) (12) (0C)   ;(00001100) (14) (12) (0C)   ;(00001100) (14) (12) (0C)   ;(00001100) (14) (12) (0C)   ;
;2664;(00001100) (14) (12) (0C)    ;(00001100) (14) (12) (0C)   ;(00001100) (14) (12) (0C)   ;(00001100) (14) (12) (0C)   ;(00001100) (14) (12) (0C)   ;(00001100) (14) (12) (0C)   ;(00001011) (13) (11) (0B)   ;(00001011) (13) (11) (0B)   ;
;2672;(00001011) (13) (11) (0B)    ;(00001011) (13) (11) (0B)   ;(00001011) (13) (11) (0B)   ;(00001011) (13) (11) (0B)   ;(00001011) (13) (11) (0B)   ;(00001011) (13) (11) (0B)   ;(00001011) (13) (11) (0B)   ;(00001011) (13) (11) (0B)   ;
;2680;(00001011) (13) (11) (0B)    ;(00001011) (13) (11) (0B)   ;(00001011) (13) (11) (0B)   ;(00001011) (13) (11) (0B)   ;(00001011) (13) (11) (0B)   ;(00001011) (13) (11) (0B)   ;(00001011) (13) (11) (0B)   ;(00001011) (13) (11) (0B)   ;
;2688;(00001010) (12) (10) (0A)    ;(00001010) (12) (10) (0A)   ;(00001010) (12) (10) (0A)   ;(00001010) (12) (10) (0A)   ;(00001010) (12) (10) (0A)   ;(00001010) (12) (10) (0A)   ;(00001010) (12) (10) (0A)   ;(00001010) (12) (10) (0A)   ;
;2696;(00001010) (12) (10) (0A)    ;(00001010) (12) (10) (0A)   ;(00001010) (12) (10) (0A)   ;(00001010) (12) (10) (0A)   ;(00001010) (12) (10) (0A)   ;(00001010) (12) (10) (0A)   ;(00001010) (12) (10) (0A)   ;(00001010) (12) (10) (0A)   ;
;2704;(00001010) (12) (10) (0A)    ;(00001010) (12) (10) (0A)   ;(00001010) (12) (10) (0A)   ;(00001001) (11) (9) (09)   ;(00001001) (11) (9) (09)   ;(00001001) (11) (9) (09)   ;(00001001) (11) (9) (09)   ;(00001001) (11) (9) (09)   ;
;2712;(00001001) (11) (9) (09)    ;(00001001) (11) (9) (09)   ;(00001001) (11) (9) (09)   ;(00001001) (11) (9) (09)   ;(00001001) (11) (9) (09)   ;(00001001) (11) (9) (09)   ;(00001001) (11) (9) (09)   ;(00001001) (11) (9) (09)   ;
;2720;(00001001) (11) (9) (09)    ;(00001001) (11) (9) (09)   ;(00001001) (11) (9) (09)   ;(00001001) (11) (9) (09)   ;(00001001) (11) (9) (09)   ;(00001001) (11) (9) (09)   ;(00001001) (11) (9) (09)   ;(00001000) (10) (8) (08)   ;
;2728;(00001000) (10) (8) (08)    ;(00001000) (10) (8) (08)   ;(00001000) (10) (8) (08)   ;(00001000) (10) (8) (08)   ;(00001000) (10) (8) (08)   ;(00001000) (10) (8) (08)   ;(00001000) (10) (8) (08)   ;(00001000) (10) (8) (08)   ;
;2736;(00001000) (10) (8) (08)    ;(00001000) (10) (8) (08)   ;(00001000) (10) (8) (08)   ;(00001000) (10) (8) (08)   ;(00001000) (10) (8) (08)   ;(00001000) (10) (8) (08)   ;(00001000) (10) (8) (08)   ;(00001000) (10) (8) (08)   ;
;2744;(00001000) (10) (8) (08)    ;(00001000) (10) (8) (08)   ;(00001000) (10) (8) (08)   ;(00001000) (10) (8) (08)   ;(00000111) (7) (7) (07)   ;(00000111) (7) (7) (07)   ;(00000111) (7) (7) (07)   ;(00000111) (7) (7) (07)   ;
;2752;(00000111) (7) (7) (07)    ;(00000111) (7) (7) (07)   ;(00000111) (7) (7) (07)   ;(00000111) (7) (7) (07)   ;(00000111) (7) (7) (07)   ;(00000111) (7) (7) (07)   ;(00000111) (7) (7) (07)   ;(00000111) (7) (7) (07)   ;
;2760;(00000111) (7) (7) (07)    ;(00000111) (7) (7) (07)   ;(00000111) (7) (7) (07)   ;(00000111) (7) (7) (07)   ;(00000111) (7) (7) (07)   ;(00000111) (7) (7) (07)   ;(00000111) (7) (7) (07)   ;(00000111) (7) (7) (07)   ;
;2768;(00000111) (7) (7) (07)    ;(00000111) (7) (7) (07)   ;(00000110) (6) (6) (06)   ;(00000110) (6) (6) (06)   ;(00000110) (6) (6) (06)   ;(00000110) (6) (6) (06)   ;(00000110) (6) (6) (06)   ;(00000110) (6) (6) (06)   ;
;2776;(00000110) (6) (6) (06)    ;(00000110) (6) (6) (06)   ;(00000110) (6) (6) (06)   ;(00000110) (6) (6) (06)   ;(00000110) (6) (6) (06)   ;(00000110) (6) (6) (06)   ;(00000110) (6) (6) (06)   ;(00000110) (6) (6) (06)   ;
;2784;(00000110) (6) (6) (06)    ;(00000110) (6) (6) (06)   ;(00000110) (6) (6) (06)   ;(00000110) (6) (6) (06)   ;(00000110) (6) (6) (06)   ;(00000110) (6) (6) (06)   ;(00000110) (6) (6) (06)   ;(00000110) (6) (6) (06)   ;
;2792;(00000110) (6) (6) (06)    ;(00000101) (5) (5) (05)   ;(00000101) (5) (5) (05)   ;(00000101) (5) (5) (05)   ;(00000101) (5) (5) (05)   ;(00000101) (5) (5) (05)   ;(00000101) (5) (5) (05)   ;(00000101) (5) (5) (05)   ;
;2800;(00000101) (5) (5) (05)    ;(00000101) (5) (5) (05)   ;(00000101) (5) (5) (05)   ;(00000101) (5) (5) (05)   ;(00000101) (5) (5) (05)   ;(00000101) (5) (5) (05)   ;(00000101) (5) (5) (05)   ;(00000101) (5) (5) (05)   ;
;2808;(00000101) (5) (5) (05)    ;(00000101) (5) (5) (05)   ;(00000101) (5) (5) (05)   ;(00000101) (5) (5) (05)   ;(00000101) (5) (5) (05)   ;(00000101) (5) (5) (05)   ;(00000101) (5) (5) (05)   ;(00000101) (5) (5) (05)   ;
;2816;(00000101) (5) (5) (05)    ;(00000101) (5) (5) (05)   ;(00000101) (5) (5) (05)   ;(00000100) (4) (4) (04)   ;(00000100) (4) (4) (04)   ;(00000100) (4) (4) (04)   ;(00000100) (4) (4) (04)   ;(00000100) (4) (4) (04)   ;
;2824;(00000100) (4) (4) (04)    ;(00000100) (4) (4) (04)   ;(00000100) (4) (4) (04)   ;(00000100) (4) (4) (04)   ;(00000100) (4) (4) (04)   ;(00000100) (4) (4) (04)   ;(00000100) (4) (4) (04)   ;(00000100) (4) (4) (04)   ;
;2832;(00000100) (4) (4) (04)    ;(00000100) (4) (4) (04)   ;(00000100) (4) (4) (04)   ;(00000100) (4) (4) (04)   ;(00000100) (4) (4) (04)   ;(00000100) (4) (4) (04)   ;(00000100) (4) (4) (04)   ;(00000100) (4) (4) (04)   ;
;2840;(00000100) (4) (4) (04)    ;(00000100) (4) (4) (04)   ;(00000100) (4) (4) (04)   ;(00000100) (4) (4) (04)   ;(00000100) (4) (4) (04)   ;(00000100) (4) (4) (04)   ;(00000100) (4) (4) (04)   ;(00000100) (4) (4) (04)   ;
;2848;(00000011) (3) (3) (03)    ;(00000011) (3) (3) (03)   ;(00000011) (3) (3) (03)   ;(00000011) (3) (3) (03)   ;(00000011) (3) (3) (03)   ;(00000011) (3) (3) (03)   ;(00000011) (3) (3) (03)   ;(00000011) (3) (3) (03)   ;
;2856;(00000011) (3) (3) (03)    ;(00000011) (3) (3) (03)   ;(00000011) (3) (3) (03)   ;(00000011) (3) (3) (03)   ;(00000011) (3) (3) (03)   ;(00000011) (3) (3) (03)   ;(00000011) (3) (3) (03)   ;(00000011) (3) (3) (03)   ;
;2864;(00000011) (3) (3) (03)    ;(00000011) (3) (3) (03)   ;(00000011) (3) (3) (03)   ;(00000011) (3) (3) (03)   ;(00000011) (3) (3) (03)   ;(00000011) (3) (3) (03)   ;(00000011) (3) (3) (03)   ;(00000011) (3) (3) (03)   ;
;2872;(00000011) (3) (3) (03)    ;(00000011) (3) (3) (03)   ;(00000011) (3) (3) (03)   ;(00000011) (3) (3) (03)   ;(00000011) (3) (3) (03)   ;(00000011) (3) (3) (03)   ;(00000011) (3) (3) (03)   ;(00000011) (3) (3) (03)   ;
;2880;(00000010) (2) (2) (02)    ;(00000010) (2) (2) (02)   ;(00000010) (2) (2) (02)   ;(00000010) (2) (2) (02)   ;(00000010) (2) (2) (02)   ;(00000010) (2) (2) (02)   ;(00000010) (2) (2) (02)   ;(00000010) (2) (2) (02)   ;
;2888;(00000010) (2) (2) (02)    ;(00000010) (2) (2) (02)   ;(00000010) (2) (2) (02)   ;(00000010) (2) (2) (02)   ;(00000010) (2) (2) (02)   ;(00000010) (2) (2) (02)   ;(00000010) (2) (2) (02)   ;(00000010) (2) (2) (02)   ;
;2896;(00000010) (2) (2) (02)    ;(00000010) (2) (2) (02)   ;(00000010) (2) (2) (02)   ;(00000010) (2) (2) (02)   ;(00000010) (2) (2) (02)   ;(00000010) (2) (2) (02)   ;(00000010) (2) (2) (02)   ;(00000010) (2) (2) (02)   ;
;2904;(00000010) (2) (2) (02)    ;(00000010) (2) (2) (02)   ;(00000010) (2) (2) (02)   ;(00000010) (2) (2) (02)   ;(00000010) (2) (2) (02)   ;(00000010) (2) (2) (02)   ;(00000010) (2) (2) (02)   ;(00000010) (2) (2) (02)   ;
;2912;(00000010) (2) (2) (02)    ;(00000010) (2) (2) (02)   ;(00000010) (2) (2) (02)   ;(00000010) (2) (2) (02)   ;(00000010) (2) (2) (02)   ;(00000010) (2) (2) (02)   ;(00000010) (2) (2) (02)   ;(00000001) (1) (1) (01)   ;
;2920;(00000001) (1) (1) (01)    ;(00000001) (1) (1) (01)   ;(00000001) (1) (1) (01)   ;(00000001) (1) (1) (01)   ;(00000001) (1) (1) (01)   ;(00000001) (1) (1) (01)   ;(00000001) (1) (1) (01)   ;(00000001) (1) (1) (01)   ;
;2928;(00000001) (1) (1) (01)    ;(00000001) (1) (1) (01)   ;(00000001) (1) (1) (01)   ;(00000001) (1) (1) (01)   ;(00000001) (1) (1) (01)   ;(00000001) (1) (1) (01)   ;(00000001) (1) (1) (01)   ;(00000001) (1) (1) (01)   ;
;2936;(00000001) (1) (1) (01)    ;(00000001) (1) (1) (01)   ;(00000001) (1) (1) (01)   ;(00000001) (1) (1) (01)   ;(00000001) (1) (1) (01)   ;(00000001) (1) (1) (01)   ;(00000001) (1) (1) (01)   ;(00000001) (1) (1) (01)   ;
;2944;(00000001) (1) (1) (01)    ;(00000001) (1) (1) (01)   ;(00000001) (1) (1) (01)   ;(00000001) (1) (1) (01)   ;(00000001) (1) (1) (01)   ;(00000001) (1) (1) (01)   ;(00000001) (1) (1) (01)   ;(00000001) (1) (1) (01)   ;
;2952;(00000001) (1) (1) (01)    ;(00000001) (1) (1) (01)   ;(00000001) (1) (1) (01)   ;(00000001) (1) (1) (01)   ;(00000001) (1) (1) (01)   ;(00000001) (1) (1) (01)   ;(00000001) (1) (1) (01)   ;(00000001) (1) (1) (01)   ;
;2960;(00000001) (1) (1) (01)    ;(00000001) (1) (1) (01)   ;(00000001) (1) (1) (01)   ;(00000001) (1) (1) (01)   ;(00000001) (1) (1) (01)   ;(00000001) (1) (1) (01)   ;(00000001) (1) (1) (01)   ;(00000001) (1) (1) (01)   ;
;2968;(00000001) (1) (1) (01)    ;(00000001) (1) (1) (01)   ;(00000001) (1) (1) (01)   ;(00000001) (1) (1) (01)   ;(00000000) (0) (0) (00)   ;(00000000) (0) (0) (00)   ;(00000000) (0) (0) (00)   ;(00000000) (0) (0) (00)   ;
;2976;(00000000) (0) (0) (00)    ;(00000000) (0) (0) (00)   ;(00000000) (0) (0) (00)   ;(00000000) (0) (0) (00)   ;(00000000) (0) (0) (00)   ;(00000000) (0) (0) (00)   ;(00000000) (0) (0) (00)   ;(00000000) (0) (0) (00)   ;
;2984;(00000000) (0) (0) (00)    ;(00000000) (0) (0) (00)   ;(00000000) (0) (0) (00)   ;(00000000) (0) (0) (00)   ;(00000000) (0) (0) (00)   ;(00000000) (0) (0) (00)   ;(00000000) (0) (0) (00)   ;(00000000) (0) (0) (00)   ;
;2992;(00000000) (0) (0) (00)    ;(00000000) (0) (0) (00)   ;(00000000) (0) (0) (00)   ;(00000000) (0) (0) (00)   ;(00000000) (0) (0) (00)   ;(00000000) (0) (0) (00)   ;(00000000) (0) (0) (00)   ;(00000000) (0) (0) (00)   ;
;3000;(00000000) (0) (0) (00)    ;(00000000) (0) (0) (00)   ;(00000000) (0) (0) (00)   ;(00000000) (0) (0) (00)   ;(00000000) (0) (0) (00)   ;(00000000) (0) (0) (00)   ;(00000000) (0) (0) (00)   ;(00000000) (0) (0) (00)   ;
;3008;(00000000) (0) (0) (00)    ;(00000000) (0) (0) (00)   ;(00000000) (0) (0) (00)   ;(00000000) (0) (0) (00)   ;(00000000) (0) (0) (00)   ;(00000000) (0) (0) (00)   ;(00000000) (0) (0) (00)   ;(00000000) (0) (0) (00)   ;
;3016;(00000000) (0) (0) (00)    ;(00000000) (0) (0) (00)   ;(00000000) (0) (0) (00)   ;(00000000) (0) (0) (00)   ;(00000000) (0) (0) (00)   ;(00000000) (0) (0) (00)   ;(00000000) (0) (0) (00)   ;(00000000) (0) (0) (00)   ;
;3024;(00000000) (0) (0) (00)    ;(00000000) (0) (0) (00)   ;(00000000) (0) (0) (00)   ;(00000000) (0) (0) (00)   ;(00000000) (0) (0) (00)   ;(00000000) (0) (0) (00)   ;(00000000) (0) (0) (00)   ;(00000000) (0) (0) (00)   ;
;3032;(00000000) (0) (0) (00)    ;(00000000) (0) (0) (00)   ;(00000000) (0) (0) (00)   ;(00000000) (0) (0) (00)   ;(00000000) (0) (0) (00)   ;(00000000) (0) (0) (00)   ;(00000000) (0) (0) (00)   ;(00000000) (0) (0) (00)   ;
;3040;(00000000) (0) (0) (00)    ;(00000000) (0) (0) (00)   ;(00000000) (0) (0) (00)   ;(00000000) (0) (0) (00)   ;(00000000) (0) (0) (00)   ;(00000000) (0) (0) (00)   ;(00000000) (0) (0) (00)   ;(00000000) (0) (0) (00)   ;
;3048;(00000000) (0) (0) (00)    ;(00000000) (0) (0) (00)   ;(00000000) (0) (0) (00)   ;(00000000) (0) (0) (00)   ;(00000000) (0) (0) (00)   ;(00000000) (0) (0) (00)   ;(00000000) (0) (0) (00)   ;(00000000) (0) (0) (00)   ;
;3056;(00000000) (0) (0) (00)    ;(00000000) (0) (0) (00)   ;(00000000) (0) (0) (00)   ;(00000000) (0) (0) (00)   ;(00000000) (0) (0) (00)   ;(00000000) (0) (0) (00)   ;(00000000) (0) (0) (00)   ;(00000000) (0) (0) (00)   ;
;3064;(00000000) (0) (0) (00)    ;(00000000) (0) (0) (00)   ;(00000000) (0) (0) (00)   ;(00000000) (0) (0) (00)   ;(00000000) (0) (0) (00)   ;(00000000) (0) (0) (00)   ;(00000000) (0) (0) (00)   ;(00000000) (0) (0) (00)   ;
;3072;(00000000) (0) (0) (00)    ;(00000000) (0) (0) (00)   ;(00000000) (0) (0) (00)   ;(00000000) (0) (0) (00)   ;(00000000) (0) (0) (00)   ;(00000000) (0) (0) (00)   ;(00000000) (0) (0) (00)   ;(00000000) (0) (0) (00)   ;
;3080;(00000000) (0) (0) (00)    ;(00000000) (0) (0) (00)   ;(00000000) (0) (0) (00)   ;(00000000) (0) (0) (00)   ;(00000000) (0) (0) (00)   ;(00000000) (0) (0) (00)   ;(00000000) (0) (0) (00)   ;(00000000) (0) (0) (00)   ;
;3088;(00000000) (0) (0) (00)    ;(00000000) (0) (0) (00)   ;(00000000) (0) (0) (00)   ;(00000000) (0) (0) (00)   ;(00000000) (0) (0) (00)   ;(00000000) (0) (0) (00)   ;(00000000) (0) (0) (00)   ;(00000000) (0) (0) (00)   ;
;3096;(00000000) (0) (0) (00)    ;(00000000) (0) (0) (00)   ;(00000000) (0) (0) (00)   ;(00000000) (0) (0) (00)   ;(00000000) (0) (0) (00)   ;(00000000) (0) (0) (00)   ;(00000000) (0) (0) (00)   ;(00000000) (0) (0) (00)   ;
;3104;(00000000) (0) (0) (00)    ;(00000000) (0) (0) (00)   ;(00000000) (0) (0) (00)   ;(00000000) (0) (0) (00)   ;(00000000) (0) (0) (00)   ;(00000000) (0) (0) (00)   ;(00000000) (0) (0) (00)   ;(00000000) (0) (0) (00)   ;
;3112;(00000000) (0) (0) (00)    ;(00000000) (0) (0) (00)   ;(00000000) (0) (0) (00)   ;(00000000) (0) (0) (00)   ;(00000000) (0) (0) (00)   ;(00000000) (0) (0) (00)   ;(00000000) (0) (0) (00)   ;(00000000) (0) (0) (00)   ;
;3120;(00000000) (0) (0) (00)    ;(00000000) (0) (0) (00)   ;(00000000) (0) (0) (00)   ;(00000000) (0) (0) (00)   ;(00000000) (0) (0) (00)   ;(00000000) (0) (0) (00)   ;(00000000) (0) (0) (00)   ;(00000000) (0) (0) (00)   ;
;3128;(00000000) (0) (0) (00)    ;(00000000) (0) (0) (00)   ;(00000000) (0) (0) (00)   ;(00000000) (0) (0) (00)   ;(00000000) (0) (0) (00)   ;(00000000) (0) (0) (00)   ;(00000000) (0) (0) (00)   ;(00000000) (0) (0) (00)   ;
;3136;(00000000) (0) (0) (00)    ;(00000000) (0) (0) (00)   ;(00000000) (0) (0) (00)   ;(00000000) (0) (0) (00)   ;(00000000) (0) (0) (00)   ;(00000000) (0) (0) (00)   ;(00000000) (0) (0) (00)   ;(00000000) (0) (0) (00)   ;
;3144;(00000000) (0) (0) (00)    ;(00000000) (0) (0) (00)   ;(00000000) (0) (0) (00)   ;(00000000) (0) (0) (00)   ;(00000000) (0) (0) (00)   ;(00000000) (0) (0) (00)   ;(00000000) (0) (0) (00)   ;(00000000) (0) (0) (00)   ;
;3152;(00000000) (0) (0) (00)    ;(00000000) (0) (0) (00)   ;(00000000) (0) (0) (00)   ;(00000000) (0) (0) (00)   ;(00000000) (0) (0) (00)   ;(00000000) (0) (0) (00)   ;(00000000) (0) (0) (00)   ;(00000000) (0) (0) (00)   ;
;3160;(00000000) (0) (0) (00)    ;(00000000) (0) (0) (00)   ;(00000000) (0) (0) (00)   ;(00000000) (0) (0) (00)   ;(00000000) (0) (0) (00)   ;(00000000) (0) (0) (00)   ;(00000000) (0) (0) (00)   ;(00000000) (0) (0) (00)   ;
;3168;(00000000) (0) (0) (00)    ;(00000000) (0) (0) (00)   ;(00000000) (0) (0) (00)   ;(00000000) (0) (0) (00)   ;(00000000) (0) (0) (00)   ;(00000001) (1) (1) (01)   ;(00000001) (1) (1) (01)   ;(00000001) (1) (1) (01)   ;
;3176;(00000001) (1) (1) (01)    ;(00000001) (1) (1) (01)   ;(00000001) (1) (1) (01)   ;(00000001) (1) (1) (01)   ;(00000001) (1) (1) (01)   ;(00000001) (1) (1) (01)   ;(00000001) (1) (1) (01)   ;(00000001) (1) (1) (01)   ;
;3184;(00000001) (1) (1) (01)    ;(00000001) (1) (1) (01)   ;(00000001) (1) (1) (01)   ;(00000001) (1) (1) (01)   ;(00000001) (1) (1) (01)   ;(00000001) (1) (1) (01)   ;(00000001) (1) (1) (01)   ;(00000001) (1) (1) (01)   ;
;3192;(00000001) (1) (1) (01)    ;(00000001) (1) (1) (01)   ;(00000001) (1) (1) (01)   ;(00000001) (1) (1) (01)   ;(00000001) (1) (1) (01)   ;(00000001) (1) (1) (01)   ;(00000001) (1) (1) (01)   ;(00000001) (1) (1) (01)   ;
;3200;(00000001) (1) (1) (01)    ;(00000001) (1) (1) (01)   ;(00000001) (1) (1) (01)   ;(00000001) (1) (1) (01)   ;(00000001) (1) (1) (01)   ;(00000001) (1) (1) (01)   ;(00000001) (1) (1) (01)   ;(00000001) (1) (1) (01)   ;
;3208;(00000001) (1) (1) (01)    ;(00000001) (1) (1) (01)   ;(00000001) (1) (1) (01)   ;(00000001) (1) (1) (01)   ;(00000001) (1) (1) (01)   ;(00000001) (1) (1) (01)   ;(00000001) (1) (1) (01)   ;(00000001) (1) (1) (01)   ;
;3216;(00000001) (1) (1) (01)    ;(00000001) (1) (1) (01)   ;(00000001) (1) (1) (01)   ;(00000001) (1) (1) (01)   ;(00000001) (1) (1) (01)   ;(00000001) (1) (1) (01)   ;(00000001) (1) (1) (01)   ;(00000001) (1) (1) (01)   ;
;3224;(00000001) (1) (1) (01)    ;(00000001) (1) (1) (01)   ;(00000010) (2) (2) (02)   ;(00000010) (2) (2) (02)   ;(00000010) (2) (2) (02)   ;(00000010) (2) (2) (02)   ;(00000010) (2) (2) (02)   ;(00000010) (2) (2) (02)   ;
;3232;(00000010) (2) (2) (02)    ;(00000010) (2) (2) (02)   ;(00000010) (2) (2) (02)   ;(00000010) (2) (2) (02)   ;(00000010) (2) (2) (02)   ;(00000010) (2) (2) (02)   ;(00000010) (2) (2) (02)   ;(00000010) (2) (2) (02)   ;
;3240;(00000010) (2) (2) (02)    ;(00000010) (2) (2) (02)   ;(00000010) (2) (2) (02)   ;(00000010) (2) (2) (02)   ;(00000010) (2) (2) (02)   ;(00000010) (2) (2) (02)   ;(00000010) (2) (2) (02)   ;(00000010) (2) (2) (02)   ;
;3248;(00000010) (2) (2) (02)    ;(00000010) (2) (2) (02)   ;(00000010) (2) (2) (02)   ;(00000010) (2) (2) (02)   ;(00000010) (2) (2) (02)   ;(00000010) (2) (2) (02)   ;(00000010) (2) (2) (02)   ;(00000010) (2) (2) (02)   ;
;3256;(00000010) (2) (2) (02)    ;(00000010) (2) (2) (02)   ;(00000010) (2) (2) (02)   ;(00000010) (2) (2) (02)   ;(00000010) (2) (2) (02)   ;(00000010) (2) (2) (02)   ;(00000010) (2) (2) (02)   ;(00000010) (2) (2) (02)   ;
;3264;(00000010) (2) (2) (02)    ;(00000011) (3) (3) (03)   ;(00000011) (3) (3) (03)   ;(00000011) (3) (3) (03)   ;(00000011) (3) (3) (03)   ;(00000011) (3) (3) (03)   ;(00000011) (3) (3) (03)   ;(00000011) (3) (3) (03)   ;
;3272;(00000011) (3) (3) (03)    ;(00000011) (3) (3) (03)   ;(00000011) (3) (3) (03)   ;(00000011) (3) (3) (03)   ;(00000011) (3) (3) (03)   ;(00000011) (3) (3) (03)   ;(00000011) (3) (3) (03)   ;(00000011) (3) (3) (03)   ;
;3280;(00000011) (3) (3) (03)    ;(00000011) (3) (3) (03)   ;(00000011) (3) (3) (03)   ;(00000011) (3) (3) (03)   ;(00000011) (3) (3) (03)   ;(00000011) (3) (3) (03)   ;(00000011) (3) (3) (03)   ;(00000011) (3) (3) (03)   ;
;3288;(00000011) (3) (3) (03)    ;(00000011) (3) (3) (03)   ;(00000011) (3) (3) (03)   ;(00000011) (3) (3) (03)   ;(00000011) (3) (3) (03)   ;(00000011) (3) (3) (03)   ;(00000011) (3) (3) (03)   ;(00000011) (3) (3) (03)   ;
;3296;(00000011) (3) (3) (03)    ;(00000100) (4) (4) (04)   ;(00000100) (4) (4) (04)   ;(00000100) (4) (4) (04)   ;(00000100) (4) (4) (04)   ;(00000100) (4) (4) (04)   ;(00000100) (4) (4) (04)   ;(00000100) (4) (4) (04)   ;
;3304;(00000100) (4) (4) (04)    ;(00000100) (4) (4) (04)   ;(00000100) (4) (4) (04)   ;(00000100) (4) (4) (04)   ;(00000100) (4) (4) (04)   ;(00000100) (4) (4) (04)   ;(00000100) (4) (4) (04)   ;(00000100) (4) (4) (04)   ;
;3312;(00000100) (4) (4) (04)    ;(00000100) (4) (4) (04)   ;(00000100) (4) (4) (04)   ;(00000100) (4) (4) (04)   ;(00000100) (4) (4) (04)   ;(00000100) (4) (4) (04)   ;(00000100) (4) (4) (04)   ;(00000100) (4) (4) (04)   ;
;3320;(00000100) (4) (4) (04)    ;(00000100) (4) (4) (04)   ;(00000100) (4) (4) (04)   ;(00000100) (4) (4) (04)   ;(00000100) (4) (4) (04)   ;(00000100) (4) (4) (04)   ;(00000101) (5) (5) (05)   ;(00000101) (5) (5) (05)   ;
;3328;(00000101) (5) (5) (05)    ;(00000101) (5) (5) (05)   ;(00000101) (5) (5) (05)   ;(00000101) (5) (5) (05)   ;(00000101) (5) (5) (05)   ;(00000101) (5) (5) (05)   ;(00000101) (5) (5) (05)   ;(00000101) (5) (5) (05)   ;
;3336;(00000101) (5) (5) (05)    ;(00000101) (5) (5) (05)   ;(00000101) (5) (5) (05)   ;(00000101) (5) (5) (05)   ;(00000101) (5) (5) (05)   ;(00000101) (5) (5) (05)   ;(00000101) (5) (5) (05)   ;(00000101) (5) (5) (05)   ;
;3344;(00000101) (5) (5) (05)    ;(00000101) (5) (5) (05)   ;(00000101) (5) (5) (05)   ;(00000101) (5) (5) (05)   ;(00000101) (5) (5) (05)   ;(00000101) (5) (5) (05)   ;(00000101) (5) (5) (05)   ;(00000101) (5) (5) (05)   ;
;3352;(00000110) (6) (6) (06)    ;(00000110) (6) (6) (06)   ;(00000110) (6) (6) (06)   ;(00000110) (6) (6) (06)   ;(00000110) (6) (6) (06)   ;(00000110) (6) (6) (06)   ;(00000110) (6) (6) (06)   ;(00000110) (6) (6) (06)   ;
;3360;(00000110) (6) (6) (06)    ;(00000110) (6) (6) (06)   ;(00000110) (6) (6) (06)   ;(00000110) (6) (6) (06)   ;(00000110) (6) (6) (06)   ;(00000110) (6) (6) (06)   ;(00000110) (6) (6) (06)   ;(00000110) (6) (6) (06)   ;
;3368;(00000110) (6) (6) (06)    ;(00000110) (6) (6) (06)   ;(00000110) (6) (6) (06)   ;(00000110) (6) (6) (06)   ;(00000110) (6) (6) (06)   ;(00000110) (6) (6) (06)   ;(00000110) (6) (6) (06)   ;(00000111) (7) (7) (07)   ;
;3376;(00000111) (7) (7) (07)    ;(00000111) (7) (7) (07)   ;(00000111) (7) (7) (07)   ;(00000111) (7) (7) (07)   ;(00000111) (7) (7) (07)   ;(00000111) (7) (7) (07)   ;(00000111) (7) (7) (07)   ;(00000111) (7) (7) (07)   ;
;3384;(00000111) (7) (7) (07)    ;(00000111) (7) (7) (07)   ;(00000111) (7) (7) (07)   ;(00000111) (7) (7) (07)   ;(00000111) (7) (7) (07)   ;(00000111) (7) (7) (07)   ;(00000111) (7) (7) (07)   ;(00000111) (7) (7) (07)   ;
;3392;(00000111) (7) (7) (07)    ;(00000111) (7) (7) (07)   ;(00000111) (7) (7) (07)   ;(00000111) (7) (7) (07)   ;(00000111) (7) (7) (07)   ;(00001000) (10) (8) (08)   ;(00001000) (10) (8) (08)   ;(00001000) (10) (8) (08)   ;
;3400;(00001000) (10) (8) (08)    ;(00001000) (10) (8) (08)   ;(00001000) (10) (8) (08)   ;(00001000) (10) (8) (08)   ;(00001000) (10) (8) (08)   ;(00001000) (10) (8) (08)   ;(00001000) (10) (8) (08)   ;(00001000) (10) (8) (08)   ;
;3408;(00001000) (10) (8) (08)    ;(00001000) (10) (8) (08)   ;(00001000) (10) (8) (08)   ;(00001000) (10) (8) (08)   ;(00001000) (10) (8) (08)   ;(00001000) (10) (8) (08)   ;(00001000) (10) (8) (08)   ;(00001000) (10) (8) (08)   ;
;3416;(00001000) (10) (8) (08)    ;(00001000) (10) (8) (08)   ;(00001001) (11) (9) (09)   ;(00001001) (11) (9) (09)   ;(00001001) (11) (9) (09)   ;(00001001) (11) (9) (09)   ;(00001001) (11) (9) (09)   ;(00001001) (11) (9) (09)   ;
;3424;(00001001) (11) (9) (09)    ;(00001001) (11) (9) (09)   ;(00001001) (11) (9) (09)   ;(00001001) (11) (9) (09)   ;(00001001) (11) (9) (09)   ;(00001001) (11) (9) (09)   ;(00001001) (11) (9) (09)   ;(00001001) (11) (9) (09)   ;
;3432;(00001001) (11) (9) (09)    ;(00001001) (11) (9) (09)   ;(00001001) (11) (9) (09)   ;(00001001) (11) (9) (09)   ;(00001001) (11) (9) (09)   ;(00001001) (11) (9) (09)   ;(00001010) (12) (10) (0A)   ;(00001010) (12) (10) (0A)   ;
;3440;(00001010) (12) (10) (0A)    ;(00001010) (12) (10) (0A)   ;(00001010) (12) (10) (0A)   ;(00001010) (12) (10) (0A)   ;(00001010) (12) (10) (0A)   ;(00001010) (12) (10) (0A)   ;(00001010) (12) (10) (0A)   ;(00001010) (12) (10) (0A)   ;
;3448;(00001010) (12) (10) (0A)    ;(00001010) (12) (10) (0A)   ;(00001010) (12) (10) (0A)   ;(00001010) (12) (10) (0A)   ;(00001010) (12) (10) (0A)   ;(00001010) (12) (10) (0A)   ;(00001010) (12) (10) (0A)   ;(00001010) (12) (10) (0A)   ;
;3456;(00001010) (12) (10) (0A)    ;(00001011) (13) (11) (0B)   ;(00001011) (13) (11) (0B)   ;(00001011) (13) (11) (0B)   ;(00001011) (13) (11) (0B)   ;(00001011) (13) (11) (0B)   ;(00001011) (13) (11) (0B)   ;(00001011) (13) (11) (0B)   ;
;3464;(00001011) (13) (11) (0B)    ;(00001011) (13) (11) (0B)   ;(00001011) (13) (11) (0B)   ;(00001011) (13) (11) (0B)   ;(00001011) (13) (11) (0B)   ;(00001011) (13) (11) (0B)   ;(00001011) (13) (11) (0B)   ;(00001011) (13) (11) (0B)   ;
;3472;(00001011) (13) (11) (0B)    ;(00001011) (13) (11) (0B)   ;(00001011) (13) (11) (0B)   ;(00001100) (14) (12) (0C)   ;(00001100) (14) (12) (0C)   ;(00001100) (14) (12) (0C)   ;(00001100) (14) (12) (0C)   ;(00001100) (14) (12) (0C)   ;
;3480;(00001100) (14) (12) (0C)    ;(00001100) (14) (12) (0C)   ;(00001100) (14) (12) (0C)   ;(00001100) (14) (12) (0C)   ;(00001100) (14) (12) (0C)   ;(00001100) (14) (12) (0C)   ;(00001100) (14) (12) (0C)   ;(00001100) (14) (12) (0C)   ;
;3488;(00001100) (14) (12) (0C)    ;(00001100) (14) (12) (0C)   ;(00001100) (14) (12) (0C)   ;(00001100) (14) (12) (0C)   ;(00001101) (15) (13) (0D)   ;(00001101) (15) (13) (0D)   ;(00001101) (15) (13) (0D)   ;(00001101) (15) (13) (0D)   ;
;3496;(00001101) (15) (13) (0D)    ;(00001101) (15) (13) (0D)   ;(00001101) (15) (13) (0D)   ;(00001101) (15) (13) (0D)   ;(00001101) (15) (13) (0D)   ;(00001101) (15) (13) (0D)   ;(00001101) (15) (13) (0D)   ;(00001101) (15) (13) (0D)   ;
;3504;(00001101) (15) (13) (0D)    ;(00001101) (15) (13) (0D)   ;(00001101) (15) (13) (0D)   ;(00001101) (15) (13) (0D)   ;(00001101) (15) (13) (0D)   ;(00001110) (16) (14) (0E)   ;(00001110) (16) (14) (0E)   ;(00001110) (16) (14) (0E)   ;
;3512;(00001110) (16) (14) (0E)    ;(00001110) (16) (14) (0E)   ;(00001110) (16) (14) (0E)   ;(00001110) (16) (14) (0E)   ;(00001110) (16) (14) (0E)   ;(00001110) (16) (14) (0E)   ;(00001110) (16) (14) (0E)   ;(00001110) (16) (14) (0E)   ;
;3520;(00001110) (16) (14) (0E)    ;(00001110) (16) (14) (0E)   ;(00001110) (16) (14) (0E)   ;(00001110) (16) (14) (0E)   ;(00001110) (16) (14) (0E)   ;(00001111) (17) (15) (0F)   ;(00001111) (17) (15) (0F)   ;(00001111) (17) (15) (0F)   ;
;3528;(00001111) (17) (15) (0F)    ;(00001111) (17) (15) (0F)   ;(00001111) (17) (15) (0F)   ;(00001111) (17) (15) (0F)   ;(00001111) (17) (15) (0F)   ;(00001111) (17) (15) (0F)   ;(00001111) (17) (15) (0F)   ;(00001111) (17) (15) (0F)   ;
;3536;(00001111) (17) (15) (0F)    ;(00001111) (17) (15) (0F)   ;(00001111) (17) (15) (0F)   ;(00001111) (17) (15) (0F)   ;(00001111) (17) (15) (0F)   ;(00010000) (20) (16) (10)   ;(00010000) (20) (16) (10)   ;(00010000) (20) (16) (10)   ;
;3544;(00010000) (20) (16) (10)    ;(00010000) (20) (16) (10)   ;(00010000) (20) (16) (10)   ;(00010000) (20) (16) (10)   ;(00010000) (20) (16) (10)   ;(00010000) (20) (16) (10)   ;(00010000) (20) (16) (10)   ;(00010000) (20) (16) (10)   ;
;3552;(00010000) (20) (16) (10)    ;(00010000) (20) (16) (10)   ;(00010000) (20) (16) (10)   ;(00010000) (20) (16) (10)   ;(00010001) (21) (17) (11)   ;(00010001) (21) (17) (11)   ;(00010001) (21) (17) (11)   ;(00010001) (21) (17) (11)   ;
;3560;(00010001) (21) (17) (11)    ;(00010001) (21) (17) (11)   ;(00010001) (21) (17) (11)   ;(00010001) (21) (17) (11)   ;(00010001) (21) (17) (11)   ;(00010001) (21) (17) (11)   ;(00010001) (21) (17) (11)   ;(00010001) (21) (17) (11)   ;
;3568;(00010001) (21) (17) (11)    ;(00010001) (21) (17) (11)   ;(00010001) (21) (17) (11)   ;(00010010) (22) (18) (12)   ;(00010010) (22) (18) (12)   ;(00010010) (22) (18) (12)   ;(00010010) (22) (18) (12)   ;(00010010) (22) (18) (12)   ;
;3576;(00010010) (22) (18) (12)    ;(00010010) (22) (18) (12)   ;(00010010) (22) (18) (12)   ;(00010010) (22) (18) (12)   ;(00010010) (22) (18) (12)   ;(00010010) (22) (18) (12)   ;(00010010) (22) (18) (12)   ;(00010010) (22) (18) (12)   ;
;3584;(00010010) (22) (18) (12)    ;(00010010) (22) (18) (12)   ;(00010011) (23) (19) (13)   ;(00010011) (23) (19) (13)   ;(00010011) (23) (19) (13)   ;(00010011) (23) (19) (13)   ;(00010011) (23) (19) (13)   ;(00010011) (23) (19) (13)   ;
;3592;(00010011) (23) (19) (13)    ;(00010011) (23) (19) (13)   ;(00010011) (23) (19) (13)   ;(00010011) (23) (19) (13)   ;(00010011) (23) (19) (13)   ;(00010011) (23) (19) (13)   ;(00010011) (23) (19) (13)   ;(00010011) (23) (19) (13)   ;
;3600;(00010100) (24) (20) (14)    ;(00010100) (24) (20) (14)   ;(00010100) (24) (20) (14)   ;(00010100) (24) (20) (14)   ;(00010100) (24) (20) (14)   ;(00010100) (24) (20) (14)   ;(00010100) (24) (20) (14)   ;(00010100) (24) (20) (14)   ;
;3608;(00010100) (24) (20) (14)    ;(00010100) (24) (20) (14)   ;(00010100) (24) (20) (14)   ;(00010100) (24) (20) (14)   ;(00010100) (24) (20) (14)   ;(00010100) (24) (20) (14)   ;(00010101) (25) (21) (15)   ;(00010101) (25) (21) (15)   ;
;3616;(00010101) (25) (21) (15)    ;(00010101) (25) (21) (15)   ;(00010101) (25) (21) (15)   ;(00010101) (25) (21) (15)   ;(00010101) (25) (21) (15)   ;(00010101) (25) (21) (15)   ;(00010101) (25) (21) (15)   ;(00010101) (25) (21) (15)   ;
;3624;(00010101) (25) (21) (15)    ;(00010101) (25) (21) (15)   ;(00010101) (25) (21) (15)   ;(00010101) (25) (21) (15)   ;(00010110) (26) (22) (16)   ;(00010110) (26) (22) (16)   ;(00010110) (26) (22) (16)   ;(00010110) (26) (22) (16)   ;
;3632;(00010110) (26) (22) (16)    ;(00010110) (26) (22) (16)   ;(00010110) (26) (22) (16)   ;(00010110) (26) (22) (16)   ;(00010110) (26) (22) (16)   ;(00010110) (26) (22) (16)   ;(00010110) (26) (22) (16)   ;(00010110) (26) (22) (16)   ;
;3640;(00010110) (26) (22) (16)    ;(00010111) (27) (23) (17)   ;(00010111) (27) (23) (17)   ;(00010111) (27) (23) (17)   ;(00010111) (27) (23) (17)   ;(00010111) (27) (23) (17)   ;(00010111) (27) (23) (17)   ;(00010111) (27) (23) (17)   ;
;3648;(00010111) (27) (23) (17)    ;(00010111) (27) (23) (17)   ;(00010111) (27) (23) (17)   ;(00010111) (27) (23) (17)   ;(00010111) (27) (23) (17)   ;(00010111) (27) (23) (17)   ;(00011000) (30) (24) (18)   ;(00011000) (30) (24) (18)   ;
;3656;(00011000) (30) (24) (18)    ;(00011000) (30) (24) (18)   ;(00011000) (30) (24) (18)   ;(00011000) (30) (24) (18)   ;(00011000) (30) (24) (18)   ;(00011000) (30) (24) (18)   ;(00011000) (30) (24) (18)   ;(00011000) (30) (24) (18)   ;
;3664;(00011000) (30) (24) (18)    ;(00011000) (30) (24) (18)   ;(00011000) (30) (24) (18)   ;(00011001) (31) (25) (19)   ;(00011001) (31) (25) (19)   ;(00011001) (31) (25) (19)   ;(00011001) (31) (25) (19)   ;(00011001) (31) (25) (19)   ;
;3672;(00011001) (31) (25) (19)    ;(00011001) (31) (25) (19)   ;(00011001) (31) (25) (19)   ;(00011001) (31) (25) (19)   ;(00011001) (31) (25) (19)   ;(00011001) (31) (25) (19)   ;(00011001) (31) (25) (19)   ;(00011001) (31) (25) (19)   ;
;3680;(00011010) (32) (26) (1A)    ;(00011010) (32) (26) (1A)   ;(00011010) (32) (26) (1A)   ;(00011010) (32) (26) (1A)   ;(00011010) (32) (26) (1A)   ;(00011010) (32) (26) (1A)   ;(00011010) (32) (26) (1A)   ;(00011010) (32) (26) (1A)   ;
;3688;(00011010) (32) (26) (1A)    ;(00011010) (32) (26) (1A)   ;(00011010) (32) (26) (1A)   ;(00011010) (32) (26) (1A)   ;(00011010) (32) (26) (1A)   ;(00011011) (33) (27) (1B)   ;(00011011) (33) (27) (1B)   ;(00011011) (33) (27) (1B)   ;
;3696;(00011011) (33) (27) (1B)    ;(00011011) (33) (27) (1B)   ;(00011011) (33) (27) (1B)   ;(00011011) (33) (27) (1B)   ;(00011011) (33) (27) (1B)   ;(00011011) (33) (27) (1B)   ;(00011011) (33) (27) (1B)   ;(00011011) (33) (27) (1B)   ;
;3704;(00011011) (33) (27) (1B)    ;(00011100) (34) (28) (1C)   ;(00011100) (34) (28) (1C)   ;(00011100) (34) (28) (1C)   ;(00011100) (34) (28) (1C)   ;(00011100) (34) (28) (1C)   ;(00011100) (34) (28) (1C)   ;(00011100) (34) (28) (1C)   ;
;3712;(00011100) (34) (28) (1C)    ;(00011100) (34) (28) (1C)   ;(00011100) (34) (28) (1C)   ;(00011100) (34) (28) (1C)   ;(00011100) (34) (28) (1C)   ;(00011100) (34) (28) (1C)   ;(00011101) (35) (29) (1D)   ;(00011101) (35) (29) (1D)   ;
;3720;(00011101) (35) (29) (1D)    ;(00011101) (35) (29) (1D)   ;(00011101) (35) (29) (1D)   ;(00011101) (35) (29) (1D)   ;(00011101) (35) (29) (1D)   ;(00011101) (35) (29) (1D)   ;(00011101) (35) (29) (1D)   ;(00011101) (35) (29) (1D)   ;
;3728;(00011101) (35) (29) (1D)    ;(00011101) (35) (29) (1D)   ;(00011110) (36) (30) (1E)   ;(00011110) (36) (30) (1E)   ;(00011110) (36) (30) (1E)   ;(00011110) (36) (30) (1E)   ;(00011110) (36) (30) (1E)   ;(00011110) (36) (30) (1E)   ;
;3736;(00011110) (36) (30) (1E)    ;(00011110) (36) (30) (1E)   ;(00011110) (36) (30) (1E)   ;(00011110) (36) (30) (1E)   ;(00011110) (36) (30) (1E)   ;(00011110) (36) (30) (1E)   ;(00011111) (37) (31) (1F)   ;(00011111) (37) (31) (1F)   ;
;3744;(00011111) (37) (31) (1F)    ;(00011111) (37) (31) (1F)   ;(00011111) (37) (31) (1F)   ;(00011111) (37) (31) (1F)   ;(00011111) (37) (31) (1F)   ;(00011111) (37) (31) (1F)   ;(00011111) (37) (31) (1F)   ;(00011111) (37) (31) (1F)   ;
;3752;(00011111) (37) (31) (1F)    ;(00011111) (37) (31) (1F)   ;(00100000) (40) (32) (20)   ;(00100000) (40) (32) (20)   ;(00100000) (40) (32) (20)   ;(00100000) (40) (32) (20)   ;(00100000) (40) (32) (20)   ;(00100000) (40) (32) (20)   ;
;3760;(00100000) (40) (32) (20)    ;(00100000) (40) (32) (20)   ;(00100000) (40) (32) (20)   ;(00100000) (40) (32) (20)   ;(00100000) (40) (32) (20)   ;(00100001) (41) (33) (21)   ;(00100001) (41) (33) (21)   ;(00100001) (41) (33) (21)   ;
;3768;(00100001) (41) (33) (21)    ;(00100001) (41) (33) (21)   ;(00100001) (41) (33) (21)   ;(00100001) (41) (33) (21)   ;(00100001) (41) (33) (21)   ;(00100001) (41) (33) (21)   ;(00100001) (41) (33) (21)   ;(00100001) (41) (33) (21)   ;
;3776;(00100001) (41) (33) (21)    ;(00100010) (42) (34) (22)   ;(00100010) (42) (34) (22)   ;(00100010) (42) (34) (22)   ;(00100010) (42) (34) (22)   ;(00100010) (42) (34) (22)   ;(00100010) (42) (34) (22)   ;(00100010) (42) (34) (22)   ;
;3784;(00100010) (42) (34) (22)    ;(00100010) (42) (34) (22)   ;(00100010) (42) (34) (22)   ;(00100010) (42) (34) (22)   ;(00100010) (42) (34) (22)   ;(00100011) (43) (35) (23)   ;(00100011) (43) (35) (23)   ;(00100011) (43) (35) (23)   ;
;3792;(00100011) (43) (35) (23)    ;(00100011) (43) (35) (23)   ;(00100011) (43) (35) (23)   ;(00100011) (43) (35) (23)   ;(00100011) (43) (35) (23)   ;(00100011) (43) (35) (23)   ;(00100011) (43) (35) (23)   ;(00100011) (43) (35) (23)   ;
;3800;(00100100) (44) (36) (24)    ;(00100100) (44) (36) (24)   ;(00100100) (44) (36) (24)   ;(00100100) (44) (36) (24)   ;(00100100) (44) (36) (24)   ;(00100100) (44) (36) (24)   ;(00100100) (44) (36) (24)   ;(00100100) (44) (36) (24)   ;
;3808;(00100100) (44) (36) (24)    ;(00100100) (44) (36) (24)   ;(00100100) (44) (36) (24)   ;(00100101) (45) (37) (25)   ;(00100101) (45) (37) (25)   ;(00100101) (45) (37) (25)   ;(00100101) (45) (37) (25)   ;(00100101) (45) (37) (25)   ;
;3816;(00100101) (45) (37) (25)    ;(00100101) (45) (37) (25)   ;(00100101) (45) (37) (25)   ;(00100101) (45) (37) (25)   ;(00100101) (45) (37) (25)   ;(00100101) (45) (37) (25)   ;(00100101) (45) (37) (25)   ;(00100110) (46) (38) (26)   ;
;3824;(00100110) (46) (38) (26)    ;(00100110) (46) (38) (26)   ;(00100110) (46) (38) (26)   ;(00100110) (46) (38) (26)   ;(00100110) (46) (38) (26)   ;(00100110) (46) (38) (26)   ;(00100110) (46) (38) (26)   ;(00100110) (46) (38) (26)   ;
;3832;(00100110) (46) (38) (26)    ;(00100110) (46) (38) (26)   ;(00100111) (47) (39) (27)   ;(00100111) (47) (39) (27)   ;(00100111) (47) (39) (27)   ;(00100111) (47) (39) (27)   ;(00100111) (47) (39) (27)   ;(00100111) (47) (39) (27)   ;
;3840;(00100111) (47) (39) (27)    ;(00100111) (47) (39) (27)   ;(00100111) (47) (39) (27)   ;(00100111) (47) (39) (27)   ;(00100111) (47) (39) (27)   ;(00101000) (50) (40) (28)   ;(00101000) (50) (40) (28)   ;(00101000) (50) (40) (28)   ;
;3848;(00101000) (50) (40) (28)    ;(00101000) (50) (40) (28)   ;(00101000) (50) (40) (28)   ;(00101000) (50) (40) (28)   ;(00101000) (50) (40) (28)   ;(00101000) (50) (40) (28)   ;(00101000) (50) (40) (28)   ;(00101000) (50) (40) (28)   ;
;3856;(00101001) (51) (41) (29)    ;(00101001) (51) (41) (29)   ;(00101001) (51) (41) (29)   ;(00101001) (51) (41) (29)   ;(00101001) (51) (41) (29)   ;(00101001) (51) (41) (29)   ;(00101001) (51) (41) (29)   ;(00101001) (51) (41) (29)   ;
;3864;(00101001) (51) (41) (29)    ;(00101001) (51) (41) (29)   ;(00101001) (51) (41) (29)   ;(00101010) (52) (42) (2A)   ;(00101010) (52) (42) (2A)   ;(00101010) (52) (42) (2A)   ;(00101010) (52) (42) (2A)   ;(00101010) (52) (42) (2A)   ;
;3872;(00101010) (52) (42) (2A)    ;(00101010) (52) (42) (2A)   ;(00101010) (52) (42) (2A)   ;(00101010) (52) (42) (2A)   ;(00101010) (52) (42) (2A)   ;(00101010) (52) (42) (2A)   ;(00101011) (53) (43) (2B)   ;(00101011) (53) (43) (2B)   ;
;3880;(00101011) (53) (43) (2B)    ;(00101011) (53) (43) (2B)   ;(00101011) (53) (43) (2B)   ;(00101011) (53) (43) (2B)   ;(00101011) (53) (43) (2B)   ;(00101011) (53) (43) (2B)   ;(00101011) (53) (43) (2B)   ;(00101011) (53) (43) (2B)   ;
;3888;(00101100) (54) (44) (2C)    ;(00101100) (54) (44) (2C)   ;(00101100) (54) (44) (2C)   ;(00101100) (54) (44) (2C)   ;(00101100) (54) (44) (2C)   ;(00101100) (54) (44) (2C)   ;(00101100) (54) (44) (2C)   ;(00101100) (54) (44) (2C)   ;
;3896;(00101100) (54) (44) (2C)    ;(00101100) (54) (44) (2C)   ;(00101100) (54) (44) (2C)   ;(00101101) (55) (45) (2D)   ;(00101101) (55) (45) (2D)   ;(00101101) (55) (45) (2D)   ;(00101101) (55) (45) (2D)   ;(00101101) (55) (45) (2D)   ;
;3904;(00101101) (55) (45) (2D)    ;(00101101) (55) (45) (2D)   ;(00101101) (55) (45) (2D)   ;(00101101) (55) (45) (2D)   ;(00101101) (55) (45) (2D)   ;(00101101) (55) (45) (2D)   ;(00101110) (56) (46) (2E)   ;(00101110) (56) (46) (2E)   ;
;3912;(00101110) (56) (46) (2E)    ;(00101110) (56) (46) (2E)   ;(00101110) (56) (46) (2E)   ;(00101110) (56) (46) (2E)   ;(00101110) (56) (46) (2E)   ;(00101110) (56) (46) (2E)   ;(00101110) (56) (46) (2E)   ;(00101110) (56) (46) (2E)   ;
;3920;(00101110) (56) (46) (2E)    ;(00101111) (57) (47) (2F)   ;(00101111) (57) (47) (2F)   ;(00101111) (57) (47) (2F)   ;(00101111) (57) (47) (2F)   ;(00101111) (57) (47) (2F)   ;(00101111) (57) (47) (2F)   ;(00101111) (57) (47) (2F)   ;
;3928;(00101111) (57) (47) (2F)    ;(00101111) (57) (47) (2F)   ;(00101111) (57) (47) (2F)   ;(00110000) (60) (48) (30)   ;(00110000) (60) (48) (30)   ;(00110000) (60) (48) (30)   ;(00110000) (60) (48) (30)   ;(00110000) (60) (48) (30)   ;
;3936;(00110000) (60) (48) (30)    ;(00110000) (60) (48) (30)   ;(00110000) (60) (48) (30)   ;(00110000) (60) (48) (30)   ;(00110000) (60) (48) (30)   ;(00110000) (60) (48) (30)   ;(00110001) (61) (49) (31)   ;(00110001) (61) (49) (31)   ;
;3944;(00110001) (61) (49) (31)    ;(00110001) (61) (49) (31)   ;(00110001) (61) (49) (31)   ;(00110001) (61) (49) (31)   ;(00110001) (61) (49) (31)   ;(00110001) (61) (49) (31)   ;(00110001) (61) (49) (31)   ;(00110001) (61) (49) (31)   ;
;3952;(00110010) (62) (50) (32)    ;(00110010) (62) (50) (32)   ;(00110010) (62) (50) (32)   ;(00110010) (62) (50) (32)   ;(00110010) (62) (50) (32)   ;(00110010) (62) (50) (32)   ;(00110010) (62) (50) (32)   ;(00110010) (62) (50) (32)   ;
;3960;(00110010) (62) (50) (32)    ;(00110010) (62) (50) (32)   ;(00110010) (62) (50) (32)   ;(00110011) (63) (51) (33)   ;(00110011) (63) (51) (33)   ;(00110011) (63) (51) (33)   ;(00110011) (63) (51) (33)   ;(00110011) (63) (51) (33)   ;
;3968;(00110011) (63) (51) (33)    ;(00110011) (63) (51) (33)   ;(00110011) (63) (51) (33)   ;(00110011) (63) (51) (33)   ;(00110011) (63) (51) (33)   ;(00110100) (64) (52) (34)   ;(00110100) (64) (52) (34)   ;(00110100) (64) (52) (34)   ;
;3976;(00110100) (64) (52) (34)    ;(00110100) (64) (52) (34)   ;(00110100) (64) (52) (34)   ;(00110100) (64) (52) (34)   ;(00110100) (64) (52) (34)   ;(00110100) (64) (52) (34)   ;(00110100) (64) (52) (34)   ;(00110101) (65) (53) (35)   ;
;3984;(00110101) (65) (53) (35)    ;(00110101) (65) (53) (35)   ;(00110101) (65) (53) (35)   ;(00110101) (65) (53) (35)   ;(00110101) (65) (53) (35)   ;(00110101) (65) (53) (35)   ;(00110101) (65) (53) (35)   ;(00110101) (65) (53) (35)   ;
;3992;(00110101) (65) (53) (35)    ;(00110101) (65) (53) (35)   ;(00110110) (66) (54) (36)   ;(00110110) (66) (54) (36)   ;(00110110) (66) (54) (36)   ;(00110110) (66) (54) (36)   ;(00110110) (66) (54) (36)   ;(00110110) (66) (54) (36)   ;
;4000;(00110110) (66) (54) (36)    ;(00110110) (66) (54) (36)   ;(00110110) (66) (54) (36)   ;(00110110) (66) (54) (36)   ;(00110111) (67) (55) (37)   ;(00110111) (67) (55) (37)   ;(00110111) (67) (55) (37)   ;(00110111) (67) (55) (37)   ;
;4008;(00110111) (67) (55) (37)    ;(00110111) (67) (55) (37)   ;(00110111) (67) (55) (37)   ;(00110111) (67) (55) (37)   ;(00110111) (67) (55) (37)   ;(00110111) (67) (55) (37)   ;(00111000) (70) (56) (38)   ;(00111000) (70) (56) (38)   ;
;4016;(00111000) (70) (56) (38)    ;(00111000) (70) (56) (38)   ;(00111000) (70) (56) (38)   ;(00111000) (70) (56) (38)   ;(00111000) (70) (56) (38)   ;(00111000) (70) (56) (38)   ;(00111000) (70) (56) (38)   ;(00111000) (70) (56) (38)   ;
;4024;(00111000) (70) (56) (38)    ;(00111001) (71) (57) (39)   ;(00111001) (71) (57) (39)   ;(00111001) (71) (57) (39)   ;(00111001) (71) (57) (39)   ;(00111001) (71) (57) (39)   ;(00111001) (71) (57) (39)   ;(00111001) (71) (57) (39)   ;
;4032;(00111001) (71) (57) (39)    ;(00111001) (71) (57) (39)   ;(00111001) (71) (57) (39)   ;(00111010) (72) (58) (3A)   ;(00111010) (72) (58) (3A)   ;(00111010) (72) (58) (3A)   ;(00111010) (72) (58) (3A)   ;(00111010) (72) (58) (3A)   ;
;4040;(00111010) (72) (58) (3A)    ;(00111010) (72) (58) (3A)   ;(00111010) (72) (58) (3A)   ;(00111010) (72) (58) (3A)   ;(00111010) (72) (58) (3A)   ;(00111011) (73) (59) (3B)   ;(00111011) (73) (59) (3B)   ;(00111011) (73) (59) (3B)   ;
;4048;(00111011) (73) (59) (3B)    ;(00111011) (73) (59) (3B)   ;(00111011) (73) (59) (3B)   ;(00111011) (73) (59) (3B)   ;(00111011) (73) (59) (3B)   ;(00111011) (73) (59) (3B)   ;(00111011) (73) (59) (3B)   ;(00111011) (73) (59) (3B)   ;
;4056;(00111100) (74) (60) (3C)    ;(00111100) (74) (60) (3C)   ;(00111100) (74) (60) (3C)   ;(00111100) (74) (60) (3C)   ;(00111100) (74) (60) (3C)   ;(00111100) (74) (60) (3C)   ;(00111100) (74) (60) (3C)   ;(00111100) (74) (60) (3C)   ;
;4064;(00111100) (74) (60) (3C)    ;(00111100) (74) (60) (3C)   ;(00111101) (75) (61) (3D)   ;(00111101) (75) (61) (3D)   ;(00111101) (75) (61) (3D)   ;(00111101) (75) (61) (3D)   ;(00111101) (75) (61) (3D)   ;(00111101) (75) (61) (3D)   ;
;4072;(00111101) (75) (61) (3D)    ;(00111101) (75) (61) (3D)   ;(00111101) (75) (61) (3D)   ;(00111101) (75) (61) (3D)   ;(00111110) (76) (62) (3E)   ;(00111110) (76) (62) (3E)   ;(00111110) (76) (62) (3E)   ;(00111110) (76) (62) (3E)   ;
;4080;(00111110) (76) (62) (3E)    ;(00111110) (76) (62) (3E)   ;(00111110) (76) (62) (3E)   ;(00111110) (76) (62) (3E)   ;(00111110) (76) (62) (3E)   ;(00111110) (76) (62) (3E)   ;(00111111) (77) (63) (3F)   ;(00111111) (77) (63) (3F)   ;
;4088;(00111111) (77) (63) (3F)    ;(00111111) (77) (63) (3F)   ;(00111111) (77) (63) (3F)   ;(00111111) (77) (63) (3F)   ;(00111111) (77) (63) (3F)   ;(00111111) (77) (63) (3F)   ;(00111111) (77) (63) (3F)   ;(00111111) (77) (63) (3F)   ;


RAM content values are presented in the following format: (Binary) (Octal) (Decimal) (Hexadecimal) 
+------------------------------------------------------------------------------------------------------------------------------------------------------------------------------------------------------------------------------------------------------------------+
; |C_2024_2M|DDS_time_delay_2M:DDS_time_delay_2M_inst|DDS_lite_phase:u_DDS_lite_phase|dds_ctrl_lite_phase:dds_ctrl_lite_phase_inst|rom_wave_sin:rom_ip_inst_1|altsyncram:altsyncram_component|altsyncram_6eb1:auto_generated|ALTSYNCRAM                            ;
+------------------------------------------------------------------------------------------------------------------------------------------------------------------------------------------------------------------------------------------------------------------+
;   Addr   ;              +0              ;              +1              ;              +2              ;              +3              ;              +4              ;              +5              ;              +6              ;              +7              ;
+----------+------------------------------+------------------------------+------------------------------+------------------------------+------------------------------+------------------------------+------------------------------+------------------------------+
;0;(01000000) (100) (64) (40)    ;(01000000) (100) (64) (40)   ;(01000000) (100) (64) (40)   ;(01000000) (100) (64) (40)   ;(01000000) (100) (64) (40)   ;(01000000) (100) (64) (40)   ;(01000000) (100) (64) (40)   ;(01000000) (100) (64) (40)   ;
;8;(01000000) (100) (64) (40)    ;(01000000) (100) (64) (40)   ;(01000000) (100) (64) (40)   ;(01000001) (101) (65) (41)   ;(01000001) (101) (65) (41)   ;(01000001) (101) (65) (41)   ;(01000001) (101) (65) (41)   ;(01000001) (101) (65) (41)   ;
;16;(01000001) (101) (65) (41)    ;(01000001) (101) (65) (41)   ;(01000001) (101) (65) (41)   ;(01000001) (101) (65) (41)   ;(01000001) (101) (65) (41)   ;(01000010) (102) (66) (42)   ;(01000010) (102) (66) (42)   ;(01000010) (102) (66) (42)   ;
;24;(01000010) (102) (66) (42)    ;(01000010) (102) (66) (42)   ;(01000010) (102) (66) (42)   ;(01000010) (102) (66) (42)   ;(01000010) (102) (66) (42)   ;(01000010) (102) (66) (42)   ;(01000010) (102) (66) (42)   ;(01000011) (103) (67) (43)   ;
;32;(01000011) (103) (67) (43)    ;(01000011) (103) (67) (43)   ;(01000011) (103) (67) (43)   ;(01000011) (103) (67) (43)   ;(01000011) (103) (67) (43)   ;(01000011) (103) (67) (43)   ;(01000011) (103) (67) (43)   ;(01000011) (103) (67) (43)   ;
;40;(01000011) (103) (67) (43)    ;(01000100) (104) (68) (44)   ;(01000100) (104) (68) (44)   ;(01000100) (104) (68) (44)   ;(01000100) (104) (68) (44)   ;(01000100) (104) (68) (44)   ;(01000100) (104) (68) (44)   ;(01000100) (104) (68) (44)   ;
;48;(01000100) (104) (68) (44)    ;(01000100) (104) (68) (44)   ;(01000100) (104) (68) (44)   ;(01000100) (104) (68) (44)   ;(01000101) (105) (69) (45)   ;(01000101) (105) (69) (45)   ;(01000101) (105) (69) (45)   ;(01000101) (105) (69) (45)   ;
;56;(01000101) (105) (69) (45)    ;(01000101) (105) (69) (45)   ;(01000101) (105) (69) (45)   ;(01000101) (105) (69) (45)   ;(01000101) (105) (69) (45)   ;(01000101) (105) (69) (45)   ;(01000110) (106) (70) (46)   ;(01000110) (106) (70) (46)   ;
;64;(01000110) (106) (70) (46)    ;(01000110) (106) (70) (46)   ;(01000110) (106) (70) (46)   ;(01000110) (106) (70) (46)   ;(01000110) (106) (70) (46)   ;(01000110) (106) (70) (46)   ;(01000110) (106) (70) (46)   ;(01000110) (106) (70) (46)   ;
;72;(01000111) (107) (71) (47)    ;(01000111) (107) (71) (47)   ;(01000111) (107) (71) (47)   ;(01000111) (107) (71) (47)   ;(01000111) (107) (71) (47)   ;(01000111) (107) (71) (47)   ;(01000111) (107) (71) (47)   ;(01000111) (107) (71) (47)   ;
;80;(01000111) (107) (71) (47)    ;(01000111) (107) (71) (47)   ;(01000111) (107) (71) (47)   ;(01001000) (110) (72) (48)   ;(01001000) (110) (72) (48)   ;(01001000) (110) (72) (48)   ;(01001000) (110) (72) (48)   ;(01001000) (110) (72) (48)   ;
;88;(01001000) (110) (72) (48)    ;(01001000) (110) (72) (48)   ;(01001000) (110) (72) (48)   ;(01001000) (110) (72) (48)   ;(01001000) (110) (72) (48)   ;(01001001) (111) (73) (49)   ;(01001001) (111) (73) (49)   ;(01001001) (111) (73) (49)   ;
;96;(01001001) (111) (73) (49)    ;(01001001) (111) (73) (49)   ;(01001001) (111) (73) (49)   ;(01001001) (111) (73) (49)   ;(01001001) (111) (73) (49)   ;(01001001) (111) (73) (49)   ;(01001001) (111) (73) (49)   ;(01001010) (112) (74) (4A)   ;
;104;(01001010) (112) (74) (4A)    ;(01001010) (112) (74) (4A)   ;(01001010) (112) (74) (4A)   ;(01001010) (112) (74) (4A)   ;(01001010) (112) (74) (4A)   ;(01001010) (112) (74) (4A)   ;(01001010) (112) (74) (4A)   ;(01001010) (112) (74) (4A)   ;
;112;(01001010) (112) (74) (4A)    ;(01001010) (112) (74) (4A)   ;(01001011) (113) (75) (4B)   ;(01001011) (113) (75) (4B)   ;(01001011) (113) (75) (4B)   ;(01001011) (113) (75) (4B)   ;(01001011) (113) (75) (4B)   ;(01001011) (113) (75) (4B)   ;
;120;(01001011) (113) (75) (4B)    ;(01001011) (113) (75) (4B)   ;(01001011) (113) (75) (4B)   ;(01001011) (113) (75) (4B)   ;(01001100) (114) (76) (4C)   ;(01001100) (114) (76) (4C)   ;(01001100) (114) (76) (4C)   ;(01001100) (114) (76) (4C)   ;
;128;(01001100) (114) (76) (4C)    ;(01001100) (114) (76) (4C)   ;(01001100) (114) (76) (4C)   ;(01001100) (114) (76) (4C)   ;(01001100) (114) (76) (4C)   ;(01001100) (114) (76) (4C)   ;(01001101) (115) (77) (4D)   ;(01001101) (115) (77) (4D)   ;
;136;(01001101) (115) (77) (4D)    ;(01001101) (115) (77) (4D)   ;(01001101) (115) (77) (4D)   ;(01001101) (115) (77) (4D)   ;(01001101) (115) (77) (4D)   ;(01001101) (115) (77) (4D)   ;(01001101) (115) (77) (4D)   ;(01001101) (115) (77) (4D)   ;
;144;(01001101) (115) (77) (4D)    ;(01001110) (116) (78) (4E)   ;(01001110) (116) (78) (4E)   ;(01001110) (116) (78) (4E)   ;(01001110) (116) (78) (4E)   ;(01001110) (116) (78) (4E)   ;(01001110) (116) (78) (4E)   ;(01001110) (116) (78) (4E)   ;
;152;(01001110) (116) (78) (4E)    ;(01001110) (116) (78) (4E)   ;(01001110) (116) (78) (4E)   ;(01001111) (117) (79) (4F)   ;(01001111) (117) (79) (4F)   ;(01001111) (117) (79) (4F)   ;(01001111) (117) (79) (4F)   ;(01001111) (117) (79) (4F)   ;
;160;(01001111) (117) (79) (4F)    ;(01001111) (117) (79) (4F)   ;(01001111) (117) (79) (4F)   ;(01001111) (117) (79) (4F)   ;(01001111) (117) (79) (4F)   ;(01001111) (117) (79) (4F)   ;(01010000) (120) (80) (50)   ;(01010000) (120) (80) (50)   ;
;168;(01010000) (120) (80) (50)    ;(01010000) (120) (80) (50)   ;(01010000) (120) (80) (50)   ;(01010000) (120) (80) (50)   ;(01010000) (120) (80) (50)   ;(01010000) (120) (80) (50)   ;(01010000) (120) (80) (50)   ;(01010000) (120) (80) (50)   ;
;176;(01010001) (121) (81) (51)    ;(01010001) (121) (81) (51)   ;(01010001) (121) (81) (51)   ;(01010001) (121) (81) (51)   ;(01010001) (121) (81) (51)   ;(01010001) (121) (81) (51)   ;(01010001) (121) (81) (51)   ;(01010001) (121) (81) (51)   ;
;184;(01010001) (121) (81) (51)    ;(01010001) (121) (81) (51)   ;(01010001) (121) (81) (51)   ;(01010010) (122) (82) (52)   ;(01010010) (122) (82) (52)   ;(01010010) (122) (82) (52)   ;(01010010) (122) (82) (52)   ;(01010010) (122) (82) (52)   ;
;192;(01010010) (122) (82) (52)    ;(01010010) (122) (82) (52)   ;(01010010) (122) (82) (52)   ;(01010010) (122) (82) (52)   ;(01010010) (122) (82) (52)   ;(01010010) (122) (82) (52)   ;(01010011) (123) (83) (53)   ;(01010011) (123) (83) (53)   ;
;200;(01010011) (123) (83) (53)    ;(01010011) (123) (83) (53)   ;(01010011) (123) (83) (53)   ;(01010011) (123) (83) (53)   ;(01010011) (123) (83) (53)   ;(01010011) (123) (83) (53)   ;(01010011) (123) (83) (53)   ;(01010011) (123) (83) (53)   ;
;208;(01010011) (123) (83) (53)    ;(01010100) (124) (84) (54)   ;(01010100) (124) (84) (54)   ;(01010100) (124) (84) (54)   ;(01010100) (124) (84) (54)   ;(01010100) (124) (84) (54)   ;(01010100) (124) (84) (54)   ;(01010100) (124) (84) (54)   ;
;216;(01010100) (124) (84) (54)    ;(01010100) (124) (84) (54)   ;(01010100) (124) (84) (54)   ;(01010101) (125) (85) (55)   ;(01010101) (125) (85) (55)   ;(01010101) (125) (85) (55)   ;(01010101) (125) (85) (55)   ;(01010101) (125) (85) (55)   ;
;224;(01010101) (125) (85) (55)    ;(01010101) (125) (85) (55)   ;(01010101) (125) (85) (55)   ;(01010101) (125) (85) (55)   ;(01010101) (125) (85) (55)   ;(01010101) (125) (85) (55)   ;(01010110) (126) (86) (56)   ;(01010110) (126) (86) (56)   ;
;232;(01010110) (126) (86) (56)    ;(01010110) (126) (86) (56)   ;(01010110) (126) (86) (56)   ;(01010110) (126) (86) (56)   ;(01010110) (126) (86) (56)   ;(01010110) (126) (86) (56)   ;(01010110) (126) (86) (56)   ;(01010110) (126) (86) (56)   ;
;240;(01010110) (126) (86) (56)    ;(01010111) (127) (87) (57)   ;(01010111) (127) (87) (57)   ;(01010111) (127) (87) (57)   ;(01010111) (127) (87) (57)   ;(01010111) (127) (87) (57)   ;(01010111) (127) (87) (57)   ;(01010111) (127) (87) (57)   ;
;248;(01010111) (127) (87) (57)    ;(01010111) (127) (87) (57)   ;(01010111) (127) (87) (57)   ;(01010111) (127) (87) (57)   ;(01011000) (130) (88) (58)   ;(01011000) (130) (88) (58)   ;(01011000) (130) (88) (58)   ;(01011000) (130) (88) (58)   ;
;256;(01011000) (130) (88) (58)    ;(01011000) (130) (88) (58)   ;(01011000) (130) (88) (58)   ;(01011000) (130) (88) (58)   ;(01011000) (130) (88) (58)   ;(01011000) (130) (88) (58)   ;(01011000) (130) (88) (58)   ;(01011001) (131) (89) (59)   ;
;264;(01011001) (131) (89) (59)    ;(01011001) (131) (89) (59)   ;(01011001) (131) (89) (59)   ;(01011001) (131) (89) (59)   ;(01011001) (131) (89) (59)   ;(01011001) (131) (89) (59)   ;(01011001) (131) (89) (59)   ;(01011001) (131) (89) (59)   ;
;272;(01011001) (131) (89) (59)    ;(01011001) (131) (89) (59)   ;(01011010) (132) (90) (5A)   ;(01011010) (132) (90) (5A)   ;(01011010) (132) (90) (5A)   ;(01011010) (132) (90) (5A)   ;(01011010) (132) (90) (5A)   ;(01011010) (132) (90) (5A)   ;
;280;(01011010) (132) (90) (5A)    ;(01011010) (132) (90) (5A)   ;(01011010) (132) (90) (5A)   ;(01011010) (132) (90) (5A)   ;(01011010) (132) (90) (5A)   ;(01011010) (132) (90) (5A)   ;(01011011) (133) (91) (5B)   ;(01011011) (133) (91) (5B)   ;
;288;(01011011) (133) (91) (5B)    ;(01011011) (133) (91) (5B)   ;(01011011) (133) (91) (5B)   ;(01011011) (133) (91) (5B)   ;(01011011) (133) (91) (5B)   ;(01011011) (133) (91) (5B)   ;(01011011) (133) (91) (5B)   ;(01011011) (133) (91) (5B)   ;
;296;(01011011) (133) (91) (5B)    ;(01011100) (134) (92) (5C)   ;(01011100) (134) (92) (5C)   ;(01011100) (134) (92) (5C)   ;(01011100) (134) (92) (5C)   ;(01011100) (134) (92) (5C)   ;(01011100) (134) (92) (5C)   ;(01011100) (134) (92) (5C)   ;
;304;(01011100) (134) (92) (5C)    ;(01011100) (134) (92) (5C)   ;(01011100) (134) (92) (5C)   ;(01011100) (134) (92) (5C)   ;(01011101) (135) (93) (5D)   ;(01011101) (135) (93) (5D)   ;(01011101) (135) (93) (5D)   ;(01011101) (135) (93) (5D)   ;
;312;(01011101) (135) (93) (5D)    ;(01011101) (135) (93) (5D)   ;(01011101) (135) (93) (5D)   ;(01011101) (135) (93) (5D)   ;(01011101) (135) (93) (5D)   ;(01011101) (135) (93) (5D)   ;(01011101) (135) (93) (5D)   ;(01011101) (135) (93) (5D)   ;
;320;(01011110) (136) (94) (5E)    ;(01011110) (136) (94) (5E)   ;(01011110) (136) (94) (5E)   ;(01011110) (136) (94) (5E)   ;(01011110) (136) (94) (5E)   ;(01011110) (136) (94) (5E)   ;(01011110) (136) (94) (5E)   ;(01011110) (136) (94) (5E)   ;
;328;(01011110) (136) (94) (5E)    ;(01011110) (136) (94) (5E)   ;(01011110) (136) (94) (5E)   ;(01011110) (136) (94) (5E)   ;(01011111) (137) (95) (5F)   ;(01011111) (137) (95) (5F)   ;(01011111) (137) (95) (5F)   ;(01011111) (137) (95) (5F)   ;
;336;(01011111) (137) (95) (5F)    ;(01011111) (137) (95) (5F)   ;(01011111) (137) (95) (5F)   ;(01011111) (137) (95) (5F)   ;(01011111) (137) (95) (5F)   ;(01011111) (137) (95) (5F)   ;(01011111) (137) (95) (5F)   ;(01100000) (140) (96) (60)   ;
;344;(01100000) (140) (96) (60)    ;(01100000) (140) (96) (60)   ;(01100000) (140) (96) (60)   ;(01100000) (140) (96) (60)   ;(01100000) (140) (96) (60)   ;(01100000) (140) (96) (60)   ;(01100000) (140) (96) (60)   ;(01100000) (140) (96) (60)   ;
;352;(01100000) (140) (96) (60)    ;(01100000) (140) (96) (60)   ;(01100000) (140) (96) (60)   ;(01100001) (141) (97) (61)   ;(01100001) (141) (97) (61)   ;(01100001) (141) (97) (61)   ;(01100001) (141) (97) (61)   ;(01100001) (141) (97) (61)   ;
;360;(01100001) (141) (97) (61)    ;(01100001) (141) (97) (61)   ;(01100001) (141) (97) (61)   ;(01100001) (141) (97) (61)   ;(01100001) (141) (97) (61)   ;(01100001) (141) (97) (61)   ;(01100001) (141) (97) (61)   ;(01100010) (142) (98) (62)   ;
;368;(01100010) (142) (98) (62)    ;(01100010) (142) (98) (62)   ;(01100010) (142) (98) (62)   ;(01100010) (142) (98) (62)   ;(01100010) (142) (98) (62)   ;(01100010) (142) (98) (62)   ;(01100010) (142) (98) (62)   ;(01100010) (142) (98) (62)   ;
;376;(01100010) (142) (98) (62)    ;(01100010) (142) (98) (62)   ;(01100010) (142) (98) (62)   ;(01100011) (143) (99) (63)   ;(01100011) (143) (99) (63)   ;(01100011) (143) (99) (63)   ;(01100011) (143) (99) (63)   ;(01100011) (143) (99) (63)   ;
;384;(01100011) (143) (99) (63)    ;(01100011) (143) (99) (63)   ;(01100011) (143) (99) (63)   ;(01100011) (143) (99) (63)   ;(01100011) (143) (99) (63)   ;(01100011) (143) (99) (63)   ;(01100011) (143) (99) (63)   ;(01100011) (143) (99) (63)   ;
;392;(01100100) (144) (100) (64)    ;(01100100) (144) (100) (64)   ;(01100100) (144) (100) (64)   ;(01100100) (144) (100) (64)   ;(01100100) (144) (100) (64)   ;(01100100) (144) (100) (64)   ;(01100100) (144) (100) (64)   ;(01100100) (144) (100) (64)   ;
;400;(01100100) (144) (100) (64)    ;(01100100) (144) (100) (64)   ;(01100100) (144) (100) (64)   ;(01100100) (144) (100) (64)   ;(01100101) (145) (101) (65)   ;(01100101) (145) (101) (65)   ;(01100101) (145) (101) (65)   ;(01100101) (145) (101) (65)   ;
;408;(01100101) (145) (101) (65)    ;(01100101) (145) (101) (65)   ;(01100101) (145) (101) (65)   ;(01100101) (145) (101) (65)   ;(01100101) (145) (101) (65)   ;(01100101) (145) (101) (65)   ;(01100101) (145) (101) (65)   ;(01100101) (145) (101) (65)   ;
;416;(01100101) (145) (101) (65)    ;(01100110) (146) (102) (66)   ;(01100110) (146) (102) (66)   ;(01100110) (146) (102) (66)   ;(01100110) (146) (102) (66)   ;(01100110) (146) (102) (66)   ;(01100110) (146) (102) (66)   ;(01100110) (146) (102) (66)   ;
;424;(01100110) (146) (102) (66)    ;(01100110) (146) (102) (66)   ;(01100110) (146) (102) (66)   ;(01100110) (146) (102) (66)   ;(01100110) (146) (102) (66)   ;(01100110) (146) (102) (66)   ;(01100111) (147) (103) (67)   ;(01100111) (147) (103) (67)   ;
;432;(01100111) (147) (103) (67)    ;(01100111) (147) (103) (67)   ;(01100111) (147) (103) (67)   ;(01100111) (147) (103) (67)   ;(01100111) (147) (103) (67)   ;(01100111) (147) (103) (67)   ;(01100111) (147) (103) (67)   ;(01100111) (147) (103) (67)   ;
;440;(01100111) (147) (103) (67)    ;(01100111) (147) (103) (67)   ;(01100111) (147) (103) (67)   ;(01101000) (150) (104) (68)   ;(01101000) (150) (104) (68)   ;(01101000) (150) (104) (68)   ;(01101000) (150) (104) (68)   ;(01101000) (150) (104) (68)   ;
;448;(01101000) (150) (104) (68)    ;(01101000) (150) (104) (68)   ;(01101000) (150) (104) (68)   ;(01101000) (150) (104) (68)   ;(01101000) (150) (104) (68)   ;(01101000) (150) (104) (68)   ;(01101000) (150) (104) (68)   ;(01101000) (150) (104) (68)   ;
;456;(01101001) (151) (105) (69)    ;(01101001) (151) (105) (69)   ;(01101001) (151) (105) (69)   ;(01101001) (151) (105) (69)   ;(01101001) (151) (105) (69)   ;(01101001) (151) (105) (69)   ;(01101001) (151) (105) (69)   ;(01101001) (151) (105) (69)   ;
;464;(01101001) (151) (105) (69)    ;(01101001) (151) (105) (69)   ;(01101001) (151) (105) (69)   ;(01101001) (151) (105) (69)   ;(01101001) (151) (105) (69)   ;(01101010) (152) (106) (6A)   ;(01101010) (152) (106) (6A)   ;(01101010) (152) (106) (6A)   ;
;472;(01101010) (152) (106) (6A)    ;(01101010) (152) (106) (6A)   ;(01101010) (152) (106) (6A)   ;(01101010) (152) (106) (6A)   ;(01101010) (152) (106) (6A)   ;(01101010) (152) (106) (6A)   ;(01101010) (152) (106) (6A)   ;(01101010) (152) (106) (6A)   ;
;480;(01101010) (152) (106) (6A)    ;(01101010) (152) (106) (6A)   ;(01101010) (152) (106) (6A)   ;(01101011) (153) (107) (6B)   ;(01101011) (153) (107) (6B)   ;(01101011) (153) (107) (6B)   ;(01101011) (153) (107) (6B)   ;(01101011) (153) (107) (6B)   ;
;488;(01101011) (153) (107) (6B)    ;(01101011) (153) (107) (6B)   ;(01101011) (153) (107) (6B)   ;(01101011) (153) (107) (6B)   ;(01101011) (153) (107) (6B)   ;(01101011) (153) (107) (6B)   ;(01101011) (153) (107) (6B)   ;(01101011) (153) (107) (6B)   ;
;496;(01101011) (153) (107) (6B)    ;(01101100) (154) (108) (6C)   ;(01101100) (154) (108) (6C)   ;(01101100) (154) (108) (6C)   ;(01101100) (154) (108) (6C)   ;(01101100) (154) (108) (6C)   ;(01101100) (154) (108) (6C)   ;(01101100) (154) (108) (6C)   ;
;504;(01101100) (154) (108) (6C)    ;(01101100) (154) (108) (6C)   ;(01101100) (154) (108) (6C)   ;(01101100) (154) (108) (6C)   ;(01101100) (154) (108) (6C)   ;(01101100) (154) (108) (6C)   ;(01101100) (154) (108) (6C)   ;(01101101) (155) (109) (6D)   ;
;512;(01101101) (155) (109) (6D)    ;(01101101) (155) (109) (6D)   ;(01101101) (155) (109) (6D)   ;(01101101) (155) (109) (6D)   ;(01101101) (155) (109) (6D)   ;(01101101) (155) (109) (6D)   ;(01101101) (155) (109) (6D)   ;(01101101) (155) (109) (6D)   ;
;520;(01101101) (155) (109) (6D)    ;(01101101) (155) (109) (6D)   ;(01101101) (155) (109) (6D)   ;(01101101) (155) (109) (6D)   ;(01101101) (155) (109) (6D)   ;(01101101) (155) (109) (6D)   ;(01101110) (156) (110) (6E)   ;(01101110) (156) (110) (6E)   ;
;528;(01101110) (156) (110) (6E)    ;(01101110) (156) (110) (6E)   ;(01101110) (156) (110) (6E)   ;(01101110) (156) (110) (6E)   ;(01101110) (156) (110) (6E)   ;(01101110) (156) (110) (6E)   ;(01101110) (156) (110) (6E)   ;(01101110) (156) (110) (6E)   ;
;536;(01101110) (156) (110) (6E)    ;(01101110) (156) (110) (6E)   ;(01101110) (156) (110) (6E)   ;(01101110) (156) (110) (6E)   ;(01101110) (156) (110) (6E)   ;(01101111) (157) (111) (6F)   ;(01101111) (157) (111) (6F)   ;(01101111) (157) (111) (6F)   ;
;544;(01101111) (157) (111) (6F)    ;(01101111) (157) (111) (6F)   ;(01101111) (157) (111) (6F)   ;(01101111) (157) (111) (6F)   ;(01101111) (157) (111) (6F)   ;(01101111) (157) (111) (6F)   ;(01101111) (157) (111) (6F)   ;(01101111) (157) (111) (6F)   ;
;552;(01101111) (157) (111) (6F)    ;(01101111) (157) (111) (6F)   ;(01101111) (157) (111) (6F)   ;(01101111) (157) (111) (6F)   ;(01110000) (160) (112) (70)   ;(01110000) (160) (112) (70)   ;(01110000) (160) (112) (70)   ;(01110000) (160) (112) (70)   ;
;560;(01110000) (160) (112) (70)    ;(01110000) (160) (112) (70)   ;(01110000) (160) (112) (70)   ;(01110000) (160) (112) (70)   ;(01110000) (160) (112) (70)   ;(01110000) (160) (112) (70)   ;(01110000) (160) (112) (70)   ;(01110000) (160) (112) (70)   ;
;568;(01110000) (160) (112) (70)    ;(01110000) (160) (112) (70)   ;(01110000) (160) (112) (70)   ;(01110000) (160) (112) (70)   ;(01110001) (161) (113) (71)   ;(01110001) (161) (113) (71)   ;(01110001) (161) (113) (71)   ;(01110001) (161) (113) (71)   ;
;576;(01110001) (161) (113) (71)    ;(01110001) (161) (113) (71)   ;(01110001) (161) (113) (71)   ;(01110001) (161) (113) (71)   ;(01110001) (161) (113) (71)   ;(01110001) (161) (113) (71)   ;(01110001) (161) (113) (71)   ;(01110001) (161) (113) (71)   ;
;584;(01110001) (161) (113) (71)    ;(01110001) (161) (113) (71)   ;(01110001) (161) (113) (71)   ;(01110001) (161) (113) (71)   ;(01110010) (162) (114) (72)   ;(01110010) (162) (114) (72)   ;(01110010) (162) (114) (72)   ;(01110010) (162) (114) (72)   ;
;592;(01110010) (162) (114) (72)    ;(01110010) (162) (114) (72)   ;(01110010) (162) (114) (72)   ;(01110010) (162) (114) (72)   ;(01110010) (162) (114) (72)   ;(01110010) (162) (114) (72)   ;(01110010) (162) (114) (72)   ;(01110010) (162) (114) (72)   ;
;600;(01110010) (162) (114) (72)    ;(01110010) (162) (114) (72)   ;(01110010) (162) (114) (72)   ;(01110010) (162) (114) (72)   ;(01110010) (162) (114) (72)   ;(01110011) (163) (115) (73)   ;(01110011) (163) (115) (73)   ;(01110011) (163) (115) (73)   ;
;608;(01110011) (163) (115) (73)    ;(01110011) (163) (115) (73)   ;(01110011) (163) (115) (73)   ;(01110011) (163) (115) (73)   ;(01110011) (163) (115) (73)   ;(01110011) (163) (115) (73)   ;(01110011) (163) (115) (73)   ;(01110011) (163) (115) (73)   ;
;616;(01110011) (163) (115) (73)    ;(01110011) (163) (115) (73)   ;(01110011) (163) (115) (73)   ;(01110011) (163) (115) (73)   ;(01110011) (163) (115) (73)   ;(01110011) (163) (115) (73)   ;(01110100) (164) (116) (74)   ;(01110100) (164) (116) (74)   ;
;624;(01110100) (164) (116) (74)    ;(01110100) (164) (116) (74)   ;(01110100) (164) (116) (74)   ;(01110100) (164) (116) (74)   ;(01110100) (164) (116) (74)   ;(01110100) (164) (116) (74)   ;(01110100) (164) (116) (74)   ;(01110100) (164) (116) (74)   ;
;632;(01110100) (164) (116) (74)    ;(01110100) (164) (116) (74)   ;(01110100) (164) (116) (74)   ;(01110100) (164) (116) (74)   ;(01110100) (164) (116) (74)   ;(01110100) (164) (116) (74)   ;(01110100) (164) (116) (74)   ;(01110100) (164) (116) (74)   ;
;640;(01110101) (165) (117) (75)    ;(01110101) (165) (117) (75)   ;(01110101) (165) (117) (75)   ;(01110101) (165) (117) (75)   ;(01110101) (165) (117) (75)   ;(01110101) (165) (117) (75)   ;(01110101) (165) (117) (75)   ;(01110101) (165) (117) (75)   ;
;648;(01110101) (165) (117) (75)    ;(01110101) (165) (117) (75)   ;(01110101) (165) (117) (75)   ;(01110101) (165) (117) (75)   ;(01110101) (165) (117) (75)   ;(01110101) (165) (117) (75)   ;(01110101) (165) (117) (75)   ;(01110101) (165) (117) (75)   ;
;656;(01110101) (165) (117) (75)    ;(01110101) (165) (117) (75)   ;(01110101) (165) (117) (75)   ;(01110110) (166) (118) (76)   ;(01110110) (166) (118) (76)   ;(01110110) (166) (118) (76)   ;(01110110) (166) (118) (76)   ;(01110110) (166) (118) (76)   ;
;664;(01110110) (166) (118) (76)    ;(01110110) (166) (118) (76)   ;(01110110) (166) (118) (76)   ;(01110110) (166) (118) (76)   ;(01110110) (166) (118) (76)   ;(01110110) (166) (118) (76)   ;(01110110) (166) (118) (76)   ;(01110110) (166) (118) (76)   ;
;672;(01110110) (166) (118) (76)    ;(01110110) (166) (118) (76)   ;(01110110) (166) (118) (76)   ;(01110110) (166) (118) (76)   ;(01110110) (166) (118) (76)   ;(01110110) (166) (118) (76)   ;(01110110) (166) (118) (76)   ;(01110111) (167) (119) (77)   ;
;680;(01110111) (167) (119) (77)    ;(01110111) (167) (119) (77)   ;(01110111) (167) (119) (77)   ;(01110111) (167) (119) (77)   ;(01110111) (167) (119) (77)   ;(01110111) (167) (119) (77)   ;(01110111) (167) (119) (77)   ;(01110111) (167) (119) (77)   ;
;688;(01110111) (167) (119) (77)    ;(01110111) (167) (119) (77)   ;(01110111) (167) (119) (77)   ;(01110111) (167) (119) (77)   ;(01110111) (167) (119) (77)   ;(01110111) (167) (119) (77)   ;(01110111) (167) (119) (77)   ;(01110111) (167) (119) (77)   ;
;696;(01110111) (167) (119) (77)    ;(01110111) (167) (119) (77)   ;(01110111) (167) (119) (77)   ;(01110111) (167) (119) (77)   ;(01111000) (170) (120) (78)   ;(01111000) (170) (120) (78)   ;(01111000) (170) (120) (78)   ;(01111000) (170) (120) (78)   ;
;704;(01111000) (170) (120) (78)    ;(01111000) (170) (120) (78)   ;(01111000) (170) (120) (78)   ;(01111000) (170) (120) (78)   ;(01111000) (170) (120) (78)   ;(01111000) (170) (120) (78)   ;(01111000) (170) (120) (78)   ;(01111000) (170) (120) (78)   ;
;712;(01111000) (170) (120) (78)    ;(01111000) (170) (120) (78)   ;(01111000) (170) (120) (78)   ;(01111000) (170) (120) (78)   ;(01111000) (170) (120) (78)   ;(01111000) (170) (120) (78)   ;(01111000) (170) (120) (78)   ;(01111000) (170) (120) (78)   ;
;720;(01111000) (170) (120) (78)    ;(01111000) (170) (120) (78)   ;(01111001) (171) (121) (79)   ;(01111001) (171) (121) (79)   ;(01111001) (171) (121) (79)   ;(01111001) (171) (121) (79)   ;(01111001) (171) (121) (79)   ;(01111001) (171) (121) (79)   ;
;728;(01111001) (171) (121) (79)    ;(01111001) (171) (121) (79)   ;(01111001) (171) (121) (79)   ;(01111001) (171) (121) (79)   ;(01111001) (171) (121) (79)   ;(01111001) (171) (121) (79)   ;(01111001) (171) (121) (79)   ;(01111001) (171) (121) (79)   ;
;736;(01111001) (171) (121) (79)    ;(01111001) (171) (121) (79)   ;(01111001) (171) (121) (79)   ;(01111001) (171) (121) (79)   ;(01111001) (171) (121) (79)   ;(01111001) (171) (121) (79)   ;(01111001) (171) (121) (79)   ;(01111001) (171) (121) (79)   ;
;744;(01111001) (171) (121) (79)    ;(01111010) (172) (122) (7A)   ;(01111010) (172) (122) (7A)   ;(01111010) (172) (122) (7A)   ;(01111010) (172) (122) (7A)   ;(01111010) (172) (122) (7A)   ;(01111010) (172) (122) (7A)   ;(01111010) (172) (122) (7A)   ;
;752;(01111010) (172) (122) (7A)    ;(01111010) (172) (122) (7A)   ;(01111010) (172) (122) (7A)   ;(01111010) (172) (122) (7A)   ;(01111010) (172) (122) (7A)   ;(01111010) (172) (122) (7A)   ;(01111010) (172) (122) (7A)   ;(01111010) (172) (122) (7A)   ;
;760;(01111010) (172) (122) (7A)    ;(01111010) (172) (122) (7A)   ;(01111010) (172) (122) (7A)   ;(01111010) (172) (122) (7A)   ;(01111010) (172) (122) (7A)   ;(01111010) (172) (122) (7A)   ;(01111010) (172) (122) (7A)   ;(01111010) (172) (122) (7A)   ;
;768;(01111010) (172) (122) (7A)    ;(01111010) (172) (122) (7A)   ;(01111010) (172) (122) (7A)   ;(01111011) (173) (123) (7B)   ;(01111011) (173) (123) (7B)   ;(01111011) (173) (123) (7B)   ;(01111011) (173) (123) (7B)   ;(01111011) (173) (123) (7B)   ;
;776;(01111011) (173) (123) (7B)    ;(01111011) (173) (123) (7B)   ;(01111011) (173) (123) (7B)   ;(01111011) (173) (123) (7B)   ;(01111011) (173) (123) (7B)   ;(01111011) (173) (123) (7B)   ;(01111011) (173) (123) (7B)   ;(01111011) (173) (123) (7B)   ;
;784;(01111011) (173) (123) (7B)    ;(01111011) (173) (123) (7B)   ;(01111011) (173) (123) (7B)   ;(01111011) (173) (123) (7B)   ;(01111011) (173) (123) (7B)   ;(01111011) (173) (123) (7B)   ;(01111011) (173) (123) (7B)   ;(01111011) (173) (123) (7B)   ;
;792;(01111011) (173) (123) (7B)    ;(01111011) (173) (123) (7B)   ;(01111011) (173) (123) (7B)   ;(01111011) (173) (123) (7B)   ;(01111011) (173) (123) (7B)   ;(01111011) (173) (123) (7B)   ;(01111011) (173) (123) (7B)   ;(01111011) (173) (123) (7B)   ;
;800;(01111100) (174) (124) (7C)    ;(01111100) (174) (124) (7C)   ;(01111100) (174) (124) (7C)   ;(01111100) (174) (124) (7C)   ;(01111100) (174) (124) (7C)   ;(01111100) (174) (124) (7C)   ;(01111100) (174) (124) (7C)   ;(01111100) (174) (124) (7C)   ;
;808;(01111100) (174) (124) (7C)    ;(01111100) (174) (124) (7C)   ;(01111100) (174) (124) (7C)   ;(01111100) (174) (124) (7C)   ;(01111100) (174) (124) (7C)   ;(01111100) (174) (124) (7C)   ;(01111100) (174) (124) (7C)   ;(01111100) (174) (124) (7C)   ;
;816;(01111100) (174) (124) (7C)    ;(01111100) (174) (124) (7C)   ;(01111100) (174) (124) (7C)   ;(01111100) (174) (124) (7C)   ;(01111100) (174) (124) (7C)   ;(01111100) (174) (124) (7C)   ;(01111100) (174) (124) (7C)   ;(01111100) (174) (124) (7C)   ;
;824;(01111100) (174) (124) (7C)    ;(01111100) (174) (124) (7C)   ;(01111100) (174) (124) (7C)   ;(01111100) (174) (124) (7C)   ;(01111100) (174) (124) (7C)   ;(01111100) (174) (124) (7C)   ;(01111100) (174) (124) (7C)   ;(01111100) (174) (124) (7C)   ;
;832;(01111101) (175) (125) (7D)    ;(01111101) (175) (125) (7D)   ;(01111101) (175) (125) (7D)   ;(01111101) (175) (125) (7D)   ;(01111101) (175) (125) (7D)   ;(01111101) (175) (125) (7D)   ;(01111101) (175) (125) (7D)   ;(01111101) (175) (125) (7D)   ;
;840;(01111101) (175) (125) (7D)    ;(01111101) (175) (125) (7D)   ;(01111101) (175) (125) (7D)   ;(01111101) (175) (125) (7D)   ;(01111101) (175) (125) (7D)   ;(01111101) (175) (125) (7D)   ;(01111101) (175) (125) (7D)   ;(01111101) (175) (125) (7D)   ;
;848;(01111101) (175) (125) (7D)    ;(01111101) (175) (125) (7D)   ;(01111101) (175) (125) (7D)   ;(01111101) (175) (125) (7D)   ;(01111101) (175) (125) (7D)   ;(01111101) (175) (125) (7D)   ;(01111101) (175) (125) (7D)   ;(01111101) (175) (125) (7D)   ;
;856;(01111101) (175) (125) (7D)    ;(01111101) (175) (125) (7D)   ;(01111101) (175) (125) (7D)   ;(01111101) (175) (125) (7D)   ;(01111101) (175) (125) (7D)   ;(01111101) (175) (125) (7D)   ;(01111101) (175) (125) (7D)   ;(01111101) (175) (125) (7D)   ;
;864;(01111101) (175) (125) (7D)    ;(01111101) (175) (125) (7D)   ;(01111101) (175) (125) (7D)   ;(01111101) (175) (125) (7D)   ;(01111101) (175) (125) (7D)   ;(01111101) (175) (125) (7D)   ;(01111101) (175) (125) (7D)   ;(01111110) (176) (126) (7E)   ;
;872;(01111110) (176) (126) (7E)    ;(01111110) (176) (126) (7E)   ;(01111110) (176) (126) (7E)   ;(01111110) (176) (126) (7E)   ;(01111110) (176) (126) (7E)   ;(01111110) (176) (126) (7E)   ;(01111110) (176) (126) (7E)   ;(01111110) (176) (126) (7E)   ;
;880;(01111110) (176) (126) (7E)    ;(01111110) (176) (126) (7E)   ;(01111110) (176) (126) (7E)   ;(01111110) (176) (126) (7E)   ;(01111110) (176) (126) (7E)   ;(01111110) (176) (126) (7E)   ;(01111110) (176) (126) (7E)   ;(01111110) (176) (126) (7E)   ;
;888;(01111110) (176) (126) (7E)    ;(01111110) (176) (126) (7E)   ;(01111110) (176) (126) (7E)   ;(01111110) (176) (126) (7E)   ;(01111110) (176) (126) (7E)   ;(01111110) (176) (126) (7E)   ;(01111110) (176) (126) (7E)   ;(01111110) (176) (126) (7E)   ;
;896;(01111110) (176) (126) (7E)    ;(01111110) (176) (126) (7E)   ;(01111110) (176) (126) (7E)   ;(01111110) (176) (126) (7E)   ;(01111110) (176) (126) (7E)   ;(01111110) (176) (126) (7E)   ;(01111110) (176) (126) (7E)   ;(01111110) (176) (126) (7E)   ;
;904;(01111110) (176) (126) (7E)    ;(01111110) (176) (126) (7E)   ;(01111110) (176) (126) (7E)   ;(01111110) (176) (126) (7E)   ;(01111110) (176) (126) (7E)   ;(01111110) (176) (126) (7E)   ;(01111110) (176) (126) (7E)   ;(01111110) (176) (126) (7E)   ;
;912;(01111110) (176) (126) (7E)    ;(01111110) (176) (126) (7E)   ;(01111110) (176) (126) (7E)   ;(01111110) (176) (126) (7E)   ;(01111110) (176) (126) (7E)   ;(01111110) (176) (126) (7E)   ;(01111110) (176) (126) (7E)   ;(01111110) (176) (126) (7E)   ;
;920;(01111110) (176) (126) (7E)    ;(01111110) (176) (126) (7E)   ;(01111110) (176) (126) (7E)   ;(01111110) (176) (126) (7E)   ;(01111111) (177) (127) (7F)   ;(01111111) (177) (127) (7F)   ;(01111111) (177) (127) (7F)   ;(01111111) (177) (127) (7F)   ;
;928;(01111111) (177) (127) (7F)    ;(01111111) (177) (127) (7F)   ;(01111111) (177) (127) (7F)   ;(01111111) (177) (127) (7F)   ;(01111111) (177) (127) (7F)   ;(01111111) (177) (127) (7F)   ;(01111111) (177) (127) (7F)   ;(01111111) (177) (127) (7F)   ;
;936;(01111111) (177) (127) (7F)    ;(01111111) (177) (127) (7F)   ;(01111111) (177) (127) (7F)   ;(01111111) (177) (127) (7F)   ;(01111111) (177) (127) (7F)   ;(01111111) (177) (127) (7F)   ;(01111111) (177) (127) (7F)   ;(01111111) (177) (127) (7F)   ;
;944;(01111111) (177) (127) (7F)    ;(01111111) (177) (127) (7F)   ;(01111111) (177) (127) (7F)   ;(01111111) (177) (127) (7F)   ;(01111111) (177) (127) (7F)   ;(01111111) (177) (127) (7F)   ;(01111111) (177) (127) (7F)   ;(01111111) (177) (127) (7F)   ;
;952;(01111111) (177) (127) (7F)    ;(01111111) (177) (127) (7F)   ;(01111111) (177) (127) (7F)   ;(01111111) (177) (127) (7F)   ;(01111111) (177) (127) (7F)   ;(01111111) (177) (127) (7F)   ;(01111111) (177) (127) (7F)   ;(01111111) (177) (127) (7F)   ;
;960;(01111111) (177) (127) (7F)    ;(01111111) (177) (127) (7F)   ;(01111111) (177) (127) (7F)   ;(01111111) (177) (127) (7F)   ;(01111111) (177) (127) (7F)   ;(01111111) (177) (127) (7F)   ;(01111111) (177) (127) (7F)   ;(01111111) (177) (127) (7F)   ;
;968;(01111111) (177) (127) (7F)    ;(01111111) (177) (127) (7F)   ;(01111111) (177) (127) (7F)   ;(01111111) (177) (127) (7F)   ;(01111111) (177) (127) (7F)   ;(01111111) (177) (127) (7F)   ;(01111111) (177) (127) (7F)   ;(01111111) (177) (127) (7F)   ;
;976;(01111111) (177) (127) (7F)    ;(01111111) (177) (127) (7F)   ;(01111111) (177) (127) (7F)   ;(01111111) (177) (127) (7F)   ;(01111111) (177) (127) (7F)   ;(01111111) (177) (127) (7F)   ;(01111111) (177) (127) (7F)   ;(01111111) (177) (127) (7F)   ;
;984;(01111111) (177) (127) (7F)    ;(01111111) (177) (127) (7F)   ;(01111111) (177) (127) (7F)   ;(01111111) (177) (127) (7F)   ;(01111111) (177) (127) (7F)   ;(01111111) (177) (127) (7F)   ;(01111111) (177) (127) (7F)   ;(01111111) (177) (127) (7F)   ;
;992;(01111111) (177) (127) (7F)    ;(01111111) (177) (127) (7F)   ;(01111111) (177) (127) (7F)   ;(01111111) (177) (127) (7F)   ;(01111111) (177) (127) (7F)   ;(01111111) (177) (127) (7F)   ;(01111111) (177) (127) (7F)   ;(01111111) (177) (127) (7F)   ;
;1000;(01111111) (177) (127) (7F)    ;(01111111) (177) (127) (7F)   ;(01111111) (177) (127) (7F)   ;(01111111) (177) (127) (7F)   ;(01111111) (177) (127) (7F)   ;(01111111) (177) (127) (7F)   ;(01111111) (177) (127) (7F)   ;(01111111) (177) (127) (7F)   ;
;1008;(01111111) (177) (127) (7F)    ;(01111111) (177) (127) (7F)   ;(01111111) (177) (127) (7F)   ;(01111111) (177) (127) (7F)   ;(01111111) (177) (127) (7F)   ;(01111111) (177) (127) (7F)   ;(01111111) (177) (127) (7F)   ;(01111111) (177) (127) (7F)   ;
;1016;(01111111) (177) (127) (7F)    ;(01111111) (177) (127) (7F)   ;(01111111) (177) (127) (7F)   ;(01111111) (177) (127) (7F)   ;(01111111) (177) (127) (7F)   ;(01111111) (177) (127) (7F)   ;(01111111) (177) (127) (7F)   ;(01111111) (177) (127) (7F)   ;
;1024;(01111111) (177) (127) (7F)    ;(01111111) (177) (127) (7F)   ;(01111111) (177) (127) (7F)   ;(01111111) (177) (127) (7F)   ;(01111111) (177) (127) (7F)   ;(01111111) (177) (127) (7F)   ;(01111111) (177) (127) (7F)   ;(01111111) (177) (127) (7F)   ;
;1032;(01111111) (177) (127) (7F)    ;(01111111) (177) (127) (7F)   ;(01111111) (177) (127) (7F)   ;(01111111) (177) (127) (7F)   ;(01111111) (177) (127) (7F)   ;(01111111) (177) (127) (7F)   ;(01111111) (177) (127) (7F)   ;(01111111) (177) (127) (7F)   ;
;1040;(01111111) (177) (127) (7F)    ;(01111111) (177) (127) (7F)   ;(01111111) (177) (127) (7F)   ;(01111111) (177) (127) (7F)   ;(01111111) (177) (127) (7F)   ;(01111111) (177) (127) (7F)   ;(01111111) (177) (127) (7F)   ;(01111111) (177) (127) (7F)   ;
;1048;(01111111) (177) (127) (7F)    ;(01111111) (177) (127) (7F)   ;(01111111) (177) (127) (7F)   ;(01111111) (177) (127) (7F)   ;(01111111) (177) (127) (7F)   ;(01111111) (177) (127) (7F)   ;(01111111) (177) (127) (7F)   ;(01111111) (177) (127) (7F)   ;
;1056;(01111111) (177) (127) (7F)    ;(01111111) (177) (127) (7F)   ;(01111111) (177) (127) (7F)   ;(01111111) (177) (127) (7F)   ;(01111111) (177) (127) (7F)   ;(01111111) (177) (127) (7F)   ;(01111111) (177) (127) (7F)   ;(01111111) (177) (127) (7F)   ;
;1064;(01111111) (177) (127) (7F)    ;(01111111) (177) (127) (7F)   ;(01111111) (177) (127) (7F)   ;(01111111) (177) (127) (7F)   ;(01111111) (177) (127) (7F)   ;(01111111) (177) (127) (7F)   ;(01111111) (177) (127) (7F)   ;(01111111) (177) (127) (7F)   ;
;1072;(01111111) (177) (127) (7F)    ;(01111111) (177) (127) (7F)   ;(01111111) (177) (127) (7F)   ;(01111111) (177) (127) (7F)   ;(01111111) (177) (127) (7F)   ;(01111111) (177) (127) (7F)   ;(01111111) (177) (127) (7F)   ;(01111111) (177) (127) (7F)   ;
;1080;(01111111) (177) (127) (7F)    ;(01111111) (177) (127) (7F)   ;(01111111) (177) (127) (7F)   ;(01111111) (177) (127) (7F)   ;(01111111) (177) (127) (7F)   ;(01111111) (177) (127) (7F)   ;(01111111) (177) (127) (7F)   ;(01111111) (177) (127) (7F)   ;
;1088;(01111111) (177) (127) (7F)    ;(01111111) (177) (127) (7F)   ;(01111111) (177) (127) (7F)   ;(01111111) (177) (127) (7F)   ;(01111111) (177) (127) (7F)   ;(01111111) (177) (127) (7F)   ;(01111111) (177) (127) (7F)   ;(01111111) (177) (127) (7F)   ;
;1096;(01111111) (177) (127) (7F)    ;(01111111) (177) (127) (7F)   ;(01111111) (177) (127) (7F)   ;(01111111) (177) (127) (7F)   ;(01111111) (177) (127) (7F)   ;(01111111) (177) (127) (7F)   ;(01111111) (177) (127) (7F)   ;(01111111) (177) (127) (7F)   ;
;1104;(01111111) (177) (127) (7F)    ;(01111111) (177) (127) (7F)   ;(01111111) (177) (127) (7F)   ;(01111111) (177) (127) (7F)   ;(01111111) (177) (127) (7F)   ;(01111111) (177) (127) (7F)   ;(01111111) (177) (127) (7F)   ;(01111111) (177) (127) (7F)   ;
;1112;(01111111) (177) (127) (7F)    ;(01111111) (177) (127) (7F)   ;(01111111) (177) (127) (7F)   ;(01111111) (177) (127) (7F)   ;(01111111) (177) (127) (7F)   ;(01111111) (177) (127) (7F)   ;(01111111) (177) (127) (7F)   ;(01111111) (177) (127) (7F)   ;
;1120;(01111111) (177) (127) (7F)    ;(01111111) (177) (127) (7F)   ;(01111111) (177) (127) (7F)   ;(01111111) (177) (127) (7F)   ;(01111111) (177) (127) (7F)   ;(01111110) (176) (126) (7E)   ;(01111110) (176) (126) (7E)   ;(01111110) (176) (126) (7E)   ;
;1128;(01111110) (176) (126) (7E)    ;(01111110) (176) (126) (7E)   ;(01111110) (176) (126) (7E)   ;(01111110) (176) (126) (7E)   ;(01111110) (176) (126) (7E)   ;(01111110) (176) (126) (7E)   ;(01111110) (176) (126) (7E)   ;(01111110) (176) (126) (7E)   ;
;1136;(01111110) (176) (126) (7E)    ;(01111110) (176) (126) (7E)   ;(01111110) (176) (126) (7E)   ;(01111110) (176) (126) (7E)   ;(01111110) (176) (126) (7E)   ;(01111110) (176) (126) (7E)   ;(01111110) (176) (126) (7E)   ;(01111110) (176) (126) (7E)   ;
;1144;(01111110) (176) (126) (7E)    ;(01111110) (176) (126) (7E)   ;(01111110) (176) (126) (7E)   ;(01111110) (176) (126) (7E)   ;(01111110) (176) (126) (7E)   ;(01111110) (176) (126) (7E)   ;(01111110) (176) (126) (7E)   ;(01111110) (176) (126) (7E)   ;
;1152;(01111110) (176) (126) (7E)    ;(01111110) (176) (126) (7E)   ;(01111110) (176) (126) (7E)   ;(01111110) (176) (126) (7E)   ;(01111110) (176) (126) (7E)   ;(01111110) (176) (126) (7E)   ;(01111110) (176) (126) (7E)   ;(01111110) (176) (126) (7E)   ;
;1160;(01111110) (176) (126) (7E)    ;(01111110) (176) (126) (7E)   ;(01111110) (176) (126) (7E)   ;(01111110) (176) (126) (7E)   ;(01111110) (176) (126) (7E)   ;(01111110) (176) (126) (7E)   ;(01111110) (176) (126) (7E)   ;(01111110) (176) (126) (7E)   ;
;1168;(01111110) (176) (126) (7E)    ;(01111110) (176) (126) (7E)   ;(01111110) (176) (126) (7E)   ;(01111110) (176) (126) (7E)   ;(01111110) (176) (126) (7E)   ;(01111110) (176) (126) (7E)   ;(01111110) (176) (126) (7E)   ;(01111110) (176) (126) (7E)   ;
;1176;(01111110) (176) (126) (7E)    ;(01111110) (176) (126) (7E)   ;(01111101) (175) (125) (7D)   ;(01111101) (175) (125) (7D)   ;(01111101) (175) (125) (7D)   ;(01111101) (175) (125) (7D)   ;(01111101) (175) (125) (7D)   ;(01111101) (175) (125) (7D)   ;
;1184;(01111101) (175) (125) (7D)    ;(01111101) (175) (125) (7D)   ;(01111101) (175) (125) (7D)   ;(01111101) (175) (125) (7D)   ;(01111101) (175) (125) (7D)   ;(01111101) (175) (125) (7D)   ;(01111101) (175) (125) (7D)   ;(01111101) (175) (125) (7D)   ;
;1192;(01111101) (175) (125) (7D)    ;(01111101) (175) (125) (7D)   ;(01111101) (175) (125) (7D)   ;(01111101) (175) (125) (7D)   ;(01111101) (175) (125) (7D)   ;(01111101) (175) (125) (7D)   ;(01111101) (175) (125) (7D)   ;(01111101) (175) (125) (7D)   ;
;1200;(01111101) (175) (125) (7D)    ;(01111101) (175) (125) (7D)   ;(01111101) (175) (125) (7D)   ;(01111101) (175) (125) (7D)   ;(01111101) (175) (125) (7D)   ;(01111101) (175) (125) (7D)   ;(01111101) (175) (125) (7D)   ;(01111101) (175) (125) (7D)   ;
;1208;(01111101) (175) (125) (7D)    ;(01111101) (175) (125) (7D)   ;(01111101) (175) (125) (7D)   ;(01111101) (175) (125) (7D)   ;(01111101) (175) (125) (7D)   ;(01111101) (175) (125) (7D)   ;(01111101) (175) (125) (7D)   ;(01111101) (175) (125) (7D)   ;
;1216;(01111101) (175) (125) (7D)    ;(01111100) (174) (124) (7C)   ;(01111100) (174) (124) (7C)   ;(01111100) (174) (124) (7C)   ;(01111100) (174) (124) (7C)   ;(01111100) (174) (124) (7C)   ;(01111100) (174) (124) (7C)   ;(01111100) (174) (124) (7C)   ;
;1224;(01111100) (174) (124) (7C)    ;(01111100) (174) (124) (7C)   ;(01111100) (174) (124) (7C)   ;(01111100) (174) (124) (7C)   ;(01111100) (174) (124) (7C)   ;(01111100) (174) (124) (7C)   ;(01111100) (174) (124) (7C)   ;(01111100) (174) (124) (7C)   ;
;1232;(01111100) (174) (124) (7C)    ;(01111100) (174) (124) (7C)   ;(01111100) (174) (124) (7C)   ;(01111100) (174) (124) (7C)   ;(01111100) (174) (124) (7C)   ;(01111100) (174) (124) (7C)   ;(01111100) (174) (124) (7C)   ;(01111100) (174) (124) (7C)   ;
;1240;(01111100) (174) (124) (7C)    ;(01111100) (174) (124) (7C)   ;(01111100) (174) (124) (7C)   ;(01111100) (174) (124) (7C)   ;(01111100) (174) (124) (7C)   ;(01111100) (174) (124) (7C)   ;(01111100) (174) (124) (7C)   ;(01111100) (174) (124) (7C)   ;
;1248;(01111100) (174) (124) (7C)    ;(01111011) (173) (123) (7B)   ;(01111011) (173) (123) (7B)   ;(01111011) (173) (123) (7B)   ;(01111011) (173) (123) (7B)   ;(01111011) (173) (123) (7B)   ;(01111011) (173) (123) (7B)   ;(01111011) (173) (123) (7B)   ;
;1256;(01111011) (173) (123) (7B)    ;(01111011) (173) (123) (7B)   ;(01111011) (173) (123) (7B)   ;(01111011) (173) (123) (7B)   ;(01111011) (173) (123) (7B)   ;(01111011) (173) (123) (7B)   ;(01111011) (173) (123) (7B)   ;(01111011) (173) (123) (7B)   ;
;1264;(01111011) (173) (123) (7B)    ;(01111011) (173) (123) (7B)   ;(01111011) (173) (123) (7B)   ;(01111011) (173) (123) (7B)   ;(01111011) (173) (123) (7B)   ;(01111011) (173) (123) (7B)   ;(01111011) (173) (123) (7B)   ;(01111011) (173) (123) (7B)   ;
;1272;(01111011) (173) (123) (7B)    ;(01111011) (173) (123) (7B)   ;(01111011) (173) (123) (7B)   ;(01111011) (173) (123) (7B)   ;(01111011) (173) (123) (7B)   ;(01111011) (173) (123) (7B)   ;(01111010) (172) (122) (7A)   ;(01111010) (172) (122) (7A)   ;
;1280;(01111010) (172) (122) (7A)    ;(01111010) (172) (122) (7A)   ;(01111010) (172) (122) (7A)   ;(01111010) (172) (122) (7A)   ;(01111010) (172) (122) (7A)   ;(01111010) (172) (122) (7A)   ;(01111010) (172) (122) (7A)   ;(01111010) (172) (122) (7A)   ;
;1288;(01111010) (172) (122) (7A)    ;(01111010) (172) (122) (7A)   ;(01111010) (172) (122) (7A)   ;(01111010) (172) (122) (7A)   ;(01111010) (172) (122) (7A)   ;(01111010) (172) (122) (7A)   ;(01111010) (172) (122) (7A)   ;(01111010) (172) (122) (7A)   ;
;1296;(01111010) (172) (122) (7A)    ;(01111010) (172) (122) (7A)   ;(01111010) (172) (122) (7A)   ;(01111010) (172) (122) (7A)   ;(01111010) (172) (122) (7A)   ;(01111010) (172) (122) (7A)   ;(01111010) (172) (122) (7A)   ;(01111010) (172) (122) (7A)   ;
;1304;(01111001) (171) (121) (79)    ;(01111001) (171) (121) (79)   ;(01111001) (171) (121) (79)   ;(01111001) (171) (121) (79)   ;(01111001) (171) (121) (79)   ;(01111001) (171) (121) (79)   ;(01111001) (171) (121) (79)   ;(01111001) (171) (121) (79)   ;
;1312;(01111001) (171) (121) (79)    ;(01111001) (171) (121) (79)   ;(01111001) (171) (121) (79)   ;(01111001) (171) (121) (79)   ;(01111001) (171) (121) (79)   ;(01111001) (171) (121) (79)   ;(01111001) (171) (121) (79)   ;(01111001) (171) (121) (79)   ;
;1320;(01111001) (171) (121) (79)    ;(01111001) (171) (121) (79)   ;(01111001) (171) (121) (79)   ;(01111001) (171) (121) (79)   ;(01111001) (171) (121) (79)   ;(01111001) (171) (121) (79)   ;(01111001) (171) (121) (79)   ;(01111000) (170) (120) (78)   ;
;1328;(01111000) (170) (120) (78)    ;(01111000) (170) (120) (78)   ;(01111000) (170) (120) (78)   ;(01111000) (170) (120) (78)   ;(01111000) (170) (120) (78)   ;(01111000) (170) (120) (78)   ;(01111000) (170) (120) (78)   ;(01111000) (170) (120) (78)   ;
;1336;(01111000) (170) (120) (78)    ;(01111000) (170) (120) (78)   ;(01111000) (170) (120) (78)   ;(01111000) (170) (120) (78)   ;(01111000) (170) (120) (78)   ;(01111000) (170) (120) (78)   ;(01111000) (170) (120) (78)   ;(01111000) (170) (120) (78)   ;
;1344;(01111000) (170) (120) (78)    ;(01111000) (170) (120) (78)   ;(01111000) (170) (120) (78)   ;(01111000) (170) (120) (78)   ;(01111000) (170) (120) (78)   ;(01110111) (167) (119) (77)   ;(01110111) (167) (119) (77)   ;(01110111) (167) (119) (77)   ;
;1352;(01110111) (167) (119) (77)    ;(01110111) (167) (119) (77)   ;(01110111) (167) (119) (77)   ;(01110111) (167) (119) (77)   ;(01110111) (167) (119) (77)   ;(01110111) (167) (119) (77)   ;(01110111) (167) (119) (77)   ;(01110111) (167) (119) (77)   ;
;1360;(01110111) (167) (119) (77)    ;(01110111) (167) (119) (77)   ;(01110111) (167) (119) (77)   ;(01110111) (167) (119) (77)   ;(01110111) (167) (119) (77)   ;(01110111) (167) (119) (77)   ;(01110111) (167) (119) (77)   ;(01110111) (167) (119) (77)   ;
;1368;(01110111) (167) (119) (77)    ;(01110111) (167) (119) (77)   ;(01110110) (166) (118) (76)   ;(01110110) (166) (118) (76)   ;(01110110) (166) (118) (76)   ;(01110110) (166) (118) (76)   ;(01110110) (166) (118) (76)   ;(01110110) (166) (118) (76)   ;
;1376;(01110110) (166) (118) (76)    ;(01110110) (166) (118) (76)   ;(01110110) (166) (118) (76)   ;(01110110) (166) (118) (76)   ;(01110110) (166) (118) (76)   ;(01110110) (166) (118) (76)   ;(01110110) (166) (118) (76)   ;(01110110) (166) (118) (76)   ;
;1384;(01110110) (166) (118) (76)    ;(01110110) (166) (118) (76)   ;(01110110) (166) (118) (76)   ;(01110110) (166) (118) (76)   ;(01110110) (166) (118) (76)   ;(01110110) (166) (118) (76)   ;(01110101) (165) (117) (75)   ;(01110101) (165) (117) (75)   ;
;1392;(01110101) (165) (117) (75)    ;(01110101) (165) (117) (75)   ;(01110101) (165) (117) (75)   ;(01110101) (165) (117) (75)   ;(01110101) (165) (117) (75)   ;(01110101) (165) (117) (75)   ;(01110101) (165) (117) (75)   ;(01110101) (165) (117) (75)   ;
;1400;(01110101) (165) (117) (75)    ;(01110101) (165) (117) (75)   ;(01110101) (165) (117) (75)   ;(01110101) (165) (117) (75)   ;(01110101) (165) (117) (75)   ;(01110101) (165) (117) (75)   ;(01110101) (165) (117) (75)   ;(01110101) (165) (117) (75)   ;
;1408;(01110101) (165) (117) (75)    ;(01110100) (164) (116) (74)   ;(01110100) (164) (116) (74)   ;(01110100) (164) (116) (74)   ;(01110100) (164) (116) (74)   ;(01110100) (164) (116) (74)   ;(01110100) (164) (116) (74)   ;(01110100) (164) (116) (74)   ;
;1416;(01110100) (164) (116) (74)    ;(01110100) (164) (116) (74)   ;(01110100) (164) (116) (74)   ;(01110100) (164) (116) (74)   ;(01110100) (164) (116) (74)   ;(01110100) (164) (116) (74)   ;(01110100) (164) (116) (74)   ;(01110100) (164) (116) (74)   ;
;1424;(01110100) (164) (116) (74)    ;(01110100) (164) (116) (74)   ;(01110100) (164) (116) (74)   ;(01110011) (163) (115) (73)   ;(01110011) (163) (115) (73)   ;(01110011) (163) (115) (73)   ;(01110011) (163) (115) (73)   ;(01110011) (163) (115) (73)   ;
;1432;(01110011) (163) (115) (73)    ;(01110011) (163) (115) (73)   ;(01110011) (163) (115) (73)   ;(01110011) (163) (115) (73)   ;(01110011) (163) (115) (73)   ;(01110011) (163) (115) (73)   ;(01110011) (163) (115) (73)   ;(01110011) (163) (115) (73)   ;
;1440;(01110011) (163) (115) (73)    ;(01110011) (163) (115) (73)   ;(01110011) (163) (115) (73)   ;(01110011) (163) (115) (73)   ;(01110010) (162) (114) (72)   ;(01110010) (162) (114) (72)   ;(01110010) (162) (114) (72)   ;(01110010) (162) (114) (72)   ;
;1448;(01110010) (162) (114) (72)    ;(01110010) (162) (114) (72)   ;(01110010) (162) (114) (72)   ;(01110010) (162) (114) (72)   ;(01110010) (162) (114) (72)   ;(01110010) (162) (114) (72)   ;(01110010) (162) (114) (72)   ;(01110010) (162) (114) (72)   ;
;1456;(01110010) (162) (114) (72)    ;(01110010) (162) (114) (72)   ;(01110010) (162) (114) (72)   ;(01110010) (162) (114) (72)   ;(01110010) (162) (114) (72)   ;(01110001) (161) (113) (71)   ;(01110001) (161) (113) (71)   ;(01110001) (161) (113) (71)   ;
;1464;(01110001) (161) (113) (71)    ;(01110001) (161) (113) (71)   ;(01110001) (161) (113) (71)   ;(01110001) (161) (113) (71)   ;(01110001) (161) (113) (71)   ;(01110001) (161) (113) (71)   ;(01110001) (161) (113) (71)   ;(01110001) (161) (113) (71)   ;
;1472;(01110001) (161) (113) (71)    ;(01110001) (161) (113) (71)   ;(01110001) (161) (113) (71)   ;(01110001) (161) (113) (71)   ;(01110001) (161) (113) (71)   ;(01110000) (160) (112) (70)   ;(01110000) (160) (112) (70)   ;(01110000) (160) (112) (70)   ;
;1480;(01110000) (160) (112) (70)    ;(01110000) (160) (112) (70)   ;(01110000) (160) (112) (70)   ;(01110000) (160) (112) (70)   ;(01110000) (160) (112) (70)   ;(01110000) (160) (112) (70)   ;(01110000) (160) (112) (70)   ;(01110000) (160) (112) (70)   ;
;1488;(01110000) (160) (112) (70)    ;(01110000) (160) (112) (70)   ;(01110000) (160) (112) (70)   ;(01110000) (160) (112) (70)   ;(01110000) (160) (112) (70)   ;(01101111) (157) (111) (6F)   ;(01101111) (157) (111) (6F)   ;(01101111) (157) (111) (6F)   ;
;1496;(01101111) (157) (111) (6F)    ;(01101111) (157) (111) (6F)   ;(01101111) (157) (111) (6F)   ;(01101111) (157) (111) (6F)   ;(01101111) (157) (111) (6F)   ;(01101111) (157) (111) (6F)   ;(01101111) (157) (111) (6F)   ;(01101111) (157) (111) (6F)   ;
;1504;(01101111) (157) (111) (6F)    ;(01101111) (157) (111) (6F)   ;(01101111) (157) (111) (6F)   ;(01101111) (157) (111) (6F)   ;(01101110) (156) (110) (6E)   ;(01101110) (156) (110) (6E)   ;(01101110) (156) (110) (6E)   ;(01101110) (156) (110) (6E)   ;
;1512;(01101110) (156) (110) (6E)    ;(01101110) (156) (110) (6E)   ;(01101110) (156) (110) (6E)   ;(01101110) (156) (110) (6E)   ;(01101110) (156) (110) (6E)   ;(01101110) (156) (110) (6E)   ;(01101110) (156) (110) (6E)   ;(01101110) (156) (110) (6E)   ;
;1520;(01101110) (156) (110) (6E)    ;(01101110) (156) (110) (6E)   ;(01101110) (156) (110) (6E)   ;(01101101) (155) (109) (6D)   ;(01101101) (155) (109) (6D)   ;(01101101) (155) (109) (6D)   ;(01101101) (155) (109) (6D)   ;(01101101) (155) (109) (6D)   ;
;1528;(01101101) (155) (109) (6D)    ;(01101101) (155) (109) (6D)   ;(01101101) (155) (109) (6D)   ;(01101101) (155) (109) (6D)   ;(01101101) (155) (109) (6D)   ;(01101101) (155) (109) (6D)   ;(01101101) (155) (109) (6D)   ;(01101101) (155) (109) (6D)   ;
;1536;(01101101) (155) (109) (6D)    ;(01101101) (155) (109) (6D)   ;(01101100) (154) (108) (6C)   ;(01101100) (154) (108) (6C)   ;(01101100) (154) (108) (6C)   ;(01101100) (154) (108) (6C)   ;(01101100) (154) (108) (6C)   ;(01101100) (154) (108) (6C)   ;
;1544;(01101100) (154) (108) (6C)    ;(01101100) (154) (108) (6C)   ;(01101100) (154) (108) (6C)   ;(01101100) (154) (108) (6C)   ;(01101100) (154) (108) (6C)   ;(01101100) (154) (108) (6C)   ;(01101100) (154) (108) (6C)   ;(01101100) (154) (108) (6C)   ;
;1552;(01101011) (153) (107) (6B)    ;(01101011) (153) (107) (6B)   ;(01101011) (153) (107) (6B)   ;(01101011) (153) (107) (6B)   ;(01101011) (153) (107) (6B)   ;(01101011) (153) (107) (6B)   ;(01101011) (153) (107) (6B)   ;(01101011) (153) (107) (6B)   ;
;1560;(01101011) (153) (107) (6B)    ;(01101011) (153) (107) (6B)   ;(01101011) (153) (107) (6B)   ;(01101011) (153) (107) (6B)   ;(01101011) (153) (107) (6B)   ;(01101011) (153) (107) (6B)   ;(01101010) (152) (106) (6A)   ;(01101010) (152) (106) (6A)   ;
;1568;(01101010) (152) (106) (6A)    ;(01101010) (152) (106) (6A)   ;(01101010) (152) (106) (6A)   ;(01101010) (152) (106) (6A)   ;(01101010) (152) (106) (6A)   ;(01101010) (152) (106) (6A)   ;(01101010) (152) (106) (6A)   ;(01101010) (152) (106) (6A)   ;
;1576;(01101010) (152) (106) (6A)    ;(01101010) (152) (106) (6A)   ;(01101010) (152) (106) (6A)   ;(01101010) (152) (106) (6A)   ;(01101001) (151) (105) (69)   ;(01101001) (151) (105) (69)   ;(01101001) (151) (105) (69)   ;(01101001) (151) (105) (69)   ;
;1584;(01101001) (151) (105) (69)    ;(01101001) (151) (105) (69)   ;(01101001) (151) (105) (69)   ;(01101001) (151) (105) (69)   ;(01101001) (151) (105) (69)   ;(01101001) (151) (105) (69)   ;(01101001) (151) (105) (69)   ;(01101001) (151) (105) (69)   ;
;1592;(01101001) (151) (105) (69)    ;(01101000) (150) (104) (68)   ;(01101000) (150) (104) (68)   ;(01101000) (150) (104) (68)   ;(01101000) (150) (104) (68)   ;(01101000) (150) (104) (68)   ;(01101000) (150) (104) (68)   ;(01101000) (150) (104) (68)   ;
;1600;(01101000) (150) (104) (68)    ;(01101000) (150) (104) (68)   ;(01101000) (150) (104) (68)   ;(01101000) (150) (104) (68)   ;(01101000) (150) (104) (68)   ;(01101000) (150) (104) (68)   ;(01100111) (147) (103) (67)   ;(01100111) (147) (103) (67)   ;
;1608;(01100111) (147) (103) (67)    ;(01100111) (147) (103) (67)   ;(01100111) (147) (103) (67)   ;(01100111) (147) (103) (67)   ;(01100111) (147) (103) (67)   ;(01100111) (147) (103) (67)   ;(01100111) (147) (103) (67)   ;(01100111) (147) (103) (67)   ;
;1616;(01100111) (147) (103) (67)    ;(01100111) (147) (103) (67)   ;(01100111) (147) (103) (67)   ;(01100110) (146) (102) (66)   ;(01100110) (146) (102) (66)   ;(01100110) (146) (102) (66)   ;(01100110) (146) (102) (66)   ;(01100110) (146) (102) (66)   ;
;1624;(01100110) (146) (102) (66)    ;(01100110) (146) (102) (66)   ;(01100110) (146) (102) (66)   ;(01100110) (146) (102) (66)   ;(01100110) (146) (102) (66)   ;(01100110) (146) (102) (66)   ;(01100110) (146) (102) (66)   ;(01100110) (146) (102) (66)   ;
;1632;(01100101) (145) (101) (65)    ;(01100101) (145) (101) (65)   ;(01100101) (145) (101) (65)   ;(01100101) (145) (101) (65)   ;(01100101) (145) (101) (65)   ;(01100101) (145) (101) (65)   ;(01100101) (145) (101) (65)   ;(01100101) (145) (101) (65)   ;
;1640;(01100101) (145) (101) (65)    ;(01100101) (145) (101) (65)   ;(01100101) (145) (101) (65)   ;(01100101) (145) (101) (65)   ;(01100101) (145) (101) (65)   ;(01100100) (144) (100) (64)   ;(01100100) (144) (100) (64)   ;(01100100) (144) (100) (64)   ;
;1648;(01100100) (144) (100) (64)    ;(01100100) (144) (100) (64)   ;(01100100) (144) (100) (64)   ;(01100100) (144) (100) (64)   ;(01100100) (144) (100) (64)   ;(01100100) (144) (100) (64)   ;(01100100) (144) (100) (64)   ;(01100100) (144) (100) (64)   ;
;1656;(01100100) (144) (100) (64)    ;(01100011) (143) (99) (63)   ;(01100011) (143) (99) (63)   ;(01100011) (143) (99) (63)   ;(01100011) (143) (99) (63)   ;(01100011) (143) (99) (63)   ;(01100011) (143) (99) (63)   ;(01100011) (143) (99) (63)   ;
;1664;(01100011) (143) (99) (63)    ;(01100011) (143) (99) (63)   ;(01100011) (143) (99) (63)   ;(01100011) (143) (99) (63)   ;(01100011) (143) (99) (63)   ;(01100011) (143) (99) (63)   ;(01100010) (142) (98) (62)   ;(01100010) (142) (98) (62)   ;
;1672;(01100010) (142) (98) (62)    ;(01100010) (142) (98) (62)   ;(01100010) (142) (98) (62)   ;(01100010) (142) (98) (62)   ;(01100010) (142) (98) (62)   ;(01100010) (142) (98) (62)   ;(01100010) (142) (98) (62)   ;(01100010) (142) (98) (62)   ;
;1680;(01100010) (142) (98) (62)    ;(01100010) (142) (98) (62)   ;(01100001) (141) (97) (61)   ;(01100001) (141) (97) (61)   ;(01100001) (141) (97) (61)   ;(01100001) (141) (97) (61)   ;(01100001) (141) (97) (61)   ;(01100001) (141) (97) (61)   ;
;1688;(01100001) (141) (97) (61)    ;(01100001) (141) (97) (61)   ;(01100001) (141) (97) (61)   ;(01100001) (141) (97) (61)   ;(01100001) (141) (97) (61)   ;(01100001) (141) (97) (61)   ;(01100000) (140) (96) (60)   ;(01100000) (140) (96) (60)   ;
;1696;(01100000) (140) (96) (60)    ;(01100000) (140) (96) (60)   ;(01100000) (140) (96) (60)   ;(01100000) (140) (96) (60)   ;(01100000) (140) (96) (60)   ;(01100000) (140) (96) (60)   ;(01100000) (140) (96) (60)   ;(01100000) (140) (96) (60)   ;
;1704;(01100000) (140) (96) (60)    ;(01100000) (140) (96) (60)   ;(01011111) (137) (95) (5F)   ;(01011111) (137) (95) (5F)   ;(01011111) (137) (95) (5F)   ;(01011111) (137) (95) (5F)   ;(01011111) (137) (95) (5F)   ;(01011111) (137) (95) (5F)   ;
;1712;(01011111) (137) (95) (5F)    ;(01011111) (137) (95) (5F)   ;(01011111) (137) (95) (5F)   ;(01011111) (137) (95) (5F)   ;(01011111) (137) (95) (5F)   ;(01011110) (136) (94) (5E)   ;(01011110) (136) (94) (5E)   ;(01011110) (136) (94) (5E)   ;
;1720;(01011110) (136) (94) (5E)    ;(01011110) (136) (94) (5E)   ;(01011110) (136) (94) (5E)   ;(01011110) (136) (94) (5E)   ;(01011110) (136) (94) (5E)   ;(01011110) (136) (94) (5E)   ;(01011110) (136) (94) (5E)   ;(01011110) (136) (94) (5E)   ;
;1728;(01011110) (136) (94) (5E)    ;(01011101) (135) (93) (5D)   ;(01011101) (135) (93) (5D)   ;(01011101) (135) (93) (5D)   ;(01011101) (135) (93) (5D)   ;(01011101) (135) (93) (5D)   ;(01011101) (135) (93) (5D)   ;(01011101) (135) (93) (5D)   ;
;1736;(01011101) (135) (93) (5D)    ;(01011101) (135) (93) (5D)   ;(01011101) (135) (93) (5D)   ;(01011101) (135) (93) (5D)   ;(01011101) (135) (93) (5D)   ;(01011100) (134) (92) (5C)   ;(01011100) (134) (92) (5C)   ;(01011100) (134) (92) (5C)   ;
;1744;(01011100) (134) (92) (5C)    ;(01011100) (134) (92) (5C)   ;(01011100) (134) (92) (5C)   ;(01011100) (134) (92) (5C)   ;(01011100) (134) (92) (5C)   ;(01011100) (134) (92) (5C)   ;(01011100) (134) (92) (5C)   ;(01011100) (134) (92) (5C)   ;
;1752;(01011011) (133) (91) (5B)    ;(01011011) (133) (91) (5B)   ;(01011011) (133) (91) (5B)   ;(01011011) (133) (91) (5B)   ;(01011011) (133) (91) (5B)   ;(01011011) (133) (91) (5B)   ;(01011011) (133) (91) (5B)   ;(01011011) (133) (91) (5B)   ;
;1760;(01011011) (133) (91) (5B)    ;(01011011) (133) (91) (5B)   ;(01011011) (133) (91) (5B)   ;(01011010) (132) (90) (5A)   ;(01011010) (132) (90) (5A)   ;(01011010) (132) (90) (5A)   ;(01011010) (132) (90) (5A)   ;(01011010) (132) (90) (5A)   ;
;1768;(01011010) (132) (90) (5A)    ;(01011010) (132) (90) (5A)   ;(01011010) (132) (90) (5A)   ;(01011010) (132) (90) (5A)   ;(01011010) (132) (90) (5A)   ;(01011010) (132) (90) (5A)   ;(01011010) (132) (90) (5A)   ;(01011001) (131) (89) (59)   ;
;1776;(01011001) (131) (89) (59)    ;(01011001) (131) (89) (59)   ;(01011001) (131) (89) (59)   ;(01011001) (131) (89) (59)   ;(01011001) (131) (89) (59)   ;(01011001) (131) (89) (59)   ;(01011001) (131) (89) (59)   ;(01011001) (131) (89) (59)   ;
;1784;(01011001) (131) (89) (59)    ;(01011001) (131) (89) (59)   ;(01011000) (130) (88) (58)   ;(01011000) (130) (88) (58)   ;(01011000) (130) (88) (58)   ;(01011000) (130) (88) (58)   ;(01011000) (130) (88) (58)   ;(01011000) (130) (88) (58)   ;
;1792;(01011000) (130) (88) (58)    ;(01011000) (130) (88) (58)   ;(01011000) (130) (88) (58)   ;(01011000) (130) (88) (58)   ;(01011000) (130) (88) (58)   ;(01010111) (127) (87) (57)   ;(01010111) (127) (87) (57)   ;(01010111) (127) (87) (57)   ;
;1800;(01010111) (127) (87) (57)    ;(01010111) (127) (87) (57)   ;(01010111) (127) (87) (57)   ;(01010111) (127) (87) (57)   ;(01010111) (127) (87) (57)   ;(01010111) (127) (87) (57)   ;(01010111) (127) (87) (57)   ;(01010111) (127) (87) (57)   ;
;1808;(01010110) (126) (86) (56)    ;(01010110) (126) (86) (56)   ;(01010110) (126) (86) (56)   ;(01010110) (126) (86) (56)   ;(01010110) (126) (86) (56)   ;(01010110) (126) (86) (56)   ;(01010110) (126) (86) (56)   ;(01010110) (126) (86) (56)   ;
;1816;(01010110) (126) (86) (56)    ;(01010110) (126) (86) (56)   ;(01010110) (126) (86) (56)   ;(01010101) (125) (85) (55)   ;(01010101) (125) (85) (55)   ;(01010101) (125) (85) (55)   ;(01010101) (125) (85) (55)   ;(01010101) (125) (85) (55)   ;
;1824;(01010101) (125) (85) (55)    ;(01010101) (125) (85) (55)   ;(01010101) (125) (85) (55)   ;(01010101) (125) (85) (55)   ;(01010101) (125) (85) (55)   ;(01010101) (125) (85) (55)   ;(01010100) (124) (84) (54)   ;(01010100) (124) (84) (54)   ;
;1832;(01010100) (124) (84) (54)    ;(01010100) (124) (84) (54)   ;(01010100) (124) (84) (54)   ;(01010100) (124) (84) (54)   ;(01010100) (124) (84) (54)   ;(01010100) (124) (84) (54)   ;(01010100) (124) (84) (54)   ;(01010100) (124) (84) (54)   ;
;1840;(01010011) (123) (83) (53)    ;(01010011) (123) (83) (53)   ;(01010011) (123) (83) (53)   ;(01010011) (123) (83) (53)   ;(01010011) (123) (83) (53)   ;(01010011) (123) (83) (53)   ;(01010011) (123) (83) (53)   ;(01010011) (123) (83) (53)   ;
;1848;(01010011) (123) (83) (53)    ;(01010011) (123) (83) (53)   ;(01010011) (123) (83) (53)   ;(01010010) (122) (82) (52)   ;(01010010) (122) (82) (52)   ;(01010010) (122) (82) (52)   ;(01010010) (122) (82) (52)   ;(01010010) (122) (82) (52)   ;
;1856;(01010010) (122) (82) (52)    ;(01010010) (122) (82) (52)   ;(01010010) (122) (82) (52)   ;(01010010) (122) (82) (52)   ;(01010010) (122) (82) (52)   ;(01010010) (122) (82) (52)   ;(01010001) (121) (81) (51)   ;(01010001) (121) (81) (51)   ;
;1864;(01010001) (121) (81) (51)    ;(01010001) (121) (81) (51)   ;(01010001) (121) (81) (51)   ;(01010001) (121) (81) (51)   ;(01010001) (121) (81) (51)   ;(01010001) (121) (81) (51)   ;(01010001) (121) (81) (51)   ;(01010001) (121) (81) (51)   ;
;1872;(01010001) (121) (81) (51)    ;(01010000) (120) (80) (50)   ;(01010000) (120) (80) (50)   ;(01010000) (120) (80) (50)   ;(01010000) (120) (80) (50)   ;(01010000) (120) (80) (50)   ;(01010000) (120) (80) (50)   ;(01010000) (120) (80) (50)   ;
;1880;(01010000) (120) (80) (50)    ;(01010000) (120) (80) (50)   ;(01010000) (120) (80) (50)   ;(01001111) (117) (79) (4F)   ;(01001111) (117) (79) (4F)   ;(01001111) (117) (79) (4F)   ;(01001111) (117) (79) (4F)   ;(01001111) (117) (79) (4F)   ;
;1888;(01001111) (117) (79) (4F)    ;(01001111) (117) (79) (4F)   ;(01001111) (117) (79) (4F)   ;(01001111) (117) (79) (4F)   ;(01001111) (117) (79) (4F)   ;(01001111) (117) (79) (4F)   ;(01001110) (116) (78) (4E)   ;(01001110) (116) (78) (4E)   ;
;1896;(01001110) (116) (78) (4E)    ;(01001110) (116) (78) (4E)   ;(01001110) (116) (78) (4E)   ;(01001110) (116) (78) (4E)   ;(01001110) (116) (78) (4E)   ;(01001110) (116) (78) (4E)   ;(01001110) (116) (78) (4E)   ;(01001110) (116) (78) (4E)   ;
;1904;(01001101) (115) (77) (4D)    ;(01001101) (115) (77) (4D)   ;(01001101) (115) (77) (4D)   ;(01001101) (115) (77) (4D)   ;(01001101) (115) (77) (4D)   ;(01001101) (115) (77) (4D)   ;(01001101) (115) (77) (4D)   ;(01001101) (115) (77) (4D)   ;
;1912;(01001101) (115) (77) (4D)    ;(01001101) (115) (77) (4D)   ;(01001101) (115) (77) (4D)   ;(01001100) (114) (76) (4C)   ;(01001100) (114) (76) (4C)   ;(01001100) (114) (76) (4C)   ;(01001100) (114) (76) (4C)   ;(01001100) (114) (76) (4C)   ;
;1920;(01001100) (114) (76) (4C)    ;(01001100) (114) (76) (4C)   ;(01001100) (114) (76) (4C)   ;(01001100) (114) (76) (4C)   ;(01001100) (114) (76) (4C)   ;(01001011) (113) (75) (4B)   ;(01001011) (113) (75) (4B)   ;(01001011) (113) (75) (4B)   ;
;1928;(01001011) (113) (75) (4B)    ;(01001011) (113) (75) (4B)   ;(01001011) (113) (75) (4B)   ;(01001011) (113) (75) (4B)   ;(01001011) (113) (75) (4B)   ;(01001011) (113) (75) (4B)   ;(01001011) (113) (75) (4B)   ;(01001010) (112) (74) (4A)   ;
;1936;(01001010) (112) (74) (4A)    ;(01001010) (112) (74) (4A)   ;(01001010) (112) (74) (4A)   ;(01001010) (112) (74) (4A)   ;(01001010) (112) (74) (4A)   ;(01001010) (112) (74) (4A)   ;(01001010) (112) (74) (4A)   ;(01001010) (112) (74) (4A)   ;
;1944;(01001010) (112) (74) (4A)    ;(01001010) (112) (74) (4A)   ;(01001001) (111) (73) (49)   ;(01001001) (111) (73) (49)   ;(01001001) (111) (73) (49)   ;(01001001) (111) (73) (49)   ;(01001001) (111) (73) (49)   ;(01001001) (111) (73) (49)   ;
;1952;(01001001) (111) (73) (49)    ;(01001001) (111) (73) (49)   ;(01001001) (111) (73) (49)   ;(01001001) (111) (73) (49)   ;(01001000) (110) (72) (48)   ;(01001000) (110) (72) (48)   ;(01001000) (110) (72) (48)   ;(01001000) (110) (72) (48)   ;
;1960;(01001000) (110) (72) (48)    ;(01001000) (110) (72) (48)   ;(01001000) (110) (72) (48)   ;(01001000) (110) (72) (48)   ;(01001000) (110) (72) (48)   ;(01001000) (110) (72) (48)   ;(01000111) (107) (71) (47)   ;(01000111) (107) (71) (47)   ;
;1968;(01000111) (107) (71) (47)    ;(01000111) (107) (71) (47)   ;(01000111) (107) (71) (47)   ;(01000111) (107) (71) (47)   ;(01000111) (107) (71) (47)   ;(01000111) (107) (71) (47)   ;(01000111) (107) (71) (47)   ;(01000111) (107) (71) (47)   ;
;1976;(01000111) (107) (71) (47)    ;(01000110) (106) (70) (46)   ;(01000110) (106) (70) (46)   ;(01000110) (106) (70) (46)   ;(01000110) (106) (70) (46)   ;(01000110) (106) (70) (46)   ;(01000110) (106) (70) (46)   ;(01000110) (106) (70) (46)   ;
;1984;(01000110) (106) (70) (46)    ;(01000110) (106) (70) (46)   ;(01000110) (106) (70) (46)   ;(01000101) (105) (69) (45)   ;(01000101) (105) (69) (45)   ;(01000101) (105) (69) (45)   ;(01000101) (105) (69) (45)   ;(01000101) (105) (69) (45)   ;
;1992;(01000101) (105) (69) (45)    ;(01000101) (105) (69) (45)   ;(01000101) (105) (69) (45)   ;(01000101) (105) (69) (45)   ;(01000101) (105) (69) (45)   ;(01000100) (104) (68) (44)   ;(01000100) (104) (68) (44)   ;(01000100) (104) (68) (44)   ;
;2000;(01000100) (104) (68) (44)    ;(01000100) (104) (68) (44)   ;(01000100) (104) (68) (44)   ;(01000100) (104) (68) (44)   ;(01000100) (104) (68) (44)   ;(01000100) (104) (68) (44)   ;(01000100) (104) (68) (44)   ;(01000100) (104) (68) (44)   ;
;2008;(01000011) (103) (67) (43)    ;(01000011) (103) (67) (43)   ;(01000011) (103) (67) (43)   ;(01000011) (103) (67) (43)   ;(01000011) (103) (67) (43)   ;(01000011) (103) (67) (43)   ;(01000011) (103) (67) (43)   ;(01000011) (103) (67) (43)   ;
;2016;(01000011) (103) (67) (43)    ;(01000011) (103) (67) (43)   ;(01000010) (102) (66) (42)   ;(01000010) (102) (66) (42)   ;(01000010) (102) (66) (42)   ;(01000010) (102) (66) (42)   ;(01000010) (102) (66) (42)   ;(01000010) (102) (66) (42)   ;
;2024;(01000010) (102) (66) (42)    ;(01000010) (102) (66) (42)   ;(01000010) (102) (66) (42)   ;(01000010) (102) (66) (42)   ;(01000001) (101) (65) (41)   ;(01000001) (101) (65) (41)   ;(01000001) (101) (65) (41)   ;(01000001) (101) (65) (41)   ;
;2032;(01000001) (101) (65) (41)    ;(01000001) (101) (65) (41)   ;(01000001) (101) (65) (41)   ;(01000001) (101) (65) (41)   ;(01000001) (101) (65) (41)   ;(01000001) (101) (65) (41)   ;(01000000) (100) (64) (40)   ;(01000000) (100) (64) (40)   ;
;2040;(01000000) (100) (64) (40)    ;(01000000) (100) (64) (40)   ;(01000000) (100) (64) (40)   ;(01000000) (100) (64) (40)   ;(01000000) (100) (64) (40)   ;(01000000) (100) (64) (40)   ;(01000000) (100) (64) (40)   ;(01000000) (100) (64) (40)   ;
;2048;(00111111) (77) (63) (3F)    ;(00111111) (77) (63) (3F)   ;(00111111) (77) (63) (3F)   ;(00111111) (77) (63) (3F)   ;(00111111) (77) (63) (3F)   ;(00111111) (77) (63) (3F)   ;(00111111) (77) (63) (3F)   ;(00111111) (77) (63) (3F)   ;
;2056;(00111111) (77) (63) (3F)    ;(00111111) (77) (63) (3F)   ;(00111111) (77) (63) (3F)   ;(00111110) (76) (62) (3E)   ;(00111110) (76) (62) (3E)   ;(00111110) (76) (62) (3E)   ;(00111110) (76) (62) (3E)   ;(00111110) (76) (62) (3E)   ;
;2064;(00111110) (76) (62) (3E)    ;(00111110) (76) (62) (3E)   ;(00111110) (76) (62) (3E)   ;(00111110) (76) (62) (3E)   ;(00111110) (76) (62) (3E)   ;(00111101) (75) (61) (3D)   ;(00111101) (75) (61) (3D)   ;(00111101) (75) (61) (3D)   ;
;2072;(00111101) (75) (61) (3D)    ;(00111101) (75) (61) (3D)   ;(00111101) (75) (61) (3D)   ;(00111101) (75) (61) (3D)   ;(00111101) (75) (61) (3D)   ;(00111101) (75) (61) (3D)   ;(00111101) (75) (61) (3D)   ;(00111100) (74) (60) (3C)   ;
;2080;(00111100) (74) (60) (3C)    ;(00111100) (74) (60) (3C)   ;(00111100) (74) (60) (3C)   ;(00111100) (74) (60) (3C)   ;(00111100) (74) (60) (3C)   ;(00111100) (74) (60) (3C)   ;(00111100) (74) (60) (3C)   ;(00111100) (74) (60) (3C)   ;
;2088;(00111100) (74) (60) (3C)    ;(00111011) (73) (59) (3B)   ;(00111011) (73) (59) (3B)   ;(00111011) (73) (59) (3B)   ;(00111011) (73) (59) (3B)   ;(00111011) (73) (59) (3B)   ;(00111011) (73) (59) (3B)   ;(00111011) (73) (59) (3B)   ;
;2096;(00111011) (73) (59) (3B)    ;(00111011) (73) (59) (3B)   ;(00111011) (73) (59) (3B)   ;(00111011) (73) (59) (3B)   ;(00111010) (72) (58) (3A)   ;(00111010) (72) (58) (3A)   ;(00111010) (72) (58) (3A)   ;(00111010) (72) (58) (3A)   ;
;2104;(00111010) (72) (58) (3A)    ;(00111010) (72) (58) (3A)   ;(00111010) (72) (58) (3A)   ;(00111010) (72) (58) (3A)   ;(00111010) (72) (58) (3A)   ;(00111010) (72) (58) (3A)   ;(00111001) (71) (57) (39)   ;(00111001) (71) (57) (39)   ;
;2112;(00111001) (71) (57) (39)    ;(00111001) (71) (57) (39)   ;(00111001) (71) (57) (39)   ;(00111001) (71) (57) (39)   ;(00111001) (71) (57) (39)   ;(00111001) (71) (57) (39)   ;(00111001) (71) (57) (39)   ;(00111001) (71) (57) (39)   ;
;2120;(00111000) (70) (56) (38)    ;(00111000) (70) (56) (38)   ;(00111000) (70) (56) (38)   ;(00111000) (70) (56) (38)   ;(00111000) (70) (56) (38)   ;(00111000) (70) (56) (38)   ;(00111000) (70) (56) (38)   ;(00111000) (70) (56) (38)   ;
;2128;(00111000) (70) (56) (38)    ;(00111000) (70) (56) (38)   ;(00111000) (70) (56) (38)   ;(00110111) (67) (55) (37)   ;(00110111) (67) (55) (37)   ;(00110111) (67) (55) (37)   ;(00110111) (67) (55) (37)   ;(00110111) (67) (55) (37)   ;
;2136;(00110111) (67) (55) (37)    ;(00110111) (67) (55) (37)   ;(00110111) (67) (55) (37)   ;(00110111) (67) (55) (37)   ;(00110111) (67) (55) (37)   ;(00110110) (66) (54) (36)   ;(00110110) (66) (54) (36)   ;(00110110) (66) (54) (36)   ;
;2144;(00110110) (66) (54) (36)    ;(00110110) (66) (54) (36)   ;(00110110) (66) (54) (36)   ;(00110110) (66) (54) (36)   ;(00110110) (66) (54) (36)   ;(00110110) (66) (54) (36)   ;(00110110) (66) (54) (36)   ;(00110101) (65) (53) (35)   ;
;2152;(00110101) (65) (53) (35)    ;(00110101) (65) (53) (35)   ;(00110101) (65) (53) (35)   ;(00110101) (65) (53) (35)   ;(00110101) (65) (53) (35)   ;(00110101) (65) (53) (35)   ;(00110101) (65) (53) (35)   ;(00110101) (65) (53) (35)   ;
;2160;(00110101) (65) (53) (35)    ;(00110101) (65) (53) (35)   ;(00110100) (64) (52) (34)   ;(00110100) (64) (52) (34)   ;(00110100) (64) (52) (34)   ;(00110100) (64) (52) (34)   ;(00110100) (64) (52) (34)   ;(00110100) (64) (52) (34)   ;
;2168;(00110100) (64) (52) (34)    ;(00110100) (64) (52) (34)   ;(00110100) (64) (52) (34)   ;(00110100) (64) (52) (34)   ;(00110011) (63) (51) (33)   ;(00110011) (63) (51) (33)   ;(00110011) (63) (51) (33)   ;(00110011) (63) (51) (33)   ;
;2176;(00110011) (63) (51) (33)    ;(00110011) (63) (51) (33)   ;(00110011) (63) (51) (33)   ;(00110011) (63) (51) (33)   ;(00110011) (63) (51) (33)   ;(00110011) (63) (51) (33)   ;(00110010) (62) (50) (32)   ;(00110010) (62) (50) (32)   ;
;2184;(00110010) (62) (50) (32)    ;(00110010) (62) (50) (32)   ;(00110010) (62) (50) (32)   ;(00110010) (62) (50) (32)   ;(00110010) (62) (50) (32)   ;(00110010) (62) (50) (32)   ;(00110010) (62) (50) (32)   ;(00110010) (62) (50) (32)   ;
;2192;(00110010) (62) (50) (32)    ;(00110001) (61) (49) (31)   ;(00110001) (61) (49) (31)   ;(00110001) (61) (49) (31)   ;(00110001) (61) (49) (31)   ;(00110001) (61) (49) (31)   ;(00110001) (61) (49) (31)   ;(00110001) (61) (49) (31)   ;
;2200;(00110001) (61) (49) (31)    ;(00110001) (61) (49) (31)   ;(00110001) (61) (49) (31)   ;(00110000) (60) (48) (30)   ;(00110000) (60) (48) (30)   ;(00110000) (60) (48) (30)   ;(00110000) (60) (48) (30)   ;(00110000) (60) (48) (30)   ;
;2208;(00110000) (60) (48) (30)    ;(00110000) (60) (48) (30)   ;(00110000) (60) (48) (30)   ;(00110000) (60) (48) (30)   ;(00110000) (60) (48) (30)   ;(00110000) (60) (48) (30)   ;(00101111) (57) (47) (2F)   ;(00101111) (57) (47) (2F)   ;
;2216;(00101111) (57) (47) (2F)    ;(00101111) (57) (47) (2F)   ;(00101111) (57) (47) (2F)   ;(00101111) (57) (47) (2F)   ;(00101111) (57) (47) (2F)   ;(00101111) (57) (47) (2F)   ;(00101111) (57) (47) (2F)   ;(00101111) (57) (47) (2F)   ;
;2224;(00101110) (56) (46) (2E)    ;(00101110) (56) (46) (2E)   ;(00101110) (56) (46) (2E)   ;(00101110) (56) (46) (2E)   ;(00101110) (56) (46) (2E)   ;(00101110) (56) (46) (2E)   ;(00101110) (56) (46) (2E)   ;(00101110) (56) (46) (2E)   ;
;2232;(00101110) (56) (46) (2E)    ;(00101110) (56) (46) (2E)   ;(00101110) (56) (46) (2E)   ;(00101101) (55) (45) (2D)   ;(00101101) (55) (45) (2D)   ;(00101101) (55) (45) (2D)   ;(00101101) (55) (45) (2D)   ;(00101101) (55) (45) (2D)   ;
;2240;(00101101) (55) (45) (2D)    ;(00101101) (55) (45) (2D)   ;(00101101) (55) (45) (2D)   ;(00101101) (55) (45) (2D)   ;(00101101) (55) (45) (2D)   ;(00101101) (55) (45) (2D)   ;(00101100) (54) (44) (2C)   ;(00101100) (54) (44) (2C)   ;
;2248;(00101100) (54) (44) (2C)    ;(00101100) (54) (44) (2C)   ;(00101100) (54) (44) (2C)   ;(00101100) (54) (44) (2C)   ;(00101100) (54) (44) (2C)   ;(00101100) (54) (44) (2C)   ;(00101100) (54) (44) (2C)   ;(00101100) (54) (44) (2C)   ;
;2256;(00101100) (54) (44) (2C)    ;(00101011) (53) (43) (2B)   ;(00101011) (53) (43) (2B)   ;(00101011) (53) (43) (2B)   ;(00101011) (53) (43) (2B)   ;(00101011) (53) (43) (2B)   ;(00101011) (53) (43) (2B)   ;(00101011) (53) (43) (2B)   ;
;2264;(00101011) (53) (43) (2B)    ;(00101011) (53) (43) (2B)   ;(00101011) (53) (43) (2B)   ;(00101010) (52) (42) (2A)   ;(00101010) (52) (42) (2A)   ;(00101010) (52) (42) (2A)   ;(00101010) (52) (42) (2A)   ;(00101010) (52) (42) (2A)   ;
;2272;(00101010) (52) (42) (2A)    ;(00101010) (52) (42) (2A)   ;(00101010) (52) (42) (2A)   ;(00101010) (52) (42) (2A)   ;(00101010) (52) (42) (2A)   ;(00101010) (52) (42) (2A)   ;(00101001) (51) (41) (29)   ;(00101001) (51) (41) (29)   ;
;2280;(00101001) (51) (41) (29)    ;(00101001) (51) (41) (29)   ;(00101001) (51) (41) (29)   ;(00101001) (51) (41) (29)   ;(00101001) (51) (41) (29)   ;(00101001) (51) (41) (29)   ;(00101001) (51) (41) (29)   ;(00101001) (51) (41) (29)   ;
;2288;(00101001) (51) (41) (29)    ;(00101000) (50) (40) (28)   ;(00101000) (50) (40) (28)   ;(00101000) (50) (40) (28)   ;(00101000) (50) (40) (28)   ;(00101000) (50) (40) (28)   ;(00101000) (50) (40) (28)   ;(00101000) (50) (40) (28)   ;
;2296;(00101000) (50) (40) (28)    ;(00101000) (50) (40) (28)   ;(00101000) (50) (40) (28)   ;(00101000) (50) (40) (28)   ;(00100111) (47) (39) (27)   ;(00100111) (47) (39) (27)   ;(00100111) (47) (39) (27)   ;(00100111) (47) (39) (27)   ;
;2304;(00100111) (47) (39) (27)    ;(00100111) (47) (39) (27)   ;(00100111) (47) (39) (27)   ;(00100111) (47) (39) (27)   ;(00100111) (47) (39) (27)   ;(00100111) (47) (39) (27)   ;(00100111) (47) (39) (27)   ;(00100110) (46) (38) (26)   ;
;2312;(00100110) (46) (38) (26)    ;(00100110) (46) (38) (26)   ;(00100110) (46) (38) (26)   ;(00100110) (46) (38) (26)   ;(00100110) (46) (38) (26)   ;(00100110) (46) (38) (26)   ;(00100110) (46) (38) (26)   ;(00100110) (46) (38) (26)   ;
;2320;(00100110) (46) (38) (26)    ;(00100110) (46) (38) (26)   ;(00100101) (45) (37) (25)   ;(00100101) (45) (37) (25)   ;(00100101) (45) (37) (25)   ;(00100101) (45) (37) (25)   ;(00100101) (45) (37) (25)   ;(00100101) (45) (37) (25)   ;
;2328;(00100101) (45) (37) (25)    ;(00100101) (45) (37) (25)   ;(00100101) (45) (37) (25)   ;(00100101) (45) (37) (25)   ;(00100101) (45) (37) (25)   ;(00100101) (45) (37) (25)   ;(00100100) (44) (36) (24)   ;(00100100) (44) (36) (24)   ;
;2336;(00100100) (44) (36) (24)    ;(00100100) (44) (36) (24)   ;(00100100) (44) (36) (24)   ;(00100100) (44) (36) (24)   ;(00100100) (44) (36) (24)   ;(00100100) (44) (36) (24)   ;(00100100) (44) (36) (24)   ;(00100100) (44) (36) (24)   ;
;2344;(00100100) (44) (36) (24)    ;(00100011) (43) (35) (23)   ;(00100011) (43) (35) (23)   ;(00100011) (43) (35) (23)   ;(00100011) (43) (35) (23)   ;(00100011) (43) (35) (23)   ;(00100011) (43) (35) (23)   ;(00100011) (43) (35) (23)   ;
;2352;(00100011) (43) (35) (23)    ;(00100011) (43) (35) (23)   ;(00100011) (43) (35) (23)   ;(00100011) (43) (35) (23)   ;(00100010) (42) (34) (22)   ;(00100010) (42) (34) (22)   ;(00100010) (42) (34) (22)   ;(00100010) (42) (34) (22)   ;
;2360;(00100010) (42) (34) (22)    ;(00100010) (42) (34) (22)   ;(00100010) (42) (34) (22)   ;(00100010) (42) (34) (22)   ;(00100010) (42) (34) (22)   ;(00100010) (42) (34) (22)   ;(00100010) (42) (34) (22)   ;(00100010) (42) (34) (22)   ;
;2368;(00100001) (41) (33) (21)    ;(00100001) (41) (33) (21)   ;(00100001) (41) (33) (21)   ;(00100001) (41) (33) (21)   ;(00100001) (41) (33) (21)   ;(00100001) (41) (33) (21)   ;(00100001) (41) (33) (21)   ;(00100001) (41) (33) (21)   ;
;2376;(00100001) (41) (33) (21)    ;(00100001) (41) (33) (21)   ;(00100001) (41) (33) (21)   ;(00100001) (41) (33) (21)   ;(00100000) (40) (32) (20)   ;(00100000) (40) (32) (20)   ;(00100000) (40) (32) (20)   ;(00100000) (40) (32) (20)   ;
;2384;(00100000) (40) (32) (20)    ;(00100000) (40) (32) (20)   ;(00100000) (40) (32) (20)   ;(00100000) (40) (32) (20)   ;(00100000) (40) (32) (20)   ;(00100000) (40) (32) (20)   ;(00100000) (40) (32) (20)   ;(00011111) (37) (31) (1F)   ;
;2392;(00011111) (37) (31) (1F)    ;(00011111) (37) (31) (1F)   ;(00011111) (37) (31) (1F)   ;(00011111) (37) (31) (1F)   ;(00011111) (37) (31) (1F)   ;(00011111) (37) (31) (1F)   ;(00011111) (37) (31) (1F)   ;(00011111) (37) (31) (1F)   ;
;2400;(00011111) (37) (31) (1F)    ;(00011111) (37) (31) (1F)   ;(00011111) (37) (31) (1F)   ;(00011110) (36) (30) (1E)   ;(00011110) (36) (30) (1E)   ;(00011110) (36) (30) (1E)   ;(00011110) (36) (30) (1E)   ;(00011110) (36) (30) (1E)   ;
;2408;(00011110) (36) (30) (1E)    ;(00011110) (36) (30) (1E)   ;(00011110) (36) (30) (1E)   ;(00011110) (36) (30) (1E)   ;(00011110) (36) (30) (1E)   ;(00011110) (36) (30) (1E)   ;(00011110) (36) (30) (1E)   ;(00011101) (35) (29) (1D)   ;
;2416;(00011101) (35) (29) (1D)    ;(00011101) (35) (29) (1D)   ;(00011101) (35) (29) (1D)   ;(00011101) (35) (29) (1D)   ;(00011101) (35) (29) (1D)   ;(00011101) (35) (29) (1D)   ;(00011101) (35) (29) (1D)   ;(00011101) (35) (29) (1D)   ;
;2424;(00011101) (35) (29) (1D)    ;(00011101) (35) (29) (1D)   ;(00011101) (35) (29) (1D)   ;(00011100) (34) (28) (1C)   ;(00011100) (34) (28) (1C)   ;(00011100) (34) (28) (1C)   ;(00011100) (34) (28) (1C)   ;(00011100) (34) (28) (1C)   ;
;2432;(00011100) (34) (28) (1C)    ;(00011100) (34) (28) (1C)   ;(00011100) (34) (28) (1C)   ;(00011100) (34) (28) (1C)   ;(00011100) (34) (28) (1C)   ;(00011100) (34) (28) (1C)   ;(00011100) (34) (28) (1C)   ;(00011100) (34) (28) (1C)   ;
;2440;(00011011) (33) (27) (1B)    ;(00011011) (33) (27) (1B)   ;(00011011) (33) (27) (1B)   ;(00011011) (33) (27) (1B)   ;(00011011) (33) (27) (1B)   ;(00011011) (33) (27) (1B)   ;(00011011) (33) (27) (1B)   ;(00011011) (33) (27) (1B)   ;
;2448;(00011011) (33) (27) (1B)    ;(00011011) (33) (27) (1B)   ;(00011011) (33) (27) (1B)   ;(00011011) (33) (27) (1B)   ;(00011010) (32) (26) (1A)   ;(00011010) (32) (26) (1A)   ;(00011010) (32) (26) (1A)   ;(00011010) (32) (26) (1A)   ;
;2456;(00011010) (32) (26) (1A)    ;(00011010) (32) (26) (1A)   ;(00011010) (32) (26) (1A)   ;(00011010) (32) (26) (1A)   ;(00011010) (32) (26) (1A)   ;(00011010) (32) (26) (1A)   ;(00011010) (32) (26) (1A)   ;(00011010) (32) (26) (1A)   ;
;2464;(00011010) (32) (26) (1A)    ;(00011001) (31) (25) (19)   ;(00011001) (31) (25) (19)   ;(00011001) (31) (25) (19)   ;(00011001) (31) (25) (19)   ;(00011001) (31) (25) (19)   ;(00011001) (31) (25) (19)   ;(00011001) (31) (25) (19)   ;
;2472;(00011001) (31) (25) (19)    ;(00011001) (31) (25) (19)   ;(00011001) (31) (25) (19)   ;(00011001) (31) (25) (19)   ;(00011001) (31) (25) (19)   ;(00011001) (31) (25) (19)   ;(00011000) (30) (24) (18)   ;(00011000) (30) (24) (18)   ;
;2480;(00011000) (30) (24) (18)    ;(00011000) (30) (24) (18)   ;(00011000) (30) (24) (18)   ;(00011000) (30) (24) (18)   ;(00011000) (30) (24) (18)   ;(00011000) (30) (24) (18)   ;(00011000) (30) (24) (18)   ;(00011000) (30) (24) (18)   ;
;2488;(00011000) (30) (24) (18)    ;(00011000) (30) (24) (18)   ;(00011000) (30) (24) (18)   ;(00010111) (27) (23) (17)   ;(00010111) (27) (23) (17)   ;(00010111) (27) (23) (17)   ;(00010111) (27) (23) (17)   ;(00010111) (27) (23) (17)   ;
;2496;(00010111) (27) (23) (17)    ;(00010111) (27) (23) (17)   ;(00010111) (27) (23) (17)   ;(00010111) (27) (23) (17)   ;(00010111) (27) (23) (17)   ;(00010111) (27) (23) (17)   ;(00010111) (27) (23) (17)   ;(00010111) (27) (23) (17)   ;
;2504;(00010110) (26) (22) (16)    ;(00010110) (26) (22) (16)   ;(00010110) (26) (22) (16)   ;(00010110) (26) (22) (16)   ;(00010110) (26) (22) (16)   ;(00010110) (26) (22) (16)   ;(00010110) (26) (22) (16)   ;(00010110) (26) (22) (16)   ;
;2512;(00010110) (26) (22) (16)    ;(00010110) (26) (22) (16)   ;(00010110) (26) (22) (16)   ;(00010110) (26) (22) (16)   ;(00010110) (26) (22) (16)   ;(00010101) (25) (21) (15)   ;(00010101) (25) (21) (15)   ;(00010101) (25) (21) (15)   ;
;2520;(00010101) (25) (21) (15)    ;(00010101) (25) (21) (15)   ;(00010101) (25) (21) (15)   ;(00010101) (25) (21) (15)   ;(00010101) (25) (21) (15)   ;(00010101) (25) (21) (15)   ;(00010101) (25) (21) (15)   ;(00010101) (25) (21) (15)   ;
;2528;(00010101) (25) (21) (15)    ;(00010101) (25) (21) (15)   ;(00010101) (25) (21) (15)   ;(00010100) (24) (20) (14)   ;(00010100) (24) (20) (14)   ;(00010100) (24) (20) (14)   ;(00010100) (24) (20) (14)   ;(00010100) (24) (20) (14)   ;
;2536;(00010100) (24) (20) (14)    ;(00010100) (24) (20) (14)   ;(00010100) (24) (20) (14)   ;(00010100) (24) (20) (14)   ;(00010100) (24) (20) (14)   ;(00010100) (24) (20) (14)   ;(00010100) (24) (20) (14)   ;(00010100) (24) (20) (14)   ;
;2544;(00010100) (24) (20) (14)    ;(00010011) (23) (19) (13)   ;(00010011) (23) (19) (13)   ;(00010011) (23) (19) (13)   ;(00010011) (23) (19) (13)   ;(00010011) (23) (19) (13)   ;(00010011) (23) (19) (13)   ;(00010011) (23) (19) (13)   ;
;2552;(00010011) (23) (19) (13)    ;(00010011) (23) (19) (13)   ;(00010011) (23) (19) (13)   ;(00010011) (23) (19) (13)   ;(00010011) (23) (19) (13)   ;(00010011) (23) (19) (13)   ;(00010011) (23) (19) (13)   ;(00010010) (22) (18) (12)   ;
;2560;(00010010) (22) (18) (12)    ;(00010010) (22) (18) (12)   ;(00010010) (22) (18) (12)   ;(00010010) (22) (18) (12)   ;(00010010) (22) (18) (12)   ;(00010010) (22) (18) (12)   ;(00010010) (22) (18) (12)   ;(00010010) (22) (18) (12)   ;
;2568;(00010010) (22) (18) (12)    ;(00010010) (22) (18) (12)   ;(00010010) (22) (18) (12)   ;(00010010) (22) (18) (12)   ;(00010010) (22) (18) (12)   ;(00010010) (22) (18) (12)   ;(00010001) (21) (17) (11)   ;(00010001) (21) (17) (11)   ;
;2576;(00010001) (21) (17) (11)    ;(00010001) (21) (17) (11)   ;(00010001) (21) (17) (11)   ;(00010001) (21) (17) (11)   ;(00010001) (21) (17) (11)   ;(00010001) (21) (17) (11)   ;(00010001) (21) (17) (11)   ;(00010001) (21) (17) (11)   ;
;2584;(00010001) (21) (17) (11)    ;(00010001) (21) (17) (11)   ;(00010001) (21) (17) (11)   ;(00010001) (21) (17) (11)   ;(00010001) (21) (17) (11)   ;(00010000) (20) (16) (10)   ;(00010000) (20) (16) (10)   ;(00010000) (20) (16) (10)   ;
;2592;(00010000) (20) (16) (10)    ;(00010000) (20) (16) (10)   ;(00010000) (20) (16) (10)   ;(00010000) (20) (16) (10)   ;(00010000) (20) (16) (10)   ;(00010000) (20) (16) (10)   ;(00010000) (20) (16) (10)   ;(00010000) (20) (16) (10)   ;
;2600;(00010000) (20) (16) (10)    ;(00010000) (20) (16) (10)   ;(00010000) (20) (16) (10)   ;(00010000) (20) (16) (10)   ;(00001111) (17) (15) (0F)   ;(00001111) (17) (15) (0F)   ;(00001111) (17) (15) (0F)   ;(00001111) (17) (15) (0F)   ;
;2608;(00001111) (17) (15) (0F)    ;(00001111) (17) (15) (0F)   ;(00001111) (17) (15) (0F)   ;(00001111) (17) (15) (0F)   ;(00001111) (17) (15) (0F)   ;(00001111) (17) (15) (0F)   ;(00001111) (17) (15) (0F)   ;(00001111) (17) (15) (0F)   ;
;2616;(00001111) (17) (15) (0F)    ;(00001111) (17) (15) (0F)   ;(00001111) (17) (15) (0F)   ;(00001111) (17) (15) (0F)   ;(00001110) (16) (14) (0E)   ;(00001110) (16) (14) (0E)   ;(00001110) (16) (14) (0E)   ;(00001110) (16) (14) (0E)   ;
;2624;(00001110) (16) (14) (0E)    ;(00001110) (16) (14) (0E)   ;(00001110) (16) (14) (0E)   ;(00001110) (16) (14) (0E)   ;(00001110) (16) (14) (0E)   ;(00001110) (16) (14) (0E)   ;(00001110) (16) (14) (0E)   ;(00001110) (16) (14) (0E)   ;
;2632;(00001110) (16) (14) (0E)    ;(00001110) (16) (14) (0E)   ;(00001110) (16) (14) (0E)   ;(00001110) (16) (14) (0E)   ;(00001101) (15) (13) (0D)   ;(00001101) (15) (13) (0D)   ;(00001101) (15) (13) (0D)   ;(00001101) (15) (13) (0D)   ;
;2640;(00001101) (15) (13) (0D)    ;(00001101) (15) (13) (0D)   ;(00001101) (15) (13) (0D)   ;(00001101) (15) (13) (0D)   ;(00001101) (15) (13) (0D)   ;(00001101) (15) (13) (0D)   ;(00001101) (15) (13) (0D)   ;(00001101) (15) (13) (0D)   ;
;2648;(00001101) (15) (13) (0D)    ;(00001101) (15) (13) (0D)   ;(00001101) (15) (13) (0D)   ;(00001101) (15) (13) (0D)   ;(00001101) (15) (13) (0D)   ;(00001100) (14) (12) (0C)   ;(00001100) (14) (12) (0C)   ;(00001100) (14) (12) (0C)   ;
;2656;(00001100) (14) (12) (0C)    ;(00001100) (14) (12) (0C)   ;(00001100) (14) (12) (0C)   ;(00001100) (14) (12) (0C)   ;(00001100) (14) (12) (0C)   ;(00001100) (14) (12) (0C)   ;(00001100) (14) (12) (0C)   ;(00001100) (14) (12) (0C)   ;
;2664;(00001100) (14) (12) (0C)    ;(00001100) (14) (12) (0C)   ;(00001100) (14) (12) (0C)   ;(00001100) (14) (12) (0C)   ;(00001100) (14) (12) (0C)   ;(00001100) (14) (12) (0C)   ;(00001011) (13) (11) (0B)   ;(00001011) (13) (11) (0B)   ;
;2672;(00001011) (13) (11) (0B)    ;(00001011) (13) (11) (0B)   ;(00001011) (13) (11) (0B)   ;(00001011) (13) (11) (0B)   ;(00001011) (13) (11) (0B)   ;(00001011) (13) (11) (0B)   ;(00001011) (13) (11) (0B)   ;(00001011) (13) (11) (0B)   ;
;2680;(00001011) (13) (11) (0B)    ;(00001011) (13) (11) (0B)   ;(00001011) (13) (11) (0B)   ;(00001011) (13) (11) (0B)   ;(00001011) (13) (11) (0B)   ;(00001011) (13) (11) (0B)   ;(00001011) (13) (11) (0B)   ;(00001011) (13) (11) (0B)   ;
;2688;(00001010) (12) (10) (0A)    ;(00001010) (12) (10) (0A)   ;(00001010) (12) (10) (0A)   ;(00001010) (12) (10) (0A)   ;(00001010) (12) (10) (0A)   ;(00001010) (12) (10) (0A)   ;(00001010) (12) (10) (0A)   ;(00001010) (12) (10) (0A)   ;
;2696;(00001010) (12) (10) (0A)    ;(00001010) (12) (10) (0A)   ;(00001010) (12) (10) (0A)   ;(00001010) (12) (10) (0A)   ;(00001010) (12) (10) (0A)   ;(00001010) (12) (10) (0A)   ;(00001010) (12) (10) (0A)   ;(00001010) (12) (10) (0A)   ;
;2704;(00001010) (12) (10) (0A)    ;(00001010) (12) (10) (0A)   ;(00001010) (12) (10) (0A)   ;(00001001) (11) (9) (09)   ;(00001001) (11) (9) (09)   ;(00001001) (11) (9) (09)   ;(00001001) (11) (9) (09)   ;(00001001) (11) (9) (09)   ;
;2712;(00001001) (11) (9) (09)    ;(00001001) (11) (9) (09)   ;(00001001) (11) (9) (09)   ;(00001001) (11) (9) (09)   ;(00001001) (11) (9) (09)   ;(00001001) (11) (9) (09)   ;(00001001) (11) (9) (09)   ;(00001001) (11) (9) (09)   ;
;2720;(00001001) (11) (9) (09)    ;(00001001) (11) (9) (09)   ;(00001001) (11) (9) (09)   ;(00001001) (11) (9) (09)   ;(00001001) (11) (9) (09)   ;(00001001) (11) (9) (09)   ;(00001001) (11) (9) (09)   ;(00001000) (10) (8) (08)   ;
;2728;(00001000) (10) (8) (08)    ;(00001000) (10) (8) (08)   ;(00001000) (10) (8) (08)   ;(00001000) (10) (8) (08)   ;(00001000) (10) (8) (08)   ;(00001000) (10) (8) (08)   ;(00001000) (10) (8) (08)   ;(00001000) (10) (8) (08)   ;
;2736;(00001000) (10) (8) (08)    ;(00001000) (10) (8) (08)   ;(00001000) (10) (8) (08)   ;(00001000) (10) (8) (08)   ;(00001000) (10) (8) (08)   ;(00001000) (10) (8) (08)   ;(00001000) (10) (8) (08)   ;(00001000) (10) (8) (08)   ;
;2744;(00001000) (10) (8) (08)    ;(00001000) (10) (8) (08)   ;(00001000) (10) (8) (08)   ;(00001000) (10) (8) (08)   ;(00000111) (7) (7) (07)   ;(00000111) (7) (7) (07)   ;(00000111) (7) (7) (07)   ;(00000111) (7) (7) (07)   ;
;2752;(00000111) (7) (7) (07)    ;(00000111) (7) (7) (07)   ;(00000111) (7) (7) (07)   ;(00000111) (7) (7) (07)   ;(00000111) (7) (7) (07)   ;(00000111) (7) (7) (07)   ;(00000111) (7) (7) (07)   ;(00000111) (7) (7) (07)   ;
;2760;(00000111) (7) (7) (07)    ;(00000111) (7) (7) (07)   ;(00000111) (7) (7) (07)   ;(00000111) (7) (7) (07)   ;(00000111) (7) (7) (07)   ;(00000111) (7) (7) (07)   ;(00000111) (7) (7) (07)   ;(00000111) (7) (7) (07)   ;
;2768;(00000111) (7) (7) (07)    ;(00000111) (7) (7) (07)   ;(00000110) (6) (6) (06)   ;(00000110) (6) (6) (06)   ;(00000110) (6) (6) (06)   ;(00000110) (6) (6) (06)   ;(00000110) (6) (6) (06)   ;(00000110) (6) (6) (06)   ;
;2776;(00000110) (6) (6) (06)    ;(00000110) (6) (6) (06)   ;(00000110) (6) (6) (06)   ;(00000110) (6) (6) (06)   ;(00000110) (6) (6) (06)   ;(00000110) (6) (6) (06)   ;(00000110) (6) (6) (06)   ;(00000110) (6) (6) (06)   ;
;2784;(00000110) (6) (6) (06)    ;(00000110) (6) (6) (06)   ;(00000110) (6) (6) (06)   ;(00000110) (6) (6) (06)   ;(00000110) (6) (6) (06)   ;(00000110) (6) (6) (06)   ;(00000110) (6) (6) (06)   ;(00000110) (6) (6) (06)   ;
;2792;(00000110) (6) (6) (06)    ;(00000101) (5) (5) (05)   ;(00000101) (5) (5) (05)   ;(00000101) (5) (5) (05)   ;(00000101) (5) (5) (05)   ;(00000101) (5) (5) (05)   ;(00000101) (5) (5) (05)   ;(00000101) (5) (5) (05)   ;
;2800;(00000101) (5) (5) (05)    ;(00000101) (5) (5) (05)   ;(00000101) (5) (5) (05)   ;(00000101) (5) (5) (05)   ;(00000101) (5) (5) (05)   ;(00000101) (5) (5) (05)   ;(00000101) (5) (5) (05)   ;(00000101) (5) (5) (05)   ;
;2808;(00000101) (5) (5) (05)    ;(00000101) (5) (5) (05)   ;(00000101) (5) (5) (05)   ;(00000101) (5) (5) (05)   ;(00000101) (5) (5) (05)   ;(00000101) (5) (5) (05)   ;(00000101) (5) (5) (05)   ;(00000101) (5) (5) (05)   ;
;2816;(00000101) (5) (5) (05)    ;(00000101) (5) (5) (05)   ;(00000101) (5) (5) (05)   ;(00000100) (4) (4) (04)   ;(00000100) (4) (4) (04)   ;(00000100) (4) (4) (04)   ;(00000100) (4) (4) (04)   ;(00000100) (4) (4) (04)   ;
;2824;(00000100) (4) (4) (04)    ;(00000100) (4) (4) (04)   ;(00000100) (4) (4) (04)   ;(00000100) (4) (4) (04)   ;(00000100) (4) (4) (04)   ;(00000100) (4) (4) (04)   ;(00000100) (4) (4) (04)   ;(00000100) (4) (4) (04)   ;
;2832;(00000100) (4) (4) (04)    ;(00000100) (4) (4) (04)   ;(00000100) (4) (4) (04)   ;(00000100) (4) (4) (04)   ;(00000100) (4) (4) (04)   ;(00000100) (4) (4) (04)   ;(00000100) (4) (4) (04)   ;(00000100) (4) (4) (04)   ;
;2840;(00000100) (4) (4) (04)    ;(00000100) (4) (4) (04)   ;(00000100) (4) (4) (04)   ;(00000100) (4) (4) (04)   ;(00000100) (4) (4) (04)   ;(00000100) (4) (4) (04)   ;(00000100) (4) (4) (04)   ;(00000100) (4) (4) (04)   ;
;2848;(00000011) (3) (3) (03)    ;(00000011) (3) (3) (03)   ;(00000011) (3) (3) (03)   ;(00000011) (3) (3) (03)   ;(00000011) (3) (3) (03)   ;(00000011) (3) (3) (03)   ;(00000011) (3) (3) (03)   ;(00000011) (3) (3) (03)   ;
;2856;(00000011) (3) (3) (03)    ;(00000011) (3) (3) (03)   ;(00000011) (3) (3) (03)   ;(00000011) (3) (3) (03)   ;(00000011) (3) (3) (03)   ;(00000011) (3) (3) (03)   ;(00000011) (3) (3) (03)   ;(00000011) (3) (3) (03)   ;
;2864;(00000011) (3) (3) (03)    ;(00000011) (3) (3) (03)   ;(00000011) (3) (3) (03)   ;(00000011) (3) (3) (03)   ;(00000011) (3) (3) (03)   ;(00000011) (3) (3) (03)   ;(00000011) (3) (3) (03)   ;(00000011) (3) (3) (03)   ;
;2872;(00000011) (3) (3) (03)    ;(00000011) (3) (3) (03)   ;(00000011) (3) (3) (03)   ;(00000011) (3) (3) (03)   ;(00000011) (3) (3) (03)   ;(00000011) (3) (3) (03)   ;(00000011) (3) (3) (03)   ;(00000011) (3) (3) (03)   ;
;2880;(00000010) (2) (2) (02)    ;(00000010) (2) (2) (02)   ;(00000010) (2) (2) (02)   ;(00000010) (2) (2) (02)   ;(00000010) (2) (2) (02)   ;(00000010) (2) (2) (02)   ;(00000010) (2) (2) (02)   ;(00000010) (2) (2) (02)   ;
;2888;(00000010) (2) (2) (02)    ;(00000010) (2) (2) (02)   ;(00000010) (2) (2) (02)   ;(00000010) (2) (2) (02)   ;(00000010) (2) (2) (02)   ;(00000010) (2) (2) (02)   ;(00000010) (2) (2) (02)   ;(00000010) (2) (2) (02)   ;
;2896;(00000010) (2) (2) (02)    ;(00000010) (2) (2) (02)   ;(00000010) (2) (2) (02)   ;(00000010) (2) (2) (02)   ;(00000010) (2) (2) (02)   ;(00000010) (2) (2) (02)   ;(00000010) (2) (2) (02)   ;(00000010) (2) (2) (02)   ;
;2904;(00000010) (2) (2) (02)    ;(00000010) (2) (2) (02)   ;(00000010) (2) (2) (02)   ;(00000010) (2) (2) (02)   ;(00000010) (2) (2) (02)   ;(00000010) (2) (2) (02)   ;(00000010) (2) (2) (02)   ;(00000010) (2) (2) (02)   ;
;2912;(00000010) (2) (2) (02)    ;(00000010) (2) (2) (02)   ;(00000010) (2) (2) (02)   ;(00000010) (2) (2) (02)   ;(00000010) (2) (2) (02)   ;(00000010) (2) (2) (02)   ;(00000010) (2) (2) (02)   ;(00000001) (1) (1) (01)   ;
;2920;(00000001) (1) (1) (01)    ;(00000001) (1) (1) (01)   ;(00000001) (1) (1) (01)   ;(00000001) (1) (1) (01)   ;(00000001) (1) (1) (01)   ;(00000001) (1) (1) (01)   ;(00000001) (1) (1) (01)   ;(00000001) (1) (1) (01)   ;
;2928;(00000001) (1) (1) (01)    ;(00000001) (1) (1) (01)   ;(00000001) (1) (1) (01)   ;(00000001) (1) (1) (01)   ;(00000001) (1) (1) (01)   ;(00000001) (1) (1) (01)   ;(00000001) (1) (1) (01)   ;(00000001) (1) (1) (01)   ;
;2936;(00000001) (1) (1) (01)    ;(00000001) (1) (1) (01)   ;(00000001) (1) (1) (01)   ;(00000001) (1) (1) (01)   ;(00000001) (1) (1) (01)   ;(00000001) (1) (1) (01)   ;(00000001) (1) (1) (01)   ;(00000001) (1) (1) (01)   ;
;2944;(00000001) (1) (1) (01)    ;(00000001) (1) (1) (01)   ;(00000001) (1) (1) (01)   ;(00000001) (1) (1) (01)   ;(00000001) (1) (1) (01)   ;(00000001) (1) (1) (01)   ;(00000001) (1) (1) (01)   ;(00000001) (1) (1) (01)   ;
;2952;(00000001) (1) (1) (01)    ;(00000001) (1) (1) (01)   ;(00000001) (1) (1) (01)   ;(00000001) (1) (1) (01)   ;(00000001) (1) (1) (01)   ;(00000001) (1) (1) (01)   ;(00000001) (1) (1) (01)   ;(00000001) (1) (1) (01)   ;
;2960;(00000001) (1) (1) (01)    ;(00000001) (1) (1) (01)   ;(00000001) (1) (1) (01)   ;(00000001) (1) (1) (01)   ;(00000001) (1) (1) (01)   ;(00000001) (1) (1) (01)   ;(00000001) (1) (1) (01)   ;(00000001) (1) (1) (01)   ;
;2968;(00000001) (1) (1) (01)    ;(00000001) (1) (1) (01)   ;(00000001) (1) (1) (01)   ;(00000001) (1) (1) (01)   ;(00000000) (0) (0) (00)   ;(00000000) (0) (0) (00)   ;(00000000) (0) (0) (00)   ;(00000000) (0) (0) (00)   ;
;2976;(00000000) (0) (0) (00)    ;(00000000) (0) (0) (00)   ;(00000000) (0) (0) (00)   ;(00000000) (0) (0) (00)   ;(00000000) (0) (0) (00)   ;(00000000) (0) (0) (00)   ;(00000000) (0) (0) (00)   ;(00000000) (0) (0) (00)   ;
;2984;(00000000) (0) (0) (00)    ;(00000000) (0) (0) (00)   ;(00000000) (0) (0) (00)   ;(00000000) (0) (0) (00)   ;(00000000) (0) (0) (00)   ;(00000000) (0) (0) (00)   ;(00000000) (0) (0) (00)   ;(00000000) (0) (0) (00)   ;
;2992;(00000000) (0) (0) (00)    ;(00000000) (0) (0) (00)   ;(00000000) (0) (0) (00)   ;(00000000) (0) (0) (00)   ;(00000000) (0) (0) (00)   ;(00000000) (0) (0) (00)   ;(00000000) (0) (0) (00)   ;(00000000) (0) (0) (00)   ;
;3000;(00000000) (0) (0) (00)    ;(00000000) (0) (0) (00)   ;(00000000) (0) (0) (00)   ;(00000000) (0) (0) (00)   ;(00000000) (0) (0) (00)   ;(00000000) (0) (0) (00)   ;(00000000) (0) (0) (00)   ;(00000000) (0) (0) (00)   ;
;3008;(00000000) (0) (0) (00)    ;(00000000) (0) (0) (00)   ;(00000000) (0) (0) (00)   ;(00000000) (0) (0) (00)   ;(00000000) (0) (0) (00)   ;(00000000) (0) (0) (00)   ;(00000000) (0) (0) (00)   ;(00000000) (0) (0) (00)   ;
;3016;(00000000) (0) (0) (00)    ;(00000000) (0) (0) (00)   ;(00000000) (0) (0) (00)   ;(00000000) (0) (0) (00)   ;(00000000) (0) (0) (00)   ;(00000000) (0) (0) (00)   ;(00000000) (0) (0) (00)   ;(00000000) (0) (0) (00)   ;
;3024;(00000000) (0) (0) (00)    ;(00000000) (0) (0) (00)   ;(00000000) (0) (0) (00)   ;(00000000) (0) (0) (00)   ;(00000000) (0) (0) (00)   ;(00000000) (0) (0) (00)   ;(00000000) (0) (0) (00)   ;(00000000) (0) (0) (00)   ;
;3032;(00000000) (0) (0) (00)    ;(00000000) (0) (0) (00)   ;(00000000) (0) (0) (00)   ;(00000000) (0) (0) (00)   ;(00000000) (0) (0) (00)   ;(00000000) (0) (0) (00)   ;(00000000) (0) (0) (00)   ;(00000000) (0) (0) (00)   ;
;3040;(00000000) (0) (0) (00)    ;(00000000) (0) (0) (00)   ;(00000000) (0) (0) (00)   ;(00000000) (0) (0) (00)   ;(00000000) (0) (0) (00)   ;(00000000) (0) (0) (00)   ;(00000000) (0) (0) (00)   ;(00000000) (0) (0) (00)   ;
;3048;(00000000) (0) (0) (00)    ;(00000000) (0) (0) (00)   ;(00000000) (0) (0) (00)   ;(00000000) (0) (0) (00)   ;(00000000) (0) (0) (00)   ;(00000000) (0) (0) (00)   ;(00000000) (0) (0) (00)   ;(00000000) (0) (0) (00)   ;
;3056;(00000000) (0) (0) (00)    ;(00000000) (0) (0) (00)   ;(00000000) (0) (0) (00)   ;(00000000) (0) (0) (00)   ;(00000000) (0) (0) (00)   ;(00000000) (0) (0) (00)   ;(00000000) (0) (0) (00)   ;(00000000) (0) (0) (00)   ;
;3064;(00000000) (0) (0) (00)    ;(00000000) (0) (0) (00)   ;(00000000) (0) (0) (00)   ;(00000000) (0) (0) (00)   ;(00000000) (0) (0) (00)   ;(00000000) (0) (0) (00)   ;(00000000) (0) (0) (00)   ;(00000000) (0) (0) (00)   ;
;3072;(00000000) (0) (0) (00)    ;(00000000) (0) (0) (00)   ;(00000000) (0) (0) (00)   ;(00000000) (0) (0) (00)   ;(00000000) (0) (0) (00)   ;(00000000) (0) (0) (00)   ;(00000000) (0) (0) (00)   ;(00000000) (0) (0) (00)   ;
;3080;(00000000) (0) (0) (00)    ;(00000000) (0) (0) (00)   ;(00000000) (0) (0) (00)   ;(00000000) (0) (0) (00)   ;(00000000) (0) (0) (00)   ;(00000000) (0) (0) (00)   ;(00000000) (0) (0) (00)   ;(00000000) (0) (0) (00)   ;
;3088;(00000000) (0) (0) (00)    ;(00000000) (0) (0) (00)   ;(00000000) (0) (0) (00)   ;(00000000) (0) (0) (00)   ;(00000000) (0) (0) (00)   ;(00000000) (0) (0) (00)   ;(00000000) (0) (0) (00)   ;(00000000) (0) (0) (00)   ;
;3096;(00000000) (0) (0) (00)    ;(00000000) (0) (0) (00)   ;(00000000) (0) (0) (00)   ;(00000000) (0) (0) (00)   ;(00000000) (0) (0) (00)   ;(00000000) (0) (0) (00)   ;(00000000) (0) (0) (00)   ;(00000000) (0) (0) (00)   ;
;3104;(00000000) (0) (0) (00)    ;(00000000) (0) (0) (00)   ;(00000000) (0) (0) (00)   ;(00000000) (0) (0) (00)   ;(00000000) (0) (0) (00)   ;(00000000) (0) (0) (00)   ;(00000000) (0) (0) (00)   ;(00000000) (0) (0) (00)   ;
;3112;(00000000) (0) (0) (00)    ;(00000000) (0) (0) (00)   ;(00000000) (0) (0) (00)   ;(00000000) (0) (0) (00)   ;(00000000) (0) (0) (00)   ;(00000000) (0) (0) (00)   ;(00000000) (0) (0) (00)   ;(00000000) (0) (0) (00)   ;
;3120;(00000000) (0) (0) (00)    ;(00000000) (0) (0) (00)   ;(00000000) (0) (0) (00)   ;(00000000) (0) (0) (00)   ;(00000000) (0) (0) (00)   ;(00000000) (0) (0) (00)   ;(00000000) (0) (0) (00)   ;(00000000) (0) (0) (00)   ;
;3128;(00000000) (0) (0) (00)    ;(00000000) (0) (0) (00)   ;(00000000) (0) (0) (00)   ;(00000000) (0) (0) (00)   ;(00000000) (0) (0) (00)   ;(00000000) (0) (0) (00)   ;(00000000) (0) (0) (00)   ;(00000000) (0) (0) (00)   ;
;3136;(00000000) (0) (0) (00)    ;(00000000) (0) (0) (00)   ;(00000000) (0) (0) (00)   ;(00000000) (0) (0) (00)   ;(00000000) (0) (0) (00)   ;(00000000) (0) (0) (00)   ;(00000000) (0) (0) (00)   ;(00000000) (0) (0) (00)   ;
;3144;(00000000) (0) (0) (00)    ;(00000000) (0) (0) (00)   ;(00000000) (0) (0) (00)   ;(00000000) (0) (0) (00)   ;(00000000) (0) (0) (00)   ;(00000000) (0) (0) (00)   ;(00000000) (0) (0) (00)   ;(00000000) (0) (0) (00)   ;
;3152;(00000000) (0) (0) (00)    ;(00000000) (0) (0) (00)   ;(00000000) (0) (0) (00)   ;(00000000) (0) (0) (00)   ;(00000000) (0) (0) (00)   ;(00000000) (0) (0) (00)   ;(00000000) (0) (0) (00)   ;(00000000) (0) (0) (00)   ;
;3160;(00000000) (0) (0) (00)    ;(00000000) (0) (0) (00)   ;(00000000) (0) (0) (00)   ;(00000000) (0) (0) (00)   ;(00000000) (0) (0) (00)   ;(00000000) (0) (0) (00)   ;(00000000) (0) (0) (00)   ;(00000000) (0) (0) (00)   ;
;3168;(00000000) (0) (0) (00)    ;(00000000) (0) (0) (00)   ;(00000000) (0) (0) (00)   ;(00000000) (0) (0) (00)   ;(00000000) (0) (0) (00)   ;(00000001) (1) (1) (01)   ;(00000001) (1) (1) (01)   ;(00000001) (1) (1) (01)   ;
;3176;(00000001) (1) (1) (01)    ;(00000001) (1) (1) (01)   ;(00000001) (1) (1) (01)   ;(00000001) (1) (1) (01)   ;(00000001) (1) (1) (01)   ;(00000001) (1) (1) (01)   ;(00000001) (1) (1) (01)   ;(00000001) (1) (1) (01)   ;
;3184;(00000001) (1) (1) (01)    ;(00000001) (1) (1) (01)   ;(00000001) (1) (1) (01)   ;(00000001) (1) (1) (01)   ;(00000001) (1) (1) (01)   ;(00000001) (1) (1) (01)   ;(00000001) (1) (1) (01)   ;(00000001) (1) (1) (01)   ;
;3192;(00000001) (1) (1) (01)    ;(00000001) (1) (1) (01)   ;(00000001) (1) (1) (01)   ;(00000001) (1) (1) (01)   ;(00000001) (1) (1) (01)   ;(00000001) (1) (1) (01)   ;(00000001) (1) (1) (01)   ;(00000001) (1) (1) (01)   ;
;3200;(00000001) (1) (1) (01)    ;(00000001) (1) (1) (01)   ;(00000001) (1) (1) (01)   ;(00000001) (1) (1) (01)   ;(00000001) (1) (1) (01)   ;(00000001) (1) (1) (01)   ;(00000001) (1) (1) (01)   ;(00000001) (1) (1) (01)   ;
;3208;(00000001) (1) (1) (01)    ;(00000001) (1) (1) (01)   ;(00000001) (1) (1) (01)   ;(00000001) (1) (1) (01)   ;(00000001) (1) (1) (01)   ;(00000001) (1) (1) (01)   ;(00000001) (1) (1) (01)   ;(00000001) (1) (1) (01)   ;
;3216;(00000001) (1) (1) (01)    ;(00000001) (1) (1) (01)   ;(00000001) (1) (1) (01)   ;(00000001) (1) (1) (01)   ;(00000001) (1) (1) (01)   ;(00000001) (1) (1) (01)   ;(00000001) (1) (1) (01)   ;(00000001) (1) (1) (01)   ;
;3224;(00000001) (1) (1) (01)    ;(00000001) (1) (1) (01)   ;(00000010) (2) (2) (02)   ;(00000010) (2) (2) (02)   ;(00000010) (2) (2) (02)   ;(00000010) (2) (2) (02)   ;(00000010) (2) (2) (02)   ;(00000010) (2) (2) (02)   ;
;3232;(00000010) (2) (2) (02)    ;(00000010) (2) (2) (02)   ;(00000010) (2) (2) (02)   ;(00000010) (2) (2) (02)   ;(00000010) (2) (2) (02)   ;(00000010) (2) (2) (02)   ;(00000010) (2) (2) (02)   ;(00000010) (2) (2) (02)   ;
;3240;(00000010) (2) (2) (02)    ;(00000010) (2) (2) (02)   ;(00000010) (2) (2) (02)   ;(00000010) (2) (2) (02)   ;(00000010) (2) (2) (02)   ;(00000010) (2) (2) (02)   ;(00000010) (2) (2) (02)   ;(00000010) (2) (2) (02)   ;
;3248;(00000010) (2) (2) (02)    ;(00000010) (2) (2) (02)   ;(00000010) (2) (2) (02)   ;(00000010) (2) (2) (02)   ;(00000010) (2) (2) (02)   ;(00000010) (2) (2) (02)   ;(00000010) (2) (2) (02)   ;(00000010) (2) (2) (02)   ;
;3256;(00000010) (2) (2) (02)    ;(00000010) (2) (2) (02)   ;(00000010) (2) (2) (02)   ;(00000010) (2) (2) (02)   ;(00000010) (2) (2) (02)   ;(00000010) (2) (2) (02)   ;(00000010) (2) (2) (02)   ;(00000010) (2) (2) (02)   ;
;3264;(00000010) (2) (2) (02)    ;(00000011) (3) (3) (03)   ;(00000011) (3) (3) (03)   ;(00000011) (3) (3) (03)   ;(00000011) (3) (3) (03)   ;(00000011) (3) (3) (03)   ;(00000011) (3) (3) (03)   ;(00000011) (3) (3) (03)   ;
;3272;(00000011) (3) (3) (03)    ;(00000011) (3) (3) (03)   ;(00000011) (3) (3) (03)   ;(00000011) (3) (3) (03)   ;(00000011) (3) (3) (03)   ;(00000011) (3) (3) (03)   ;(00000011) (3) (3) (03)   ;(00000011) (3) (3) (03)   ;
;3280;(00000011) (3) (3) (03)    ;(00000011) (3) (3) (03)   ;(00000011) (3) (3) (03)   ;(00000011) (3) (3) (03)   ;(00000011) (3) (3) (03)   ;(00000011) (3) (3) (03)   ;(00000011) (3) (3) (03)   ;(00000011) (3) (3) (03)   ;
;3288;(00000011) (3) (3) (03)    ;(00000011) (3) (3) (03)   ;(00000011) (3) (3) (03)   ;(00000011) (3) (3) (03)   ;(00000011) (3) (3) (03)   ;(00000011) (3) (3) (03)   ;(00000011) (3) (3) (03)   ;(00000011) (3) (3) (03)   ;
;3296;(00000011) (3) (3) (03)    ;(00000100) (4) (4) (04)   ;(00000100) (4) (4) (04)   ;(00000100) (4) (4) (04)   ;(00000100) (4) (4) (04)   ;(00000100) (4) (4) (04)   ;(00000100) (4) (4) (04)   ;(00000100) (4) (4) (04)   ;
;3304;(00000100) (4) (4) (04)    ;(00000100) (4) (4) (04)   ;(00000100) (4) (4) (04)   ;(00000100) (4) (4) (04)   ;(00000100) (4) (4) (04)   ;(00000100) (4) (4) (04)   ;(00000100) (4) (4) (04)   ;(00000100) (4) (4) (04)   ;
;3312;(00000100) (4) (4) (04)    ;(00000100) (4) (4) (04)   ;(00000100) (4) (4) (04)   ;(00000100) (4) (4) (04)   ;(00000100) (4) (4) (04)   ;(00000100) (4) (4) (04)   ;(00000100) (4) (4) (04)   ;(00000100) (4) (4) (04)   ;
;3320;(00000100) (4) (4) (04)    ;(00000100) (4) (4) (04)   ;(00000100) (4) (4) (04)   ;(00000100) (4) (4) (04)   ;(00000100) (4) (4) (04)   ;(00000100) (4) (4) (04)   ;(00000101) (5) (5) (05)   ;(00000101) (5) (5) (05)   ;
;3328;(00000101) (5) (5) (05)    ;(00000101) (5) (5) (05)   ;(00000101) (5) (5) (05)   ;(00000101) (5) (5) (05)   ;(00000101) (5) (5) (05)   ;(00000101) (5) (5) (05)   ;(00000101) (5) (5) (05)   ;(00000101) (5) (5) (05)   ;
;3336;(00000101) (5) (5) (05)    ;(00000101) (5) (5) (05)   ;(00000101) (5) (5) (05)   ;(00000101) (5) (5) (05)   ;(00000101) (5) (5) (05)   ;(00000101) (5) (5) (05)   ;(00000101) (5) (5) (05)   ;(00000101) (5) (5) (05)   ;
;3344;(00000101) (5) (5) (05)    ;(00000101) (5) (5) (05)   ;(00000101) (5) (5) (05)   ;(00000101) (5) (5) (05)   ;(00000101) (5) (5) (05)   ;(00000101) (5) (5) (05)   ;(00000101) (5) (5) (05)   ;(00000101) (5) (5) (05)   ;
;3352;(00000110) (6) (6) (06)    ;(00000110) (6) (6) (06)   ;(00000110) (6) (6) (06)   ;(00000110) (6) (6) (06)   ;(00000110) (6) (6) (06)   ;(00000110) (6) (6) (06)   ;(00000110) (6) (6) (06)   ;(00000110) (6) (6) (06)   ;
;3360;(00000110) (6) (6) (06)    ;(00000110) (6) (6) (06)   ;(00000110) (6) (6) (06)   ;(00000110) (6) (6) (06)   ;(00000110) (6) (6) (06)   ;(00000110) (6) (6) (06)   ;(00000110) (6) (6) (06)   ;(00000110) (6) (6) (06)   ;
;3368;(00000110) (6) (6) (06)    ;(00000110) (6) (6) (06)   ;(00000110) (6) (6) (06)   ;(00000110) (6) (6) (06)   ;(00000110) (6) (6) (06)   ;(00000110) (6) (6) (06)   ;(00000110) (6) (6) (06)   ;(00000111) (7) (7) (07)   ;
;3376;(00000111) (7) (7) (07)    ;(00000111) (7) (7) (07)   ;(00000111) (7) (7) (07)   ;(00000111) (7) (7) (07)   ;(00000111) (7) (7) (07)   ;(00000111) (7) (7) (07)   ;(00000111) (7) (7) (07)   ;(00000111) (7) (7) (07)   ;
;3384;(00000111) (7) (7) (07)    ;(00000111) (7) (7) (07)   ;(00000111) (7) (7) (07)   ;(00000111) (7) (7) (07)   ;(00000111) (7) (7) (07)   ;(00000111) (7) (7) (07)   ;(00000111) (7) (7) (07)   ;(00000111) (7) (7) (07)   ;
;3392;(00000111) (7) (7) (07)    ;(00000111) (7) (7) (07)   ;(00000111) (7) (7) (07)   ;(00000111) (7) (7) (07)   ;(00000111) (7) (7) (07)   ;(00001000) (10) (8) (08)   ;(00001000) (10) (8) (08)   ;(00001000) (10) (8) (08)   ;
;3400;(00001000) (10) (8) (08)    ;(00001000) (10) (8) (08)   ;(00001000) (10) (8) (08)   ;(00001000) (10) (8) (08)   ;(00001000) (10) (8) (08)   ;(00001000) (10) (8) (08)   ;(00001000) (10) (8) (08)   ;(00001000) (10) (8) (08)   ;
;3408;(00001000) (10) (8) (08)    ;(00001000) (10) (8) (08)   ;(00001000) (10) (8) (08)   ;(00001000) (10) (8) (08)   ;(00001000) (10) (8) (08)   ;(00001000) (10) (8) (08)   ;(00001000) (10) (8) (08)   ;(00001000) (10) (8) (08)   ;
;3416;(00001000) (10) (8) (08)    ;(00001000) (10) (8) (08)   ;(00001001) (11) (9) (09)   ;(00001001) (11) (9) (09)   ;(00001001) (11) (9) (09)   ;(00001001) (11) (9) (09)   ;(00001001) (11) (9) (09)   ;(00001001) (11) (9) (09)   ;
;3424;(00001001) (11) (9) (09)    ;(00001001) (11) (9) (09)   ;(00001001) (11) (9) (09)   ;(00001001) (11) (9) (09)   ;(00001001) (11) (9) (09)   ;(00001001) (11) (9) (09)   ;(00001001) (11) (9) (09)   ;(00001001) (11) (9) (09)   ;
;3432;(00001001) (11) (9) (09)    ;(00001001) (11) (9) (09)   ;(00001001) (11) (9) (09)   ;(00001001) (11) (9) (09)   ;(00001001) (11) (9) (09)   ;(00001001) (11) (9) (09)   ;(00001010) (12) (10) (0A)   ;(00001010) (12) (10) (0A)   ;
;3440;(00001010) (12) (10) (0A)    ;(00001010) (12) (10) (0A)   ;(00001010) (12) (10) (0A)   ;(00001010) (12) (10) (0A)   ;(00001010) (12) (10) (0A)   ;(00001010) (12) (10) (0A)   ;(00001010) (12) (10) (0A)   ;(00001010) (12) (10) (0A)   ;
;3448;(00001010) (12) (10) (0A)    ;(00001010) (12) (10) (0A)   ;(00001010) (12) (10) (0A)   ;(00001010) (12) (10) (0A)   ;(00001010) (12) (10) (0A)   ;(00001010) (12) (10) (0A)   ;(00001010) (12) (10) (0A)   ;(00001010) (12) (10) (0A)   ;
;3456;(00001010) (12) (10) (0A)    ;(00001011) (13) (11) (0B)   ;(00001011) (13) (11) (0B)   ;(00001011) (13) (11) (0B)   ;(00001011) (13) (11) (0B)   ;(00001011) (13) (11) (0B)   ;(00001011) (13) (11) (0B)   ;(00001011) (13) (11) (0B)   ;
;3464;(00001011) (13) (11) (0B)    ;(00001011) (13) (11) (0B)   ;(00001011) (13) (11) (0B)   ;(00001011) (13) (11) (0B)   ;(00001011) (13) (11) (0B)   ;(00001011) (13) (11) (0B)   ;(00001011) (13) (11) (0B)   ;(00001011) (13) (11) (0B)   ;
;3472;(00001011) (13) (11) (0B)    ;(00001011) (13) (11) (0B)   ;(00001011) (13) (11) (0B)   ;(00001100) (14) (12) (0C)   ;(00001100) (14) (12) (0C)   ;(00001100) (14) (12) (0C)   ;(00001100) (14) (12) (0C)   ;(00001100) (14) (12) (0C)   ;
;3480;(00001100) (14) (12) (0C)    ;(00001100) (14) (12) (0C)   ;(00001100) (14) (12) (0C)   ;(00001100) (14) (12) (0C)   ;(00001100) (14) (12) (0C)   ;(00001100) (14) (12) (0C)   ;(00001100) (14) (12) (0C)   ;(00001100) (14) (12) (0C)   ;
;3488;(00001100) (14) (12) (0C)    ;(00001100) (14) (12) (0C)   ;(00001100) (14) (12) (0C)   ;(00001100) (14) (12) (0C)   ;(00001101) (15) (13) (0D)   ;(00001101) (15) (13) (0D)   ;(00001101) (15) (13) (0D)   ;(00001101) (15) (13) (0D)   ;
;3496;(00001101) (15) (13) (0D)    ;(00001101) (15) (13) (0D)   ;(00001101) (15) (13) (0D)   ;(00001101) (15) (13) (0D)   ;(00001101) (15) (13) (0D)   ;(00001101) (15) (13) (0D)   ;(00001101) (15) (13) (0D)   ;(00001101) (15) (13) (0D)   ;
;3504;(00001101) (15) (13) (0D)    ;(00001101) (15) (13) (0D)   ;(00001101) (15) (13) (0D)   ;(00001101) (15) (13) (0D)   ;(00001101) (15) (13) (0D)   ;(00001110) (16) (14) (0E)   ;(00001110) (16) (14) (0E)   ;(00001110) (16) (14) (0E)   ;
;3512;(00001110) (16) (14) (0E)    ;(00001110) (16) (14) (0E)   ;(00001110) (16) (14) (0E)   ;(00001110) (16) (14) (0E)   ;(00001110) (16) (14) (0E)   ;(00001110) (16) (14) (0E)   ;(00001110) (16) (14) (0E)   ;(00001110) (16) (14) (0E)   ;
;3520;(00001110) (16) (14) (0E)    ;(00001110) (16) (14) (0E)   ;(00001110) (16) (14) (0E)   ;(00001110) (16) (14) (0E)   ;(00001110) (16) (14) (0E)   ;(00001111) (17) (15) (0F)   ;(00001111) (17) (15) (0F)   ;(00001111) (17) (15) (0F)   ;
;3528;(00001111) (17) (15) (0F)    ;(00001111) (17) (15) (0F)   ;(00001111) (17) (15) (0F)   ;(00001111) (17) (15) (0F)   ;(00001111) (17) (15) (0F)   ;(00001111) (17) (15) (0F)   ;(00001111) (17) (15) (0F)   ;(00001111) (17) (15) (0F)   ;
;3536;(00001111) (17) (15) (0F)    ;(00001111) (17) (15) (0F)   ;(00001111) (17) (15) (0F)   ;(00001111) (17) (15) (0F)   ;(00001111) (17) (15) (0F)   ;(00010000) (20) (16) (10)   ;(00010000) (20) (16) (10)   ;(00010000) (20) (16) (10)   ;
;3544;(00010000) (20) (16) (10)    ;(00010000) (20) (16) (10)   ;(00010000) (20) (16) (10)   ;(00010000) (20) (16) (10)   ;(00010000) (20) (16) (10)   ;(00010000) (20) (16) (10)   ;(00010000) (20) (16) (10)   ;(00010000) (20) (16) (10)   ;
;3552;(00010000) (20) (16) (10)    ;(00010000) (20) (16) (10)   ;(00010000) (20) (16) (10)   ;(00010000) (20) (16) (10)   ;(00010001) (21) (17) (11)   ;(00010001) (21) (17) (11)   ;(00010001) (21) (17) (11)   ;(00010001) (21) (17) (11)   ;
;3560;(00010001) (21) (17) (11)    ;(00010001) (21) (17) (11)   ;(00010001) (21) (17) (11)   ;(00010001) (21) (17) (11)   ;(00010001) (21) (17) (11)   ;(00010001) (21) (17) (11)   ;(00010001) (21) (17) (11)   ;(00010001) (21) (17) (11)   ;
;3568;(00010001) (21) (17) (11)    ;(00010001) (21) (17) (11)   ;(00010001) (21) (17) (11)   ;(00010010) (22) (18) (12)   ;(00010010) (22) (18) (12)   ;(00010010) (22) (18) (12)   ;(00010010) (22) (18) (12)   ;(00010010) (22) (18) (12)   ;
;3576;(00010010) (22) (18) (12)    ;(00010010) (22) (18) (12)   ;(00010010) (22) (18) (12)   ;(00010010) (22) (18) (12)   ;(00010010) (22) (18) (12)   ;(00010010) (22) (18) (12)   ;(00010010) (22) (18) (12)   ;(00010010) (22) (18) (12)   ;
;3584;(00010010) (22) (18) (12)    ;(00010010) (22) (18) (12)   ;(00010011) (23) (19) (13)   ;(00010011) (23) (19) (13)   ;(00010011) (23) (19) (13)   ;(00010011) (23) (19) (13)   ;(00010011) (23) (19) (13)   ;(00010011) (23) (19) (13)   ;
;3592;(00010011) (23) (19) (13)    ;(00010011) (23) (19) (13)   ;(00010011) (23) (19) (13)   ;(00010011) (23) (19) (13)   ;(00010011) (23) (19) (13)   ;(00010011) (23) (19) (13)   ;(00010011) (23) (19) (13)   ;(00010011) (23) (19) (13)   ;
;3600;(00010100) (24) (20) (14)    ;(00010100) (24) (20) (14)   ;(00010100) (24) (20) (14)   ;(00010100) (24) (20) (14)   ;(00010100) (24) (20) (14)   ;(00010100) (24) (20) (14)   ;(00010100) (24) (20) (14)   ;(00010100) (24) (20) (14)   ;
;3608;(00010100) (24) (20) (14)    ;(00010100) (24) (20) (14)   ;(00010100) (24) (20) (14)   ;(00010100) (24) (20) (14)   ;(00010100) (24) (20) (14)   ;(00010100) (24) (20) (14)   ;(00010101) (25) (21) (15)   ;(00010101) (25) (21) (15)   ;
;3616;(00010101) (25) (21) (15)    ;(00010101) (25) (21) (15)   ;(00010101) (25) (21) (15)   ;(00010101) (25) (21) (15)   ;(00010101) (25) (21) (15)   ;(00010101) (25) (21) (15)   ;(00010101) (25) (21) (15)   ;(00010101) (25) (21) (15)   ;
;3624;(00010101) (25) (21) (15)    ;(00010101) (25) (21) (15)   ;(00010101) (25) (21) (15)   ;(00010101) (25) (21) (15)   ;(00010110) (26) (22) (16)   ;(00010110) (26) (22) (16)   ;(00010110) (26) (22) (16)   ;(00010110) (26) (22) (16)   ;
;3632;(00010110) (26) (22) (16)    ;(00010110) (26) (22) (16)   ;(00010110) (26) (22) (16)   ;(00010110) (26) (22) (16)   ;(00010110) (26) (22) (16)   ;(00010110) (26) (22) (16)   ;(00010110) (26) (22) (16)   ;(00010110) (26) (22) (16)   ;
;3640;(00010110) (26) (22) (16)    ;(00010111) (27) (23) (17)   ;(00010111) (27) (23) (17)   ;(00010111) (27) (23) (17)   ;(00010111) (27) (23) (17)   ;(00010111) (27) (23) (17)   ;(00010111) (27) (23) (17)   ;(00010111) (27) (23) (17)   ;
;3648;(00010111) (27) (23) (17)    ;(00010111) (27) (23) (17)   ;(00010111) (27) (23) (17)   ;(00010111) (27) (23) (17)   ;(00010111) (27) (23) (17)   ;(00010111) (27) (23) (17)   ;(00011000) (30) (24) (18)   ;(00011000) (30) (24) (18)   ;
;3656;(00011000) (30) (24) (18)    ;(00011000) (30) (24) (18)   ;(00011000) (30) (24) (18)   ;(00011000) (30) (24) (18)   ;(00011000) (30) (24) (18)   ;(00011000) (30) (24) (18)   ;(00011000) (30) (24) (18)   ;(00011000) (30) (24) (18)   ;
;3664;(00011000) (30) (24) (18)    ;(00011000) (30) (24) (18)   ;(00011000) (30) (24) (18)   ;(00011001) (31) (25) (19)   ;(00011001) (31) (25) (19)   ;(00011001) (31) (25) (19)   ;(00011001) (31) (25) (19)   ;(00011001) (31) (25) (19)   ;
;3672;(00011001) (31) (25) (19)    ;(00011001) (31) (25) (19)   ;(00011001) (31) (25) (19)   ;(00011001) (31) (25) (19)   ;(00011001) (31) (25) (19)   ;(00011001) (31) (25) (19)   ;(00011001) (31) (25) (19)   ;(00011001) (31) (25) (19)   ;
;3680;(00011010) (32) (26) (1A)    ;(00011010) (32) (26) (1A)   ;(00011010) (32) (26) (1A)   ;(00011010) (32) (26) (1A)   ;(00011010) (32) (26) (1A)   ;(00011010) (32) (26) (1A)   ;(00011010) (32) (26) (1A)   ;(00011010) (32) (26) (1A)   ;
;3688;(00011010) (32) (26) (1A)    ;(00011010) (32) (26) (1A)   ;(00011010) (32) (26) (1A)   ;(00011010) (32) (26) (1A)   ;(00011010) (32) (26) (1A)   ;(00011011) (33) (27) (1B)   ;(00011011) (33) (27) (1B)   ;(00011011) (33) (27) (1B)   ;
;3696;(00011011) (33) (27) (1B)    ;(00011011) (33) (27) (1B)   ;(00011011) (33) (27) (1B)   ;(00011011) (33) (27) (1B)   ;(00011011) (33) (27) (1B)   ;(00011011) (33) (27) (1B)   ;(00011011) (33) (27) (1B)   ;(00011011) (33) (27) (1B)   ;
;3704;(00011011) (33) (27) (1B)    ;(00011100) (34) (28) (1C)   ;(00011100) (34) (28) (1C)   ;(00011100) (34) (28) (1C)   ;(00011100) (34) (28) (1C)   ;(00011100) (34) (28) (1C)   ;(00011100) (34) (28) (1C)   ;(00011100) (34) (28) (1C)   ;
;3712;(00011100) (34) (28) (1C)    ;(00011100) (34) (28) (1C)   ;(00011100) (34) (28) (1C)   ;(00011100) (34) (28) (1C)   ;(00011100) (34) (28) (1C)   ;(00011100) (34) (28) (1C)   ;(00011101) (35) (29) (1D)   ;(00011101) (35) (29) (1D)   ;
;3720;(00011101) (35) (29) (1D)    ;(00011101) (35) (29) (1D)   ;(00011101) (35) (29) (1D)   ;(00011101) (35) (29) (1D)   ;(00011101) (35) (29) (1D)   ;(00011101) (35) (29) (1D)   ;(00011101) (35) (29) (1D)   ;(00011101) (35) (29) (1D)   ;
;3728;(00011101) (35) (29) (1D)    ;(00011101) (35) (29) (1D)   ;(00011110) (36) (30) (1E)   ;(00011110) (36) (30) (1E)   ;(00011110) (36) (30) (1E)   ;(00011110) (36) (30) (1E)   ;(00011110) (36) (30) (1E)   ;(00011110) (36) (30) (1E)   ;
;3736;(00011110) (36) (30) (1E)    ;(00011110) (36) (30) (1E)   ;(00011110) (36) (30) (1E)   ;(00011110) (36) (30) (1E)   ;(00011110) (36) (30) (1E)   ;(00011110) (36) (30) (1E)   ;(00011111) (37) (31) (1F)   ;(00011111) (37) (31) (1F)   ;
;3744;(00011111) (37) (31) (1F)    ;(00011111) (37) (31) (1F)   ;(00011111) (37) (31) (1F)   ;(00011111) (37) (31) (1F)   ;(00011111) (37) (31) (1F)   ;(00011111) (37) (31) (1F)   ;(00011111) (37) (31) (1F)   ;(00011111) (37) (31) (1F)   ;
;3752;(00011111) (37) (31) (1F)    ;(00011111) (37) (31) (1F)   ;(00100000) (40) (32) (20)   ;(00100000) (40) (32) (20)   ;(00100000) (40) (32) (20)   ;(00100000) (40) (32) (20)   ;(00100000) (40) (32) (20)   ;(00100000) (40) (32) (20)   ;
;3760;(00100000) (40) (32) (20)    ;(00100000) (40) (32) (20)   ;(00100000) (40) (32) (20)   ;(00100000) (40) (32) (20)   ;(00100000) (40) (32) (20)   ;(00100001) (41) (33) (21)   ;(00100001) (41) (33) (21)   ;(00100001) (41) (33) (21)   ;
;3768;(00100001) (41) (33) (21)    ;(00100001) (41) (33) (21)   ;(00100001) (41) (33) (21)   ;(00100001) (41) (33) (21)   ;(00100001) (41) (33) (21)   ;(00100001) (41) (33) (21)   ;(00100001) (41) (33) (21)   ;(00100001) (41) (33) (21)   ;
;3776;(00100001) (41) (33) (21)    ;(00100010) (42) (34) (22)   ;(00100010) (42) (34) (22)   ;(00100010) (42) (34) (22)   ;(00100010) (42) (34) (22)   ;(00100010) (42) (34) (22)   ;(00100010) (42) (34) (22)   ;(00100010) (42) (34) (22)   ;
;3784;(00100010) (42) (34) (22)    ;(00100010) (42) (34) (22)   ;(00100010) (42) (34) (22)   ;(00100010) (42) (34) (22)   ;(00100010) (42) (34) (22)   ;(00100011) (43) (35) (23)   ;(00100011) (43) (35) (23)   ;(00100011) (43) (35) (23)   ;
;3792;(00100011) (43) (35) (23)    ;(00100011) (43) (35) (23)   ;(00100011) (43) (35) (23)   ;(00100011) (43) (35) (23)   ;(00100011) (43) (35) (23)   ;(00100011) (43) (35) (23)   ;(00100011) (43) (35) (23)   ;(00100011) (43) (35) (23)   ;
;3800;(00100100) (44) (36) (24)    ;(00100100) (44) (36) (24)   ;(00100100) (44) (36) (24)   ;(00100100) (44) (36) (24)   ;(00100100) (44) (36) (24)   ;(00100100) (44) (36) (24)   ;(00100100) (44) (36) (24)   ;(00100100) (44) (36) (24)   ;
;3808;(00100100) (44) (36) (24)    ;(00100100) (44) (36) (24)   ;(00100100) (44) (36) (24)   ;(00100101) (45) (37) (25)   ;(00100101) (45) (37) (25)   ;(00100101) (45) (37) (25)   ;(00100101) (45) (37) (25)   ;(00100101) (45) (37) (25)   ;
;3816;(00100101) (45) (37) (25)    ;(00100101) (45) (37) (25)   ;(00100101) (45) (37) (25)   ;(00100101) (45) (37) (25)   ;(00100101) (45) (37) (25)   ;(00100101) (45) (37) (25)   ;(00100101) (45) (37) (25)   ;(00100110) (46) (38) (26)   ;
;3824;(00100110) (46) (38) (26)    ;(00100110) (46) (38) (26)   ;(00100110) (46) (38) (26)   ;(00100110) (46) (38) (26)   ;(00100110) (46) (38) (26)   ;(00100110) (46) (38) (26)   ;(00100110) (46) (38) (26)   ;(00100110) (46) (38) (26)   ;
;3832;(00100110) (46) (38) (26)    ;(00100110) (46) (38) (26)   ;(00100111) (47) (39) (27)   ;(00100111) (47) (39) (27)   ;(00100111) (47) (39) (27)   ;(00100111) (47) (39) (27)   ;(00100111) (47) (39) (27)   ;(00100111) (47) (39) (27)   ;
;3840;(00100111) (47) (39) (27)    ;(00100111) (47) (39) (27)   ;(00100111) (47) (39) (27)   ;(00100111) (47) (39) (27)   ;(00100111) (47) (39) (27)   ;(00101000) (50) (40) (28)   ;(00101000) (50) (40) (28)   ;(00101000) (50) (40) (28)   ;
;3848;(00101000) (50) (40) (28)    ;(00101000) (50) (40) (28)   ;(00101000) (50) (40) (28)   ;(00101000) (50) (40) (28)   ;(00101000) (50) (40) (28)   ;(00101000) (50) (40) (28)   ;(00101000) (50) (40) (28)   ;(00101000) (50) (40) (28)   ;
;3856;(00101001) (51) (41) (29)    ;(00101001) (51) (41) (29)   ;(00101001) (51) (41) (29)   ;(00101001) (51) (41) (29)   ;(00101001) (51) (41) (29)   ;(00101001) (51) (41) (29)   ;(00101001) (51) (41) (29)   ;(00101001) (51) (41) (29)   ;
;3864;(00101001) (51) (41) (29)    ;(00101001) (51) (41) (29)   ;(00101001) (51) (41) (29)   ;(00101010) (52) (42) (2A)   ;(00101010) (52) (42) (2A)   ;(00101010) (52) (42) (2A)   ;(00101010) (52) (42) (2A)   ;(00101010) (52) (42) (2A)   ;
;3872;(00101010) (52) (42) (2A)    ;(00101010) (52) (42) (2A)   ;(00101010) (52) (42) (2A)   ;(00101010) (52) (42) (2A)   ;(00101010) (52) (42) (2A)   ;(00101010) (52) (42) (2A)   ;(00101011) (53) (43) (2B)   ;(00101011) (53) (43) (2B)   ;
;3880;(00101011) (53) (43) (2B)    ;(00101011) (53) (43) (2B)   ;(00101011) (53) (43) (2B)   ;(00101011) (53) (43) (2B)   ;(00101011) (53) (43) (2B)   ;(00101011) (53) (43) (2B)   ;(00101011) (53) (43) (2B)   ;(00101011) (53) (43) (2B)   ;
;3888;(00101100) (54) (44) (2C)    ;(00101100) (54) (44) (2C)   ;(00101100) (54) (44) (2C)   ;(00101100) (54) (44) (2C)   ;(00101100) (54) (44) (2C)   ;(00101100) (54) (44) (2C)   ;(00101100) (54) (44) (2C)   ;(00101100) (54) (44) (2C)   ;
;3896;(00101100) (54) (44) (2C)    ;(00101100) (54) (44) (2C)   ;(00101100) (54) (44) (2C)   ;(00101101) (55) (45) (2D)   ;(00101101) (55) (45) (2D)   ;(00101101) (55) (45) (2D)   ;(00101101) (55) (45) (2D)   ;(00101101) (55) (45) (2D)   ;
;3904;(00101101) (55) (45) (2D)    ;(00101101) (55) (45) (2D)   ;(00101101) (55) (45) (2D)   ;(00101101) (55) (45) (2D)   ;(00101101) (55) (45) (2D)   ;(00101101) (55) (45) (2D)   ;(00101110) (56) (46) (2E)   ;(00101110) (56) (46) (2E)   ;
;3912;(00101110) (56) (46) (2E)    ;(00101110) (56) (46) (2E)   ;(00101110) (56) (46) (2E)   ;(00101110) (56) (46) (2E)   ;(00101110) (56) (46) (2E)   ;(00101110) (56) (46) (2E)   ;(00101110) (56) (46) (2E)   ;(00101110) (56) (46) (2E)   ;
;3920;(00101110) (56) (46) (2E)    ;(00101111) (57) (47) (2F)   ;(00101111) (57) (47) (2F)   ;(00101111) (57) (47) (2F)   ;(00101111) (57) (47) (2F)   ;(00101111) (57) (47) (2F)   ;(00101111) (57) (47) (2F)   ;(00101111) (57) (47) (2F)   ;
;3928;(00101111) (57) (47) (2F)    ;(00101111) (57) (47) (2F)   ;(00101111) (57) (47) (2F)   ;(00110000) (60) (48) (30)   ;(00110000) (60) (48) (30)   ;(00110000) (60) (48) (30)   ;(00110000) (60) (48) (30)   ;(00110000) (60) (48) (30)   ;
;3936;(00110000) (60) (48) (30)    ;(00110000) (60) (48) (30)   ;(00110000) (60) (48) (30)   ;(00110000) (60) (48) (30)   ;(00110000) (60) (48) (30)   ;(00110000) (60) (48) (30)   ;(00110001) (61) (49) (31)   ;(00110001) (61) (49) (31)   ;
;3944;(00110001) (61) (49) (31)    ;(00110001) (61) (49) (31)   ;(00110001) (61) (49) (31)   ;(00110001) (61) (49) (31)   ;(00110001) (61) (49) (31)   ;(00110001) (61) (49) (31)   ;(00110001) (61) (49) (31)   ;(00110001) (61) (49) (31)   ;
;3952;(00110010) (62) (50) (32)    ;(00110010) (62) (50) (32)   ;(00110010) (62) (50) (32)   ;(00110010) (62) (50) (32)   ;(00110010) (62) (50) (32)   ;(00110010) (62) (50) (32)   ;(00110010) (62) (50) (32)   ;(00110010) (62) (50) (32)   ;
;3960;(00110010) (62) (50) (32)    ;(00110010) (62) (50) (32)   ;(00110010) (62) (50) (32)   ;(00110011) (63) (51) (33)   ;(00110011) (63) (51) (33)   ;(00110011) (63) (51) (33)   ;(00110011) (63) (51) (33)   ;(00110011) (63) (51) (33)   ;
;3968;(00110011) (63) (51) (33)    ;(00110011) (63) (51) (33)   ;(00110011) (63) (51) (33)   ;(00110011) (63) (51) (33)   ;(00110011) (63) (51) (33)   ;(00110100) (64) (52) (34)   ;(00110100) (64) (52) (34)   ;(00110100) (64) (52) (34)   ;
;3976;(00110100) (64) (52) (34)    ;(00110100) (64) (52) (34)   ;(00110100) (64) (52) (34)   ;(00110100) (64) (52) (34)   ;(00110100) (64) (52) (34)   ;(00110100) (64) (52) (34)   ;(00110100) (64) (52) (34)   ;(00110101) (65) (53) (35)   ;
;3984;(00110101) (65) (53) (35)    ;(00110101) (65) (53) (35)   ;(00110101) (65) (53) (35)   ;(00110101) (65) (53) (35)   ;(00110101) (65) (53) (35)   ;(00110101) (65) (53) (35)   ;(00110101) (65) (53) (35)   ;(00110101) (65) (53) (35)   ;
;3992;(00110101) (65) (53) (35)    ;(00110101) (65) (53) (35)   ;(00110110) (66) (54) (36)   ;(00110110) (66) (54) (36)   ;(00110110) (66) (54) (36)   ;(00110110) (66) (54) (36)   ;(00110110) (66) (54) (36)   ;(00110110) (66) (54) (36)   ;
;4000;(00110110) (66) (54) (36)    ;(00110110) (66) (54) (36)   ;(00110110) (66) (54) (36)   ;(00110110) (66) (54) (36)   ;(00110111) (67) (55) (37)   ;(00110111) (67) (55) (37)   ;(00110111) (67) (55) (37)   ;(00110111) (67) (55) (37)   ;
;4008;(00110111) (67) (55) (37)    ;(00110111) (67) (55) (37)   ;(00110111) (67) (55) (37)   ;(00110111) (67) (55) (37)   ;(00110111) (67) (55) (37)   ;(00110111) (67) (55) (37)   ;(00111000) (70) (56) (38)   ;(00111000) (70) (56) (38)   ;
;4016;(00111000) (70) (56) (38)    ;(00111000) (70) (56) (38)   ;(00111000) (70) (56) (38)   ;(00111000) (70) (56) (38)   ;(00111000) (70) (56) (38)   ;(00111000) (70) (56) (38)   ;(00111000) (70) (56) (38)   ;(00111000) (70) (56) (38)   ;
;4024;(00111000) (70) (56) (38)    ;(00111001) (71) (57) (39)   ;(00111001) (71) (57) (39)   ;(00111001) (71) (57) (39)   ;(00111001) (71) (57) (39)   ;(00111001) (71) (57) (39)   ;(00111001) (71) (57) (39)   ;(00111001) (71) (57) (39)   ;
;4032;(00111001) (71) (57) (39)    ;(00111001) (71) (57) (39)   ;(00111001) (71) (57) (39)   ;(00111010) (72) (58) (3A)   ;(00111010) (72) (58) (3A)   ;(00111010) (72) (58) (3A)   ;(00111010) (72) (58) (3A)   ;(00111010) (72) (58) (3A)   ;
;4040;(00111010) (72) (58) (3A)    ;(00111010) (72) (58) (3A)   ;(00111010) (72) (58) (3A)   ;(00111010) (72) (58) (3A)   ;(00111010) (72) (58) (3A)   ;(00111011) (73) (59) (3B)   ;(00111011) (73) (59) (3B)   ;(00111011) (73) (59) (3B)   ;
;4048;(00111011) (73) (59) (3B)    ;(00111011) (73) (59) (3B)   ;(00111011) (73) (59) (3B)   ;(00111011) (73) (59) (3B)   ;(00111011) (73) (59) (3B)   ;(00111011) (73) (59) (3B)   ;(00111011) (73) (59) (3B)   ;(00111011) (73) (59) (3B)   ;
;4056;(00111100) (74) (60) (3C)    ;(00111100) (74) (60) (3C)   ;(00111100) (74) (60) (3C)   ;(00111100) (74) (60) (3C)   ;(00111100) (74) (60) (3C)   ;(00111100) (74) (60) (3C)   ;(00111100) (74) (60) (3C)   ;(00111100) (74) (60) (3C)   ;
;4064;(00111100) (74) (60) (3C)    ;(00111100) (74) (60) (3C)   ;(00111101) (75) (61) (3D)   ;(00111101) (75) (61) (3D)   ;(00111101) (75) (61) (3D)   ;(00111101) (75) (61) (3D)   ;(00111101) (75) (61) (3D)   ;(00111101) (75) (61) (3D)   ;
;4072;(00111101) (75) (61) (3D)    ;(00111101) (75) (61) (3D)   ;(00111101) (75) (61) (3D)   ;(00111101) (75) (61) (3D)   ;(00111110) (76) (62) (3E)   ;(00111110) (76) (62) (3E)   ;(00111110) (76) (62) (3E)   ;(00111110) (76) (62) (3E)   ;
;4080;(00111110) (76) (62) (3E)    ;(00111110) (76) (62) (3E)   ;(00111110) (76) (62) (3E)   ;(00111110) (76) (62) (3E)   ;(00111110) (76) (62) (3E)   ;(00111110) (76) (62) (3E)   ;(00111111) (77) (63) (3F)   ;(00111111) (77) (63) (3F)   ;
;4088;(00111111) (77) (63) (3F)    ;(00111111) (77) (63) (3F)   ;(00111111) (77) (63) (3F)   ;(00111111) (77) (63) (3F)   ;(00111111) (77) (63) (3F)   ;(00111111) (77) (63) (3F)   ;(00111111) (77) (63) (3F)   ;(00111111) (77) (63) (3F)   ;


+------------------------------------------------+
; Routing Usage Summary                          ;
+-----------------------+------------------------+
; Routing Resource Type ; Usage                  ;
+-----------------------+------------------------+
; Block interconnects   ; 1,724 / 27,275 ( 6 % ) ;
; C16 interconnects     ; 22 / 1,240 ( 2 % )     ;
; C4 interconnects      ; 899 / 20,832 ( 4 % )   ;
; Direct links          ; 309 / 27,275 ( 1 % )   ;
; Global clocks         ; 6 / 10 ( 60 % )        ;
; Local interconnects   ; 1,123 / 8,064 ( 14 % ) ;
; R24 interconnects     ; 26 / 1,320 ( 2 % )     ;
; R4 interconnects      ; 893 / 28,560 ( 3 % )   ;
+-----------------------+------------------------+


+-----------------------------------------------------------------------------+
; LAB Logic Elements                                                          ;
+---------------------------------------------+-------------------------------+
; Number of Logic Elements  (Average = 12.59) ; Number of LABs  (Total = 138) ;
+---------------------------------------------+-------------------------------+
; 1                                           ; 5                             ;
; 2                                           ; 2                             ;
; 3                                           ; 1                             ;
; 4                                           ; 2                             ;
; 5                                           ; 4                             ;
; 6                                           ; 3                             ;
; 7                                           ; 2                             ;
; 8                                           ; 3                             ;
; 9                                           ; 4                             ;
; 10                                          ; 13                            ;
; 11                                          ; 9                             ;
; 12                                          ; 4                             ;
; 13                                          ; 2                             ;
; 14                                          ; 9                             ;
; 15                                          ; 23                            ;
; 16                                          ; 52                            ;
+---------------------------------------------+-------------------------------+


+--------------------------------------------------------------------+
; LAB-wide Signals                                                   ;
+------------------------------------+-------------------------------+
; LAB-wide Signals  (Average = 1.70) ; Number of LABs  (Total = 138) ;
+------------------------------------+-------------------------------+
; 1 Async. clear                     ; 61                            ;
; 1 Clock                            ; 92                            ;
; 1 Clock enable                     ; 39                            ;
; 1 Sync. clear                      ; 3                             ;
; 1 Sync. load                       ; 3                             ;
; 2 Async. clears                    ; 1                             ;
; 2 Clock enables                    ; 9                             ;
; 2 Clocks                           ; 26                            ;
+------------------------------------+-------------------------------+


+------------------------------------------------------------------------------+
; LAB Signals Sourced                                                          ;
+----------------------------------------------+-------------------------------+
; Number of Signals Sourced  (Average = 20.28) ; Number of LABs  (Total = 138) ;
+----------------------------------------------+-------------------------------+
; 0                                            ; 1                             ;
; 1                                            ; 2                             ;
; 2                                            ; 2                             ;
; 3                                            ; 2                             ;
; 4                                            ; 1                             ;
; 5                                            ; 2                             ;
; 6                                            ; 1                             ;
; 7                                            ; 0                             ;
; 8                                            ; 1                             ;
; 9                                            ; 1                             ;
; 10                                           ; 3                             ;
; 11                                           ; 3                             ;
; 12                                           ; 1                             ;
; 13                                           ; 2                             ;
; 14                                           ; 2                             ;
; 15                                           ; 6                             ;
; 16                                           ; 15                            ;
; 17                                           ; 9                             ;
; 18                                           ; 4                             ;
; 19                                           ; 3                             ;
; 20                                           ; 6                             ;
; 21                                           ; 6                             ;
; 22                                           ; 4                             ;
; 23                                           ; 7                             ;
; 24                                           ; 5                             ;
; 25                                           ; 9                             ;
; 26                                           ; 6                             ;
; 27                                           ; 3                             ;
; 28                                           ; 5                             ;
; 29                                           ; 8                             ;
; 30                                           ; 6                             ;
; 31                                           ; 4                             ;
; 32                                           ; 8                             ;
+----------------------------------------------+-------------------------------+


+---------------------------------------------------------------------------------+
; LAB Signals Sourced Out                                                         ;
+-------------------------------------------------+-------------------------------+
; Number of Signals Sourced Out  (Average = 5.61) ; Number of LABs  (Total = 138) ;
+-------------------------------------------------+-------------------------------+
; 0                                               ; 2                             ;
; 1                                               ; 18                            ;
; 2                                               ; 26                            ;
; 3                                               ; 19                            ;
; 4                                               ; 17                            ;
; 5                                               ; 6                             ;
; 6                                               ; 3                             ;
; 7                                               ; 8                             ;
; 8                                               ; 10                            ;
; 9                                               ; 2                             ;
; 10                                              ; 6                             ;
; 11                                              ; 3                             ;
; 12                                              ; 3                             ;
; 13                                              ; 0                             ;
; 14                                              ; 1                             ;
; 15                                              ; 1                             ;
; 16                                              ; 11                            ;
; 17                                              ; 0                             ;
; 18                                              ; 0                             ;
; 19                                              ; 0                             ;
; 20                                              ; 1                             ;
; 21                                              ; 0                             ;
; 22                                              ; 0                             ;
; 23                                              ; 1                             ;
+-------------------------------------------------+-------------------------------+


+-----------------------------------------------------------------------------+
; LAB Distinct Inputs                                                         ;
+---------------------------------------------+-------------------------------+
; Number of Distinct Inputs  (Average = 9.65) ; Number of LABs  (Total = 138) ;
+---------------------------------------------+-------------------------------+
; 0                                           ; 0                             ;
; 1                                           ; 2                             ;
; 2                                           ; 7                             ;
; 3                                           ; 21                            ;
; 4                                           ; 12                            ;
; 5                                           ; 8                             ;
; 6                                           ; 7                             ;
; 7                                           ; 5                             ;
; 8                                           ; 8                             ;
; 9                                           ; 9                             ;
; 10                                          ; 7                             ;
; 11                                          ; 6                             ;
; 12                                          ; 6                             ;
; 13                                          ; 3                             ;
; 14                                          ; 0                             ;
; 15                                          ; 5                             ;
; 16                                          ; 6                             ;
; 17                                          ; 1                             ;
; 18                                          ; 4                             ;
; 19                                          ; 1                             ;
; 20                                          ; 2                             ;
; 21                                          ; 5                             ;
; 22                                          ; 5                             ;
; 23                                          ; 1                             ;
; 24                                          ; 2                             ;
; 25                                          ; 0                             ;
; 26                                          ; 1                             ;
; 27                                          ; 0                             ;
; 28                                          ; 0                             ;
; 29                                          ; 0                             ;
; 30                                          ; 0                             ;
; 31                                          ; 1                             ;
; 32                                          ; 0                             ;
; 33                                          ; 0                             ;
; 34                                          ; 1                             ;
+---------------------------------------------+-------------------------------+


+------------------------------------------+
; I/O Rules Summary                        ;
+----------------------------------+-------+
; I/O Rules Statistic              ; Total ;
+----------------------------------+-------+
; Total I/O Rules                  ; 30    ;
; Number of I/O Rules Passed       ; 12    ;
; Number of I/O Rules Failed       ; 0     ;
; Number of I/O Rules Unchecked    ; 0     ;
; Number of I/O Rules Inapplicable ; 18    ;
+----------------------------------+-------+


+-----------------------------------------------------------------------------------------------------------------------------------------------------------------------------------------------------------------------------------------------------------------------------------------------------+
; I/O Rules Details                                                                                                                                                                                                                                                                                   ;
+--------------+-----------+-----------------------------------+------------------------------------------------------------------------------------------------------+----------+--------------------------------------------------------------------------+---------------------+-------------------+
; Status       ; ID        ; Category                          ; Rule Description                                                                                     ; Severity ; Information                                                              ; Area                ; Extra Information ;
+--------------+-----------+-----------------------------------+------------------------------------------------------------------------------------------------------+----------+--------------------------------------------------------------------------+---------------------+-------------------+
; Pass         ; IO_000001 ; Capacity Checks                   ; Number of pins in an I/O bank should not exceed the number of locations available.                   ; Critical ; 0 such failures found.                                                   ; I/O                 ;                   ;
; Inapplicable ; IO_000002 ; Capacity Checks                   ; Number of clocks in an I/O bank should not exceed the number of clocks available.                    ; Critical ; No Global Signal assignments found.                                      ; I/O                 ;                   ;
; Pass         ; IO_000003 ; Capacity Checks                   ; Number of pins in a Vrefgroup should not exceed the number of locations available.                   ; Critical ; 0 such failures found.                                                   ; I/O                 ;                   ;
; Inapplicable ; IO_000004 ; Voltage Compatibility Checks      ; The I/O bank should support the requested VCCIO.                                                     ; Critical ; No IOBANK_VCCIO assignments found.                                       ; I/O                 ;                   ;
; Inapplicable ; IO_000005 ; Voltage Compatibility Checks      ; The I/O bank should not have competing VREF values.                                                  ; Critical ; No VREF I/O Standard assignments found.                                  ; I/O                 ;                   ;
; Pass         ; IO_000006 ; Voltage Compatibility Checks      ; The I/O bank should not have competing VCCIO values.                                                 ; Critical ; 0 such failures found.                                                   ; I/O                 ;                   ;
; Pass         ; IO_000007 ; Valid Location Checks             ; Checks for unavailable locations.                                                                    ; Critical ; 0 such failures found.                                                   ; I/O                 ;                   ;
; Inapplicable ; IO_000008 ; Valid Location Checks             ; Checks for reserved locations.                                                                       ; Critical ; No reserved LogicLock region found.                                      ; I/O                 ;                   ;
; Pass         ; IO_000009 ; I/O Properties Checks for One I/O ; The location should support the requested I/O standard.                                              ; Critical ; 0 such failures found.                                                   ; I/O                 ;                   ;
; Pass         ; IO_000010 ; I/O Properties Checks for One I/O ; The location should support the requested I/O direction.                                             ; Critical ; 0 such failures found.                                                   ; I/O                 ;                   ;
; Inapplicable ; IO_000011 ; I/O Properties Checks for One I/O ; The location should support the requested Current Strength.                                          ; Critical ; No Current Strength assignments found.                                   ; I/O                 ;                   ;
; Pass         ; IO_000012 ; I/O Properties Checks for One I/O ; The location should support the requested On Chip Termination value.                                 ; Critical ; 0 such failures found.                                                   ; I/O                 ;                   ;
; Inapplicable ; IO_000013 ; I/O Properties Checks for One I/O ; The location should support the requested Bus Hold value.                                            ; Critical ; No Enable Bus-Hold Circuitry assignments found.                          ; I/O                 ;                   ;
; Inapplicable ; IO_000014 ; I/O Properties Checks for One I/O ; The location should support the requested Weak Pull Up value.                                        ; Critical ; No Weak Pull-Up Resistor assignments found.                              ; I/O                 ;                   ;
; Pass         ; IO_000015 ; I/O Properties Checks for One I/O ; The location should support the requested PCI Clamp Diode.                                           ; Critical ; 0 such failures found.                                                   ; I/O                 ;                   ;
; Inapplicable ; IO_000018 ; I/O Properties Checks for One I/O ; The I/O standard should support the requested Current Strength.                                      ; Critical ; No Current Strength assignments found.                                   ; I/O                 ;                   ;
; Pass         ; IO_000019 ; I/O Properties Checks for One I/O ; The I/O standard should support the requested On Chip Termination value.                             ; Critical ; 0 such failures found.                                                   ; I/O                 ;                   ;
; Pass         ; IO_000020 ; I/O Properties Checks for One I/O ; The I/O standard should support the requested PCI Clamp Diode.                                       ; Critical ; 0 such failures found.                                                   ; I/O                 ;                   ;
; Inapplicable ; IO_000021 ; I/O Properties Checks for One I/O ; The I/O standard should support the requested Weak Pull Up value.                                    ; Critical ; No Weak Pull-Up Resistor assignments found.                              ; I/O                 ;                   ;
; Inapplicable ; IO_000022 ; I/O Properties Checks for One I/O ; The I/O standard should support the requested Bus Hold value.                                        ; Critical ; No Enable Bus-Hold Circuitry assignments found.                          ; I/O                 ;                   ;
; Inapplicable ; IO_000023 ; I/O Properties Checks for One I/O ; The I/O standard should support the Open Drain value.                                                ; Critical ; No open drain assignments found.                                         ; I/O                 ;                   ;
; Pass         ; IO_000024 ; I/O Properties Checks for One I/O ; The I/O direction should support the On Chip Termination value.                                      ; Critical ; 0 such failures found.                                                   ; I/O                 ;                   ;
; Inapplicable ; IO_000026 ; I/O Properties Checks for One I/O ; On Chip Termination and Current Strength should not be used at the same time.                        ; Critical ; No Current Strength assignments found.                                   ; I/O                 ;                   ;
; Inapplicable ; IO_000027 ; I/O Properties Checks for One I/O ; Weak Pull Up and Bus Hold should not be used at the same time.                                       ; Critical ; No Enable Bus-Hold Circuitry or Weak Pull-Up Resistor assignments found. ; I/O                 ;                   ;
; Inapplicable ; IO_000045 ; I/O Properties Checks for One I/O ; The I/O standard should support the requested Slew Rate value.                                       ; Critical ; No Slew Rate assignments found.                                          ; I/O                 ;                   ;
; Inapplicable ; IO_000046 ; I/O Properties Checks for One I/O ; The location should support the requested Slew Rate value.                                           ; Critical ; No Slew Rate assignments found.                                          ; I/O                 ;                   ;
; Inapplicable ; IO_000047 ; I/O Properties Checks for One I/O ; On Chip Termination and Slew Rate should not be used at the same time.                               ; Critical ; No Slew Rate assignments found.                                          ; I/O                 ;                   ;
; Pass         ; IO_000033 ; Electromigration Checks           ; Current density for consecutive I/Os should not exceed 160mA for row I/Os and 160mA for column I/Os. ; Critical ; 0 such failures found.                                                   ; I/O                 ;                   ;
; Inapplicable ; IO_000034 ; SI Related Distance Checks        ; Single-ended outputs should be 5 LAB row(s) away from a differential I/O.                            ; High     ; No Differential I/O Standard assignments found.                          ; I/O                 ;                   ;
; Inapplicable ; IO_000042 ; SI Related SSO Limit Checks       ; No more than 20 outputs are allowed in a VREF group when VREF is being read from.                    ; High     ; No VREF I/O Standard assignments found.                                  ; I/O                 ;                   ;
; ----         ; ----      ; Disclaimer                        ; OCT rules are checked but not reported.                                                              ; None     ; ----                                                                     ; On Chip Termination ;                   ;
+--------------+-----------+-----------------------------------+------------------------------------------------------------------------------------------------------+----------+--------------------------------------------------------------------------+---------------------+-------------------+


+-----------------------------------------------------------------------------------------------------------------------------------------------------------------------------------------------------------------------------------------------------------------------------------------------------------------------------------------------------------------------------------------------------------------------------------------------------------------------------+
; I/O Rules Matrix                                                                                                                                                                                                                                                                                                                                                                                                                                                            ;
+-----------------------+--------------+--------------+--------------+--------------+--------------+-----------+--------------+--------------+-----------+-----------+--------------+--------------+--------------+--------------+--------------+--------------+--------------+--------------+--------------+--------------+--------------+--------------+--------------+--------------+--------------+--------------+--------------+-----------+--------------+--------------+
; Pin/Rules             ; IO_000001    ; IO_000002    ; IO_000003    ; IO_000004    ; IO_000005    ; IO_000006 ; IO_000007    ; IO_000008    ; IO_000009 ; IO_000010 ; IO_000011    ; IO_000012    ; IO_000013    ; IO_000014    ; IO_000015    ; IO_000018    ; IO_000019    ; IO_000020    ; IO_000021    ; IO_000022    ; IO_000023    ; IO_000024    ; IO_000026    ; IO_000027    ; IO_000045    ; IO_000046    ; IO_000047    ; IO_000033 ; IO_000034    ; IO_000042    ;
+-----------------------+--------------+--------------+--------------+--------------+--------------+-----------+--------------+--------------+-----------+-----------+--------------+--------------+--------------+--------------+--------------+--------------+--------------+--------------+--------------+--------------+--------------+--------------+--------------+--------------+--------------+--------------+--------------+-----------+--------------+--------------+
; Total Pass            ; 25           ; 0            ; 25           ; 0            ; 0            ; 29        ; 25           ; 0            ; 29        ; 29        ; 0            ; 20           ; 0            ; 0            ; 5            ; 0            ; 20           ; 5            ; 0            ; 0            ; 0            ; 20           ; 0            ; 0            ; 0            ; 0            ; 0            ; 29        ; 0            ; 0            ;
; Total Unchecked       ; 0            ; 0            ; 0            ; 0            ; 0            ; 0         ; 0            ; 0            ; 0         ; 0         ; 0            ; 0            ; 0            ; 0            ; 0            ; 0            ; 0            ; 0            ; 0            ; 0            ; 0            ; 0            ; 0            ; 0            ; 0            ; 0            ; 0            ; 0         ; 0            ; 0            ;
; Total Inapplicable    ; 4            ; 29           ; 4            ; 29           ; 29           ; 0         ; 4            ; 29           ; 0         ; 0         ; 29           ; 9            ; 29           ; 29           ; 24           ; 29           ; 9            ; 24           ; 29           ; 29           ; 29           ; 9            ; 29           ; 29           ; 29           ; 29           ; 29           ; 0         ; 29           ; 29           ;
; Total Fail            ; 0            ; 0            ; 0            ; 0            ; 0            ; 0         ; 0            ; 0            ; 0         ; 0         ; 0            ; 0            ; 0            ; 0            ; 0            ; 0            ; 0            ; 0            ; 0            ; 0            ; 0            ; 0            ; 0            ; 0            ; 0            ; 0            ; 0            ; 0         ; 0            ; 0            ;
; spi_sdo               ; Pass         ; Inapplicable ; Pass         ; Inapplicable ; Inapplicable ; Pass      ; Pass         ; Inapplicable ; Pass      ; Pass      ; Inapplicable ; Pass         ; Inapplicable ; Inapplicable ; Inapplicable ; Inapplicable ; Pass         ; Inapplicable ; Inapplicable ; Inapplicable ; Inapplicable ; Pass         ; Inapplicable ; Inapplicable ; Inapplicable ; Inapplicable ; Inapplicable ; Pass      ; Inapplicable ; Inapplicable ;
; DAC_data_2M_direct[0] ; Pass         ; Inapplicable ; Pass         ; Inapplicable ; Inapplicable ; Pass      ; Pass         ; Inapplicable ; Pass      ; Pass      ; Inapplicable ; Pass         ; Inapplicable ; Inapplicable ; Inapplicable ; Inapplicable ; Pass         ; Inapplicable ; Inapplicable ; Inapplicable ; Inapplicable ; Pass         ; Inapplicable ; Inapplicable ; Inapplicable ; Inapplicable ; Inapplicable ; Pass      ; Inapplicable ; Inapplicable ;
; DAC_data_2M_direct[1] ; Pass         ; Inapplicable ; Pass         ; Inapplicable ; Inapplicable ; Pass      ; Pass         ; Inapplicable ; Pass      ; Pass      ; Inapplicable ; Pass         ; Inapplicable ; Inapplicable ; Inapplicable ; Inapplicable ; Pass         ; Inapplicable ; Inapplicable ; Inapplicable ; Inapplicable ; Pass         ; Inapplicable ; Inapplicable ; Inapplicable ; Inapplicable ; Inapplicable ; Pass      ; Inapplicable ; Inapplicable ;
; DAC_data_2M_direct[2] ; Pass         ; Inapplicable ; Pass         ; Inapplicable ; Inapplicable ; Pass      ; Pass         ; Inapplicable ; Pass      ; Pass      ; Inapplicable ; Pass         ; Inapplicable ; Inapplicable ; Inapplicable ; Inapplicable ; Pass         ; Inapplicable ; Inapplicable ; Inapplicable ; Inapplicable ; Pass         ; Inapplicable ; Inapplicable ; Inapplicable ; Inapplicable ; Inapplicable ; Pass      ; Inapplicable ; Inapplicable ;
; DAC_data_2M_direct[3] ; Pass         ; Inapplicable ; Pass         ; Inapplicable ; Inapplicable ; Pass      ; Pass         ; Inapplicable ; Pass      ; Pass      ; Inapplicable ; Pass         ; Inapplicable ; Inapplicable ; Inapplicable ; Inapplicable ; Pass         ; Inapplicable ; Inapplicable ; Inapplicable ; Inapplicable ; Pass         ; Inapplicable ; Inapplicable ; Inapplicable ; Inapplicable ; Inapplicable ; Pass      ; Inapplicable ; Inapplicable ;
; DAC_data_2M_direct[4] ; Pass         ; Inapplicable ; Pass         ; Inapplicable ; Inapplicable ; Pass      ; Pass         ; Inapplicable ; Pass      ; Pass      ; Inapplicable ; Pass         ; Inapplicable ; Inapplicable ; Inapplicable ; Inapplicable ; Pass         ; Inapplicable ; Inapplicable ; Inapplicable ; Inapplicable ; Pass         ; Inapplicable ; Inapplicable ; Inapplicable ; Inapplicable ; Inapplicable ; Pass      ; Inapplicable ; Inapplicable ;
; DAC_data_2M_direct[5] ; Pass         ; Inapplicable ; Pass         ; Inapplicable ; Inapplicable ; Pass      ; Pass         ; Inapplicable ; Pass      ; Pass      ; Inapplicable ; Pass         ; Inapplicable ; Inapplicable ; Inapplicable ; Inapplicable ; Pass         ; Inapplicable ; Inapplicable ; Inapplicable ; Inapplicable ; Pass         ; Inapplicable ; Inapplicable ; Inapplicable ; Inapplicable ; Inapplicable ; Pass      ; Inapplicable ; Inapplicable ;
; DAC_data_2M_direct[6] ; Pass         ; Inapplicable ; Pass         ; Inapplicable ; Inapplicable ; Pass      ; Pass         ; Inapplicable ; Pass      ; Pass      ; Inapplicable ; Pass         ; Inapplicable ; Inapplicable ; Inapplicable ; Inapplicable ; Pass         ; Inapplicable ; Inapplicable ; Inapplicable ; Inapplicable ; Pass         ; Inapplicable ; Inapplicable ; Inapplicable ; Inapplicable ; Inapplicable ; Pass      ; Inapplicable ; Inapplicable ;
; DAC_data_2M_direct[7] ; Pass         ; Inapplicable ; Pass         ; Inapplicable ; Inapplicable ; Pass      ; Pass         ; Inapplicable ; Pass      ; Pass      ; Inapplicable ; Pass         ; Inapplicable ; Inapplicable ; Inapplicable ; Inapplicable ; Pass         ; Inapplicable ; Inapplicable ; Inapplicable ; Inapplicable ; Pass         ; Inapplicable ; Inapplicable ; Inapplicable ; Inapplicable ; Inapplicable ; Pass      ; Inapplicable ; Inapplicable ;
; DAC_clk_2M_direct     ; Pass         ; Inapplicable ; Pass         ; Inapplicable ; Inapplicable ; Pass      ; Pass         ; Inapplicable ; Pass      ; Pass      ; Inapplicable ; Pass         ; Inapplicable ; Inapplicable ; Inapplicable ; Inapplicable ; Pass         ; Inapplicable ; Inapplicable ; Inapplicable ; Inapplicable ; Pass         ; Inapplicable ; Inapplicable ; Inapplicable ; Inapplicable ; Inapplicable ; Pass      ; Inapplicable ; Inapplicable ;
; DAC_data_2M_multi[0]  ; Pass         ; Inapplicable ; Pass         ; Inapplicable ; Inapplicable ; Pass      ; Pass         ; Inapplicable ; Pass      ; Pass      ; Inapplicable ; Pass         ; Inapplicable ; Inapplicable ; Inapplicable ; Inapplicable ; Pass         ; Inapplicable ; Inapplicable ; Inapplicable ; Inapplicable ; Pass         ; Inapplicable ; Inapplicable ; Inapplicable ; Inapplicable ; Inapplicable ; Pass      ; Inapplicable ; Inapplicable ;
; DAC_data_2M_multi[1]  ; Pass         ; Inapplicable ; Pass         ; Inapplicable ; Inapplicable ; Pass      ; Pass         ; Inapplicable ; Pass      ; Pass      ; Inapplicable ; Pass         ; Inapplicable ; Inapplicable ; Inapplicable ; Inapplicable ; Pass         ; Inapplicable ; Inapplicable ; Inapplicable ; Inapplicable ; Pass         ; Inapplicable ; Inapplicable ; Inapplicable ; Inapplicable ; Inapplicable ; Pass      ; Inapplicable ; Inapplicable ;
; DAC_data_2M_multi[2]  ; Pass         ; Inapplicable ; Pass         ; Inapplicable ; Inapplicable ; Pass      ; Pass         ; Inapplicable ; Pass      ; Pass      ; Inapplicable ; Pass         ; Inapplicable ; Inapplicable ; Inapplicable ; Inapplicable ; Pass         ; Inapplicable ; Inapplicable ; Inapplicable ; Inapplicable ; Pass         ; Inapplicable ; Inapplicable ; Inapplicable ; Inapplicable ; Inapplicable ; Pass      ; Inapplicable ; Inapplicable ;
; DAC_data_2M_multi[3]  ; Pass         ; Inapplicable ; Pass         ; Inapplicable ; Inapplicable ; Pass      ; Pass         ; Inapplicable ; Pass      ; Pass      ; Inapplicable ; Pass         ; Inapplicable ; Inapplicable ; Inapplicable ; Inapplicable ; Pass         ; Inapplicable ; Inapplicable ; Inapplicable ; Inapplicable ; Pass         ; Inapplicable ; Inapplicable ; Inapplicable ; Inapplicable ; Inapplicable ; Pass      ; Inapplicable ; Inapplicable ;
; DAC_data_2M_multi[4]  ; Pass         ; Inapplicable ; Pass         ; Inapplicable ; Inapplicable ; Pass      ; Pass         ; Inapplicable ; Pass      ; Pass      ; Inapplicable ; Pass         ; Inapplicable ; Inapplicable ; Inapplicable ; Inapplicable ; Pass         ; Inapplicable ; Inapplicable ; Inapplicable ; Inapplicable ; Pass         ; Inapplicable ; Inapplicable ; Inapplicable ; Inapplicable ; Inapplicable ; Pass      ; Inapplicable ; Inapplicable ;
; DAC_data_2M_multi[5]  ; Pass         ; Inapplicable ; Pass         ; Inapplicable ; Inapplicable ; Pass      ; Pass         ; Inapplicable ; Pass      ; Pass      ; Inapplicable ; Pass         ; Inapplicable ; Inapplicable ; Inapplicable ; Inapplicable ; Pass         ; Inapplicable ; Inapplicable ; Inapplicable ; Inapplicable ; Pass         ; Inapplicable ; Inapplicable ; Inapplicable ; Inapplicable ; Inapplicable ; Pass      ; Inapplicable ; Inapplicable ;
; DAC_data_2M_multi[6]  ; Pass         ; Inapplicable ; Pass         ; Inapplicable ; Inapplicable ; Pass      ; Pass         ; Inapplicable ; Pass      ; Pass      ; Inapplicable ; Pass         ; Inapplicable ; Inapplicable ; Inapplicable ; Inapplicable ; Pass         ; Inapplicable ; Inapplicable ; Inapplicable ; Inapplicable ; Pass         ; Inapplicable ; Inapplicable ; Inapplicable ; Inapplicable ; Inapplicable ; Pass      ; Inapplicable ; Inapplicable ;
; DAC_data_2M_multi[7]  ; Pass         ; Inapplicable ; Pass         ; Inapplicable ; Inapplicable ; Pass      ; Pass         ; Inapplicable ; Pass      ; Pass      ; Inapplicable ; Pass         ; Inapplicable ; Inapplicable ; Inapplicable ; Inapplicable ; Pass         ; Inapplicable ; Inapplicable ; Inapplicable ; Inapplicable ; Pass         ; Inapplicable ; Inapplicable ; Inapplicable ; Inapplicable ; Inapplicable ; Pass      ; Inapplicable ; Inapplicable ;
; DAC_clk_2M_multi      ; Pass         ; Inapplicable ; Pass         ; Inapplicable ; Inapplicable ; Pass      ; Pass         ; Inapplicable ; Pass      ; Pass      ; Inapplicable ; Pass         ; Inapplicable ; Inapplicable ; Inapplicable ; Inapplicable ; Pass         ; Inapplicable ; Inapplicable ; Inapplicable ; Inapplicable ; Pass         ; Inapplicable ; Inapplicable ; Inapplicable ; Inapplicable ; Inapplicable ; Pass      ; Inapplicable ; Inapplicable ;
; DAC_9708_GND          ; Pass         ; Inapplicable ; Pass         ; Inapplicable ; Inapplicable ; Pass      ; Pass         ; Inapplicable ; Pass      ; Pass      ; Inapplicable ; Pass         ; Inapplicable ; Inapplicable ; Inapplicable ; Inapplicable ; Pass         ; Inapplicable ; Inapplicable ; Inapplicable ; Inapplicable ; Pass         ; Inapplicable ; Inapplicable ; Inapplicable ; Inapplicable ; Inapplicable ; Pass      ; Inapplicable ; Inapplicable ;
; sys_rst_n             ; Pass         ; Inapplicable ; Pass         ; Inapplicable ; Inapplicable ; Pass      ; Pass         ; Inapplicable ; Pass      ; Pass      ; Inapplicable ; Inapplicable ; Inapplicable ; Inapplicable ; Pass         ; Inapplicable ; Inapplicable ; Pass         ; Inapplicable ; Inapplicable ; Inapplicable ; Inapplicable ; Inapplicable ; Inapplicable ; Inapplicable ; Inapplicable ; Inapplicable ; Pass      ; Inapplicable ; Inapplicable ;
; sys_clk               ; Pass         ; Inapplicable ; Pass         ; Inapplicable ; Inapplicable ; Pass      ; Pass         ; Inapplicable ; Pass      ; Pass      ; Inapplicable ; Inapplicable ; Inapplicable ; Inapplicable ; Pass         ; Inapplicable ; Inapplicable ; Pass         ; Inapplicable ; Inapplicable ; Inapplicable ; Inapplicable ; Inapplicable ; Inapplicable ; Inapplicable ; Inapplicable ; Inapplicable ; Pass      ; Inapplicable ; Inapplicable ;
; spi_sdi               ; Pass         ; Inapplicable ; Pass         ; Inapplicable ; Inapplicable ; Pass      ; Pass         ; Inapplicable ; Pass      ; Pass      ; Inapplicable ; Inapplicable ; Inapplicable ; Inapplicable ; Pass         ; Inapplicable ; Inapplicable ; Pass         ; Inapplicable ; Inapplicable ; Inapplicable ; Inapplicable ; Inapplicable ; Inapplicable ; Inapplicable ; Inapplicable ; Inapplicable ; Pass      ; Inapplicable ; Inapplicable ;
; spi_sel               ; Pass         ; Inapplicable ; Pass         ; Inapplicable ; Inapplicable ; Pass      ; Pass         ; Inapplicable ; Pass      ; Pass      ; Inapplicable ; Inapplicable ; Inapplicable ; Inapplicable ; Pass         ; Inapplicable ; Inapplicable ; Pass         ; Inapplicable ; Inapplicable ; Inapplicable ; Inapplicable ; Inapplicable ; Inapplicable ; Inapplicable ; Inapplicable ; Inapplicable ; Pass      ; Inapplicable ; Inapplicable ;
; spi_scl               ; Pass         ; Inapplicable ; Pass         ; Inapplicable ; Inapplicable ; Pass      ; Pass         ; Inapplicable ; Pass      ; Pass      ; Inapplicable ; Inapplicable ; Inapplicable ; Inapplicable ; Pass         ; Inapplicable ; Inapplicable ; Pass         ; Inapplicable ; Inapplicable ; Inapplicable ; Inapplicable ; Inapplicable ; Inapplicable ; Inapplicable ; Inapplicable ; Inapplicable ; Pass      ; Inapplicable ; Inapplicable ;
; altera_reserved_tms   ; Inapplicable ; Inapplicable ; Inapplicable ; Inapplicable ; Inapplicable ; Pass      ; Inapplicable ; Inapplicable ; Pass      ; Pass      ; Inapplicable ; Inapplicable ; Inapplicable ; Inapplicable ; Inapplicable ; Inapplicable ; Inapplicable ; Inapplicable ; Inapplicable ; Inapplicable ; Inapplicable ; Inapplicable ; Inapplicable ; Inapplicable ; Inapplicable ; Inapplicable ; Inapplicable ; Pass      ; Inapplicable ; Inapplicable ;
; altera_reserved_tck   ; Inapplicable ; Inapplicable ; Inapplicable ; Inapplicable ; Inapplicable ; Pass      ; Inapplicable ; Inapplicable ; Pass      ; Pass      ; Inapplicable ; Inapplicable ; Inapplicable ; Inapplicable ; Inapplicable ; Inapplicable ; Inapplicable ; Inapplicable ; Inapplicable ; Inapplicable ; Inapplicable ; Inapplicable ; Inapplicable ; Inapplicable ; Inapplicable ; Inapplicable ; Inapplicable ; Pass      ; Inapplicable ; Inapplicable ;
; altera_reserved_tdi   ; Inapplicable ; Inapplicable ; Inapplicable ; Inapplicable ; Inapplicable ; Pass      ; Inapplicable ; Inapplicable ; Pass      ; Pass      ; Inapplicable ; Inapplicable ; Inapplicable ; Inapplicable ; Inapplicable ; Inapplicable ; Inapplicable ; Inapplicable ; Inapplicable ; Inapplicable ; Inapplicable ; Inapplicable ; Inapplicable ; Inapplicable ; Inapplicable ; Inapplicable ; Inapplicable ; Pass      ; Inapplicable ; Inapplicable ;
; altera_reserved_tdo   ; Inapplicable ; Inapplicable ; Inapplicable ; Inapplicable ; Inapplicable ; Pass      ; Inapplicable ; Inapplicable ; Pass      ; Pass      ; Inapplicable ; Inapplicable ; Inapplicable ; Inapplicable ; Inapplicable ; Inapplicable ; Inapplicable ; Inapplicable ; Inapplicable ; Inapplicable ; Inapplicable ; Inapplicable ; Inapplicable ; Inapplicable ; Inapplicable ; Inapplicable ; Inapplicable ; Pass      ; Inapplicable ; Inapplicable ;
+-----------------------+--------------+--------------+--------------+--------------+--------------+-----------+--------------+--------------+-----------+-----------+--------------+--------------+--------------+--------------+--------------+--------------+--------------+--------------+--------------+--------------+--------------+--------------+--------------+--------------+--------------+--------------+--------------+-----------+--------------+--------------+


+-------------------------------------------------------------------------------------------+
; Fitter Device Options                                                                     ;
+------------------------------------------------------------------+------------------------+
; Option                                                           ; Setting                ;
+------------------------------------------------------------------+------------------------+
; Enable user-supplied start-up clock (CLKUSR)                     ; Off                    ;
; Enable device-wide reset (DEV_CLRn)                              ; Off                    ;
; Enable device-wide output enable (DEV_OE)                        ; Off                    ;
; Enable INIT_DONE output                                          ; Off                    ;
; Configuration scheme                                             ; Internal Configuration ;
; Enable Error Detection CRC_ERROR pin                             ; Off                    ;
; Enable open drain on CRC_ERROR pin                               ; Off                    ;
; Enable nCONFIG, nSTATUS, and CONF_DONE pins                      ; On                     ;
; Enable JTAG pin sharing                                          ; Off                    ;
; Enable nCE pin                                                   ; Off                    ;
; Enable CONFIG_SEL pin                                            ; On                     ;
; Enable input tri-state on active configuration pins in user mode ; Off                    ;
; Configuration Voltage Level                                      ; Auto                   ;
; Force Configuration Voltage Level                                ; Off                    ;
; Data[0]                                                          ; Unreserved             ;
; Data[1]/ASDO                                                     ; Unreserved             ;
; FLASH_nCE/nCSO                                                   ; Unreserved             ;
; DCLK                                                             ; Unreserved             ;
+------------------------------------------------------------------+------------------------+


+------------------------------------+
; Operating Settings and Conditions  ;
+---------------------------+--------+
; Setting                   ; Value  ;
+---------------------------+--------+
; Nominal Core Voltage      ; 1.20 V ;
; Low Junction Temperature  ; 0 °C   ;
; High Junction Temperature ; 85 °C  ;
+---------------------------+--------+


+------------------------------------------------------------+
; Estimated Delay Added for Hold Timing Summary              ;
+-----------------+----------------------+-------------------+
; Source Clock(s) ; Destination Clock(s) ; Delay Added in ns ;
+-----------------+----------------------+-------------------+
Note: For more information on problematic transfers, consider running the Fitter again with the Optimize hold timing option (Settings Menu) turned off.
This will disable optimization of problematic paths and expose them for further analysis using the TimeQuest Timing Analyzer.


+----------------------------------------------------------------------------------------------------------------------------------------------------------------------------------------------------------------------------------------------------------------------------------------------------------------------------------------------------------------------------------------------------------------------------------------------------------------------------------------------------------------------------+
; Estimated Delay Added for Hold Timing Details                                                                                                                                                                                                                                                                                                                                                                                                                                                                              ;
+--------------------------------------------------------------------------------------------------------------------------------------------------------------------------------------------------------------------------------------------------------------------------+-----------------------------------------------------------------------------------------------------------------------------------------------------------------------------------------------------------------------------+-------------------+
; Source Register                                                                                                                                                                                                                                                          ; Destination Register                                                                                                                                                                                                        ; Delay Added in ns ;
+--------------------------------------------------------------------------------------------------------------------------------------------------------------------------------------------------------------------------------------------------------------------------+-----------------------------------------------------------------------------------------------------------------------------------------------------------------------------------------------------------------------------+-------------------+
; sld_signaltap:auto_signaltap_0|sld_signaltap_impl:sld_signaltap_body|sld_signaltap_implb:sld_signaltap_body|sld_offload_buffer_mgr:\stp_non_zero_depth_offload_gen:stp_offload_buff_mgr_inst|lpm_counter:read_pointer_counter|cntr_uji:auto_generated|counter_reg_bit[0] ; sld_signaltap:auto_signaltap_0|sld_signaltap_impl:sld_signaltap_body|sld_signaltap_implb:sld_signaltap_body|altsyncram:\stp_non_zero_ram_gen:stp_buffer_ram|altsyncram_kl14:auto_generated|ram_block1a18~portb_address_reg0 ; 0.104             ;
; sld_signaltap:auto_signaltap_0|sld_signaltap_impl:sld_signaltap_body|sld_signaltap_implb:sld_signaltap_body|sld_offload_buffer_mgr:\stp_non_zero_depth_offload_gen:stp_offload_buff_mgr_inst|lpm_counter:read_pointer_counter|cntr_uji:auto_generated|counter_reg_bit[6] ; sld_signaltap:auto_signaltap_0|sld_signaltap_impl:sld_signaltap_body|sld_signaltap_implb:sld_signaltap_body|altsyncram:\stp_non_zero_ram_gen:stp_buffer_ram|altsyncram_kl14:auto_generated|ram_block1a18~portb_address_reg0 ; 0.090             ;
; sld_signaltap:auto_signaltap_0|sld_signaltap_impl:sld_signaltap_body|sld_signaltap_implb:sld_signaltap_body|sld_offload_buffer_mgr:\stp_non_zero_depth_offload_gen:stp_offload_buff_mgr_inst|lpm_counter:read_pointer_counter|cntr_uji:auto_generated|counter_reg_bit[5] ; sld_signaltap:auto_signaltap_0|sld_signaltap_impl:sld_signaltap_body|sld_signaltap_implb:sld_signaltap_body|altsyncram:\stp_non_zero_ram_gen:stp_buffer_ram|altsyncram_kl14:auto_generated|ram_block1a18~portb_address_reg0 ; 0.089             ;
; sld_signaltap:auto_signaltap_0|sld_signaltap_impl:sld_signaltap_body|sld_signaltap_implb:sld_signaltap_body|sld_offload_buffer_mgr:\stp_non_zero_depth_offload_gen:stp_offload_buff_mgr_inst|lpm_counter:read_pointer_counter|cntr_uji:auto_generated|counter_reg_bit[9] ; sld_signaltap:auto_signaltap_0|sld_signaltap_impl:sld_signaltap_body|sld_signaltap_implb:sld_signaltap_body|altsyncram:\stp_non_zero_ram_gen:stp_buffer_ram|altsyncram_kl14:auto_generated|ram_block1a18~portb_address_reg0 ; 0.089             ;
; sld_signaltap:auto_signaltap_0|sld_signaltap_impl:sld_signaltap_body|sld_signaltap_implb:sld_signaltap_body|sld_offload_buffer_mgr:\stp_non_zero_depth_offload_gen:stp_offload_buff_mgr_inst|lpm_counter:read_pointer_counter|cntr_uji:auto_generated|counter_reg_bit[4] ; sld_signaltap:auto_signaltap_0|sld_signaltap_impl:sld_signaltap_body|sld_signaltap_implb:sld_signaltap_body|altsyncram:\stp_non_zero_ram_gen:stp_buffer_ram|altsyncram_kl14:auto_generated|ram_block1a18~portb_address_reg0 ; 0.058             ;
; sld_signaltap:auto_signaltap_0|sld_signaltap_impl:sld_signaltap_body|sld_signaltap_implb:sld_signaltap_body|sld_offload_buffer_mgr:\stp_non_zero_depth_offload_gen:stp_offload_buff_mgr_inst|lpm_counter:read_pointer_counter|cntr_uji:auto_generated|counter_reg_bit[3] ; sld_signaltap:auto_signaltap_0|sld_signaltap_impl:sld_signaltap_body|sld_signaltap_implb:sld_signaltap_body|altsyncram:\stp_non_zero_ram_gen:stp_buffer_ram|altsyncram_kl14:auto_generated|ram_block1a18~portb_address_reg0 ; 0.058             ;
; sld_signaltap:auto_signaltap_0|sld_signaltap_impl:sld_signaltap_body|sld_signaltap_implb:sld_signaltap_body|sld_offload_buffer_mgr:\stp_non_zero_depth_offload_gen:stp_offload_buff_mgr_inst|lpm_counter:read_pointer_counter|cntr_uji:auto_generated|counter_reg_bit[2] ; sld_signaltap:auto_signaltap_0|sld_signaltap_impl:sld_signaltap_body|sld_signaltap_implb:sld_signaltap_body|altsyncram:\stp_non_zero_ram_gen:stp_buffer_ram|altsyncram_kl14:auto_generated|ram_block1a18~portb_address_reg0 ; 0.056             ;
; sld_signaltap:auto_signaltap_0|sld_signaltap_impl:sld_signaltap_body|sld_signaltap_implb:sld_signaltap_body|sld_offload_buffer_mgr:\stp_non_zero_depth_offload_gen:stp_offload_buff_mgr_inst|lpm_counter:read_pointer_counter|cntr_uji:auto_generated|counter_reg_bit[8] ; sld_signaltap:auto_signaltap_0|sld_signaltap_impl:sld_signaltap_body|sld_signaltap_implb:sld_signaltap_body|altsyncram:\stp_non_zero_ram_gen:stp_buffer_ram|altsyncram_kl14:auto_generated|ram_block1a18~portb_address_reg0 ; 0.055             ;
; sld_signaltap:auto_signaltap_0|sld_signaltap_impl:sld_signaltap_body|sld_signaltap_implb:sld_signaltap_body|sld_offload_buffer_mgr:\stp_non_zero_depth_offload_gen:stp_offload_buff_mgr_inst|lpm_counter:read_pointer_counter|cntr_uji:auto_generated|counter_reg_bit[7] ; sld_signaltap:auto_signaltap_0|sld_signaltap_impl:sld_signaltap_body|sld_signaltap_implb:sld_signaltap_body|altsyncram:\stp_non_zero_ram_gen:stp_buffer_ram|altsyncram_kl14:auto_generated|ram_block1a18~portb_address_reg0 ; 0.055             ;
; sld_signaltap:auto_signaltap_0|sld_signaltap_impl:sld_signaltap_body|sld_signaltap_implb:sld_signaltap_body|sld_offload_buffer_mgr:\stp_non_zero_depth_offload_gen:stp_offload_buff_mgr_inst|lpm_counter:read_pointer_counter|cntr_uji:auto_generated|counter_reg_bit[1] ; sld_signaltap:auto_signaltap_0|sld_signaltap_impl:sld_signaltap_body|sld_signaltap_implb:sld_signaltap_body|altsyncram:\stp_non_zero_ram_gen:stp_buffer_ram|altsyncram_kl14:auto_generated|ram_block1a18~portb_address_reg0 ; 0.048             ;
+--------------------------------------------------------------------------------------------------------------------------------------------------------------------------------------------------------------------------------------------------------------------------+-----------------------------------------------------------------------------------------------------------------------------------------------------------------------------------------------------------------------------+-------------------+
Note: This table only shows the top 10 path(s) that have the largest delay added for hold.


+-----------------+
; Fitter Messages ;
+-----------------+
Warning (18236): Number of processors has not been specified which may cause overloading on shared machines.  Set the global assignment NUM_PARALLEL_PROCESSORS in your QSF to an appropriate value for best performance.
Info (20030): Parallel compilation is enabled and will use 16 of the 24 processors detected
Info (119006): Selected device 10M08SAM153C8GES for design "C_2024_2M"
Info (21077): Low junction temperature is 0 degrees C
Info (21077): High junction temperature is 85 degrees C
Info (15535): Implemented PLL "pll_ip:pll_ip_inst|altpll:altpll_component|pll_ip_altpll:auto_generated|pll1" as MAX 10 PLL type File: D:/Quartus_code/C_2024_2M/db/pll_ip_altpll.v Line: 50
    Info (15099): Implementing clock multiplication of 10, clock division of 1, and phase shift of 0 degrees (0 ps) for pll_ip:pll_ip_inst|altpll:altpll_component|pll_ip_altpll:auto_generated|wire_pll1_clk[0] port File: D:/Quartus_code/C_2024_2M/db/pll_ip_altpll.v Line: 50
    Info (15099): Implementing clock multiplication of 7, clock division of 4, and phase shift of 0 degrees (0 ps) for pll_ip:pll_ip_inst|altpll:altpll_component|pll_ip_altpll:auto_generated|wire_pll1_clk[1] port File: D:/Quartus_code/C_2024_2M/db/pll_ip_altpll.v Line: 50
Info (171003): Fitter is performing an Auto Fit compilation, which may decrease Fitter effort to reduce compilation time
Critical Warning (16562): Review the Power Analyzer report file (<design>.pow.rpt) to ensure your design is within the maximum power utilization limit of the single power-supply target device and to avoid functional failures.
Info (176444): Device migration not selected. If you intend to use device migration later, you may need to change the pin assignments as they may be incompatible with other devices
    Info (176445): Device 10M08SAM153C8G is compatible
    Info (176445): Device 10M04SAM153C8G is compatible
Info (169124): Fitter converted 4 user pins into dedicated programming pins
    Info (169125): Pin ~ALTERA_CONFIG_SEL~ is reserved at location D8
    Info (169125): Pin ~ALTERA_nCONFIG~ is reserved at location E8
    Info (169125): Pin ~ALTERA_nSTATUS~ is reserved at location D6
    Info (169125): Pin ~ALTERA_CONF_DONE~ is reserved at location E6
Info (169141): DATA[0] dual-purpose pin not reserved
Info (12825): Data[1]/ASDO dual-purpose pin not reserved
Info (12825): nCSO dual-purpose pin not reserved
Info (12825): DCLK dual-purpose pin not reserved
Warning (15714): Some pins have incomplete I/O assignments. Refer to the I/O Assignment Warnings report for details
Info (176045): Design uses memory blocks. Violating setup or hold times of memory block address registers for either read or write operations could cause memory contents to be corrupted. Make sure that all memory block address registers meet the setup and hold time requirements.
Info (332164): Evaluating HDL-embedded SDC commands
    Info (332165): Entity sld_hub
        Info (332166): create_clock -name altera_reserved_tck [get_ports {altera_reserved_tck}] -period 10MHz   
        Info (332166): set_clock_groups -asynchronous -group {altera_reserved_tck}
Critical Warning (332012): Synopsys Design Constraints File file not found: 'C_2024_2M.sdc'. A Synopsys Design Constraints File is required by the TimeQuest Timing Analyzer to get proper timing constraints. Without it, the Compiler will not properly optimize the design.
Warning (332060): Node: sys_clk was determined to be a clock but was found without an associated clock assignment.
    Info (13166): Register DDS_lite:DDS_lite_inst|dds_ctrl_lite:dds_ctrl_lite_inst|rom_wave_sin:rom_ip_inst_1|altsyncram:altsyncram_component|altsyncram_6eb1:auto_generated|q_a[0] is being clocked by sys_clk
Info (332097): The following timing edges are non-unate.  TimeQuest will assume pos-unate behavior for these edges in the clock network.
    Info (332098): Cell: altera_internal_jtag  from: tck  to: tckutap
Warning (332056): PLL cross checking found inconsistent PLL clock settings:
    Warning (332056): Node: pll_ip_inst|altpll_component|auto_generated|pll1|clk[0] was found missing 1 generated clock that corresponds to a base clock with a period of: 83.333
    Warning (332056): Node: pll_ip_inst|altpll_component|auto_generated|pll1|clk[1] was found missing 1 generated clock that corresponds to a base clock with a period of: 83.333
Critical Warning (332168): The following clock transfers have no clock uncertainty assignment. For more accurate results, apply clock uncertainty assignments or use the derive_clock_uncertainty command.
    Critical Warning (332169): From altera_reserved_tck (Rise) to altera_reserved_tck (Rise) (setup and hold)
    Critical Warning (332169): From altera_reserved_tck (Rise) to altera_reserved_tck (Fall) (setup and hold)
Info (332129): Detected timing requirements -- optimizing circuit to achieve only the specified requirements
Info (332111): Found 1 clocks
    Info (332111):   Period   Clock Name
    Info (332111): ======== ============
    Info (332111):  100.000 altera_reserved_tck
Info (176353): Automatically promoted node pll_ip:pll_ip_inst|altpll:altpll_component|pll_ip_altpll:auto_generated|wire_pll1_clk[0] (placed in counter C0 of PLL_1) File: D:/Quartus_code/C_2024_2M/db/pll_ip_altpll.v Line: 92
    Info (176355): Automatically promoted destinations to use location or clock signal Global Clock CLKCTRL_G3
Info (176353): Automatically promoted node pll_ip:pll_ip_inst|altpll:altpll_component|pll_ip_altpll:auto_generated|wire_pll1_clk[1] (placed in counter C1 of PLL_1) File: D:/Quartus_code/C_2024_2M/db/pll_ip_altpll.v Line: 92
    Info (176355): Automatically promoted destinations to use location or clock signal Global Clock CLKCTRL_G4
Info (176353): Automatically promoted node altera_internal_jtag~TCKUTAP 
    Info (176355): Automatically promoted destinations to use location or clock signal Global Clock
Info (176353): Automatically promoted node sld_signaltap:auto_signaltap_0|sld_signaltap_impl:sld_signaltap_body|sld_signaltap_implb:sld_signaltap_body|reset_all  File: e:/quartus17.1/quartus/libraries/megafunctions/sld_signaltap_impl.vhd Line: 882
    Info (176355): Automatically promoted destinations to use location or clock signal Global Clock
    Info (176356): Following destination nodes may be non-global or may not use global or regional clocks
        Info (176357): Destination node sld_signaltap:auto_signaltap_0|sld_signaltap_impl:sld_signaltap_body|sld_signaltap_implb:sld_signaltap_body|sld_buffer_manager:sld_buffer_manager_inst|last_buffer_write_address_sig[0]~0 File: e:/quartus17.1/quartus/libraries/megafunctions/sld_buffer_manager.vhd Line: 356
        Info (176357): Destination node sld_signaltap:auto_signaltap_0|sld_signaltap_impl:sld_signaltap_body|sld_signaltap_implb:sld_signaltap_body|sld_offload_buffer_mgr:\stp_non_zero_depth_offload_gen:stp_offload_buff_mgr_inst|acq_buf_read_reset~0 File: e:/quartus17.1/quartus/libraries/megafunctions/sld_buffer_manager.vhd Line: 638
        Info (176357): Destination node sld_signaltap:auto_signaltap_0|sld_signaltap_impl:sld_signaltap_body|sld_signaltap_implb:sld_signaltap_body|sld_offload_buffer_mgr:\stp_non_zero_depth_offload_gen:stp_offload_buff_mgr_inst|acq_buf_read_reset File: e:/quartus17.1/quartus/libraries/megafunctions/sld_buffer_manager.vhd Line: 638
Info (176353): Automatically promoted node rst_n~0  File: D:/Quartus_code/C_2024_2M/rtl/TOP/C_2024_2M.v Line: 38
    Info (176355): Automatically promoted destinations to use location or clock signal Global Clock
    Info (176356): Following destination nodes may be non-global or may not use global or regional clocks
        Info (176357): Destination node DDS_lite:DDS_lite_inst|always1~0
Info (176353): Automatically promoted node DDS_lite:DDS_lite_inst|DDS_en  File: D:/Quartus_code/C_2024_2M/rtl/DDS/DDS_lite.v Line: 22
    Info (176355): Automatically promoted destinations to use location or clock signal Global Clock
    Info (176356): Following destination nodes may be non-global or may not use global or regional clocks
        Info (176357): Destination node DDS_lite:DDS_lite_inst|DDS_en~0 File: D:/Quartus_code/C_2024_2M/rtl/DDS/DDS_lite.v Line: 22
        Info (176357): Destination node sld_signaltap:auto_signaltap_0|acq_data_in_reg[16] File: e:/quartus17.1/quartus/libraries/megafunctions/sld_signaltap.vhd Line: 407
        Info (176357): Destination node sld_signaltap:auto_signaltap_0|acq_data_in_reg[25] File: e:/quartus17.1/quartus/libraries/megafunctions/sld_signaltap.vhd Line: 407
Info (176233): Starting register packing
Info (176235): Finished register packing
    Extra Info (176219): No registers were packed into other blocks
Warning (15064): PLL "pll_ip:pll_ip_inst|altpll:altpll_component|pll_ip_altpll:auto_generated|pll1" output port clk[0] feeds output pin "DAC_clk_2M_multi~output" via non-dedicated routing -- jitter performance depends on switching rate of other design elements. Use PLL dedicated clock outputs to ensure jitter performance File: D:/Quartus_code/C_2024_2M/db/pll_ip_altpll.v Line: 50
Warning (15064): PLL "pll_ip:pll_ip_inst|altpll:altpll_component|pll_ip_altpll:auto_generated|pll1" output port clk[0] feeds output pin "DAC_clk_2M_direct~output" via non-dedicated routing -- jitter performance depends on switching rate of other design elements. Use PLL dedicated clock outputs to ensure jitter performance File: D:/Quartus_code/C_2024_2M/db/pll_ip_altpll.v Line: 50
Info (171121): Fitter preparation operations ending: elapsed time is 00:00:01
Info (14896): Fitter has disabled Advanced Physical Optimization because it is not supported for the current family.
Info (170189): Fitter placement preparation operations beginning
Info (170190): Fitter placement preparation operations ending: elapsed time is 00:00:00
Info (170191): Fitter placement operations beginning
Info (170137): Fitter placement was successful
Info (170192): Fitter placement operations ending: elapsed time is 00:00:00
Info (170193): Fitter routing operations beginning
Info (170195): Router estimated average interconnect usage is 3% of the available device resources
    Info (170196): Router estimated peak interconnect usage is 8% of the available device resources in the region that extends from location X21_Y13 to location X31_Y25
Info (170199): The Fitter performed an Auto Fit compilation.  Optimizations were skipped to reduce compilation time.
    Info (170201): Optimizations that may affect the design's routability were skipped
    Info (170200): Optimizations that may affect the design's timing were skipped
Info (170194): Fitter routing operations ending: elapsed time is 00:00:00
Info (11888): Total time spent on timing analysis during the Fitter is 0.20 seconds.
Info (334003): Started post-fitting delay annotation
Warning (334000): Timing characteristics of device 10M08SAM153C8GES are preliminary
Info (334004): Delay annotation completed successfully
Info (334003): Started post-fitting delay annotation
Warning (334000): Timing characteristics of device 10M08SAM153C8GES are preliminary
Info (334004): Delay annotation completed successfully
Info (11218): Fitter post-fit operations ending: elapsed time is 00:00:01
Info (144001): Generated suppressed messages file D:/Quartus_code/C_2024_2M/output_files/C_2024_2M.fit.smsg
Info: Quartus Prime Fitter was successful. 0 errors, 15 warnings
    Info: Peak virtual memory: 6562 megabytes
    Info: Processing ended: Fri Aug 02 09:39:43 2024
    Info: Elapsed time: 00:00:04
    Info: Total CPU time (on all processors): 00:00:02


+----------------------------+
; Fitter Suppressed Messages ;
+----------------------------+
The suppressed messages can be found in D:/Quartus_code/C_2024_2M/output_files/C_2024_2M.fit.smsg.


