Analysis & Synthesis report for C_2024_2M
Fri Aug 02 09:39:38 2024
Quartus Prime Version 17.1.0 Build 590 10/25/2017 SJ Standard Edition


---------------------
; Table of Contents ;
---------------------
  1. Legal Notice
  2. Analysis & Synthesis Summary
  3. Analysis & Synthesis Settings
  4. Parallel Compilation
  5. Analysis & Synthesis Source Files Read
  6. Analysis & Synthesis Resource Usage Summary
  7. Analysis & Synthesis Resource Utilization by Entity
  8. Analysis & Synthesis RAM Summary
  9. Analysis & Synthesis IP Cores Summary
 10. Registers Removed During Synthesis
 11. Removed Registers Triggering Further Register Optimizations
 12. General Register Statistics
 13. Inverted Register Statistics
 14. Multiplexer Restructuring Statistics (Restructuring Performed)
 15. Source assignments for SPI_STM32F4:u_SPI_STM32F4
 16. Source assignments for DDS_lite:DDS_lite_inst|dds_ctrl_lite:dds_ctrl_lite_inst|rom_wave_sin:rom_ip_inst_1|altsyncram:altsyncram_component|altsyncram_6eb1:auto_generated
 17. Source assignments for DDS_time_delay_2M:DDS_time_delay_2M_inst|DDS_lite_phase:u_DDS_lite_phase|dds_ctrl_lite_phase:dds_ctrl_lite_phase_inst|rom_wave_sin:rom_ip_inst_1|altsyncram:altsyncram_component|altsyncram_6eb1:auto_generated
 18. Source assignments for sld_signaltap:auto_signaltap_0
 19. Parameter Settings for User Entity Instance: pll_ip:pll_ip_inst|altpll:altpll_component
 20. Parameter Settings for User Entity Instance: SPI_STM32F4:u_SPI_STM32F4
 21. Parameter Settings for User Entity Instance: SPI_STM32F4:u_SPI_STM32F4|SPI:u_SPI_inst
 22. Parameter Settings for User Entity Instance: DDS_lite:DDS_lite_inst|dds_ctrl_lite:dds_ctrl_lite_inst|rom_wave_sin:rom_ip_inst_1|altsyncram:altsyncram_component
 23. Parameter Settings for User Entity Instance: DDS_time_delay_2M:DDS_time_delay_2M_inst|DDS_lite_phase:u_DDS_lite_phase|dds_ctrl_lite_phase:dds_ctrl_lite_phase_inst|rom_wave_sin:rom_ip_inst_1|altsyncram:altsyncram_component
 24. Parameter Settings for Inferred Entity Instance: sld_signaltap:auto_signaltap_0
 25. altpll Parameter Settings by Entity Instance
 26. altsyncram Parameter Settings by Entity Instance
 27. Port Connectivity Checks: "DDS_time_delay_2M:DDS_time_delay_2M_inst|DDS_lite_phase:u_DDS_lite_phase|dds_ctrl_lite_phase:dds_ctrl_lite_phase_inst"
 28. Port Connectivity Checks: "DDS_lite:DDS_lite_inst|dds_ctrl_lite:dds_ctrl_lite_inst"
 29. Port Connectivity Checks: "SPI_STM32F4:u_SPI_STM32F4|SPI:u_SPI_inst"
 30. Port Connectivity Checks: "SPI_STM32F4:u_SPI_STM32F4"
 31. Signal Tap Logic Analyzer Settings
 32. Post-Synthesis Netlist Statistics for Top Partition
 33. Elapsed Time Per Partition
 34. Connections to In-System Debugging Instance "auto_signaltap_0"
 35. Analysis & Synthesis Messages



----------------
; Legal Notice ;
----------------
Copyright (C) 2017  Intel Corporation. All rights reserved.
Your use of Intel Corporation's design tools, logic functions 
and other software and tools, and its AMPP partner logic 
functions, and any output files from any of the foregoing 
(including device programming or simulation files), and any 
associated documentation or information are expressly subject 
to the terms and conditions of the Intel Program License 
Subscription Agreement, the Intel Quartus Prime License Agreement,
the Intel FPGA IP License Agreement, or other applicable license
agreement, including, without limitation, that your use is for
the sole purpose of programming logic devices manufactured by
Intel and sold by Intel or its authorized distributors.  Please
refer to the applicable agreement for further details.



+--------------------------------------------------------------------------------------+
; Analysis & Synthesis Summary                                                         ;
+------------------------------------+-------------------------------------------------+
; Analysis & Synthesis Status        ; Successful - Fri Aug 02 09:39:38 2024           ;
; Quartus Prime Version              ; 17.1.0 Build 590 10/25/2017 SJ Standard Edition ;
; Revision Name                      ; C_2024_2M                                       ;
; Top-level Entity Name              ; C_2024_2M                                       ;
; Family                             ; MAX 10                                          ;
; Total logic elements               ; 1,785                                           ;
;     Total combinational functions  ; 1,029                                           ;
;     Dedicated logic registers      ; 1,272                                           ;
; Total registers                    ; 1272                                            ;
; Total pins                         ; 25                                              ;
; Total virtual pins                 ; 0                                               ;
; Total memory bits                  ; 153,600                                         ;
; Embedded Multiplier 9-bit elements ; 0                                               ;
; Total PLLs                         ; 1                                               ;
; UFM blocks                         ; 0                                               ;
; ADC blocks                         ; 0                                               ;
+------------------------------------+-------------------------------------------------+


+----------------------------------------------------------------------------------------------------------------------+
; Analysis & Synthesis Settings                                                                                        ;
+----------------------------------------------------------------------------+--------------------+--------------------+
; Option                                                                     ; Setting            ; Default Value      ;
+----------------------------------------------------------------------------+--------------------+--------------------+
; Device                                                                     ; 10M08SAM153C8GES   ;                    ;
; Top-level entity name                                                      ; C_2024_2M          ; C_2024_2M          ;
; Family name                                                                ; MAX 10             ; Cyclone V          ;
; Use smart compilation                                                      ; Off                ; Off                ;
; Enable parallel Assembler and TimeQuest Timing Analyzer during compilation ; On                 ; On                 ;
; Enable compact report table                                                ; Off                ; Off                ;
; Restructure Multiplexers                                                   ; Auto               ; Auto               ;
; Create Debugging Nodes for IP Cores                                        ; Off                ; Off                ;
; Preserve fewer node names                                                  ; On                 ; On                 ;
; Intel FPGA IP Evaluation Mode                                              ; Enable             ; Enable             ;
; Verilog Version                                                            ; Verilog_2001       ; Verilog_2001       ;
; VHDL Version                                                               ; VHDL_1993          ; VHDL_1993          ;
; State Machine Processing                                                   ; Auto               ; Auto               ;
; Safe State Machine                                                         ; Off                ; Off                ;
; Extract Verilog State Machines                                             ; On                 ; On                 ;
; Extract VHDL State Machines                                                ; On                 ; On                 ;
; Ignore Verilog initial constructs                                          ; Off                ; Off                ;
; Iteration limit for constant Verilog loops                                 ; 5000               ; 5000               ;
; Iteration limit for non-constant Verilog loops                             ; 250                ; 250                ;
; Add Pass-Through Logic to Inferred RAMs                                    ; On                 ; On                 ;
; Infer RAMs from Raw Logic                                                  ; On                 ; On                 ;
; Parallel Synthesis                                                         ; On                 ; On                 ;
; DSP Block Balancing                                                        ; Auto               ; Auto               ;
; NOT Gate Push-Back                                                         ; On                 ; On                 ;
; Power-Up Don't Care                                                        ; On                 ; On                 ;
; Remove Redundant Logic Cells                                               ; Off                ; Off                ;
; Remove Duplicate Registers                                                 ; On                 ; On                 ;
; Ignore CARRY Buffers                                                       ; Off                ; Off                ;
; Ignore CASCADE Buffers                                                     ; Off                ; Off                ;
; Ignore GLOBAL Buffers                                                      ; Off                ; Off                ;
; Ignore ROW GLOBAL Buffers                                                  ; Off                ; Off                ;
; Ignore LCELL Buffers                                                       ; Off                ; Off                ;
; Ignore SOFT Buffers                                                        ; On                 ; On                 ;
; Limit AHDL Integers to 32 Bits                                             ; Off                ; Off                ;
; Optimization Technique                                                     ; Balanced           ; Balanced           ;
; Carry Chain Length                                                         ; 70                 ; 70                 ;
; Auto Carry Chains                                                          ; On                 ; On                 ;
; Auto Open-Drain Pins                                                       ; On                 ; On                 ;
; Perform WYSIWYG Primitive Resynthesis                                      ; Off                ; Off                ;
; Auto ROM Replacement                                                       ; On                 ; On                 ;
; Auto RAM Replacement                                                       ; On                 ; On                 ;
; Auto DSP Block Replacement                                                 ; On                 ; On                 ;
; Auto Shift Register Replacement                                            ; Auto               ; Auto               ;
; Allow Shift Register Merging across Hierarchies                            ; Auto               ; Auto               ;
; Auto Clock Enable Replacement                                              ; On                 ; On                 ;
; Strict RAM Replacement                                                     ; Off                ; Off                ;
; Allow Synchronous Control Signals                                          ; On                 ; On                 ;
; Force Use of Synchronous Clear Signals                                     ; Off                ; Off                ;
; Auto RAM Block Balancing                                                   ; On                 ; On                 ;
; Auto RAM to Logic Cell Conversion                                          ; Off                ; Off                ;
; Auto Resource Sharing                                                      ; Off                ; Off                ;
; Allow Any RAM Size For Recognition                                         ; Off                ; Off                ;
; Allow Any ROM Size For Recognition                                         ; Off                ; Off                ;
; Allow Any Shift Register Size For Recognition                              ; Off                ; Off                ;
; Use LogicLock Constraints during Resource Balancing                        ; On                 ; On                 ;
; Ignore translate_off and synthesis_off directives                          ; Off                ; Off                ;
; Timing-Driven Synthesis                                                    ; On                 ; On                 ;
; Report Parameter Settings                                                  ; On                 ; On                 ;
; Report Source Assignments                                                  ; On                 ; On                 ;
; Report Connectivity Checks                                                 ; On                 ; On                 ;
; Ignore Maximum Fan-Out Assignments                                         ; Off                ; Off                ;
; Synchronization Register Chain Length                                      ; 2                  ; 2                  ;
; Power Optimization During Synthesis                                        ; Normal compilation ; Normal compilation ;
; HDL message level                                                          ; Level2             ; Level2             ;
; Suppress Register Optimization Related Messages                            ; Off                ; Off                ;
; Number of Removed Registers Reported in Synthesis Report                   ; 5000               ; 5000               ;
; Number of Swept Nodes Reported in Synthesis Report                         ; 5000               ; 5000               ;
; Number of Inverted Registers Reported in Synthesis Report                  ; 100                ; 100                ;
; Clock MUX Protection                                                       ; On                 ; On                 ;
; Auto Gated Clock Conversion                                                ; Off                ; Off                ;
; Block Design Naming                                                        ; Auto               ; Auto               ;
; SDC constraint protection                                                  ; Off                ; Off                ;
; Synthesis Effort                                                           ; Auto               ; Auto               ;
; Shift Register Replacement - Allow Asynchronous Clear Signal               ; On                 ; On                 ;
; Pre-Mapping Resynthesis Optimization                                       ; Off                ; Off                ;
; Analysis & Synthesis Message Level                                         ; Medium             ; Medium             ;
; Disable Register Merging Across Hierarchies                                ; Auto               ; Auto               ;
; Resource Aware Inference For Block RAM                                     ; On                 ; On                 ;
+----------------------------------------------------------------------------+--------------------+--------------------+


+------------------------------------------+
; Parallel Compilation                     ;
+----------------------------+-------------+
; Processors                 ; Number      ;
+----------------------------+-------------+
; Number detected on machine ; 32          ;
; Maximum allowed            ; 16          ;
;                            ;             ;
; Average used               ; 1.00        ;
; Maximum used               ; 16          ;
;                            ;             ;
; Usage by Processor         ; % Time Used ;
;     Processor 1            ; 100.0%      ;
;     Processor 2            ;   0.0%      ;
;     Processor 3            ;   0.0%      ;
;     Processor 4            ;   0.0%      ;
;     Processor 5            ;   0.0%      ;
;     Processor 6            ;   0.0%      ;
;     Processor 7            ;   0.0%      ;
;     Processor 8            ;   0.0%      ;
;     Processors 9-16        ;   0.0%      ;
+----------------------------+-------------+


+--------------------------------------------------------------------------------------------------------------------------------------------------------------------------------------------------------------------------------------------------+
; Analysis & Synthesis Source Files Read                                                                                                                                                                                                           ;
+--------------------------------------------------------------------+-----------------+----------------------------------------------+----------------------------------------------------------------------------------------------+-------------+
; File Name with User-Entered Path                                   ; Used in Netlist ; File Type                                    ; File Name with Absolute Path                                                                 ; Library     ;
+--------------------------------------------------------------------+-----------------+----------------------------------------------+----------------------------------------------------------------------------------------------+-------------+
; rtl/DDS/DDS_time_delay_2M.v                                        ; yes             ; User Verilog HDL File                        ; D:/Quartus_code/C_2024_2M/rtl/DDS/DDS_time_delay_2M.v                                        ;             ;
; rtl/SPI/SPI_STM32F4.v                                              ; yes             ; User Verilog HDL File                        ; D:/Quartus_code/C_2024_2M/rtl/SPI/SPI_STM32F4.v                                              ;             ;
; rtl/SPI/SPI.v                                                      ; yes             ; User Verilog HDL File                        ; D:/Quartus_code/C_2024_2M/rtl/SPI/SPI.v                                                      ;             ;
; ip/pll/pll_ip.v                                                    ; yes             ; User Wizard-Generated File                   ; D:/Quartus_code/C_2024_2M/ip/pll/pll_ip.v                                                    ;             ;
; ip/rom/rom_wave_sin.v                                              ; yes             ; User Wizard-Generated File                   ; D:/Quartus_code/C_2024_2M/ip/rom/rom_wave_sin.v                                              ;             ;
; rtl/DDS/DDS_lite_phase.v                                           ; yes             ; User Verilog HDL File                        ; D:/Quartus_code/C_2024_2M/rtl/DDS/DDS_lite_phase.v                                           ;             ;
; rtl/DDS/DDS_lite.v                                                 ; yes             ; User Verilog HDL File                        ; D:/Quartus_code/C_2024_2M/rtl/DDS/DDS_lite.v                                                 ;             ;
; rtl/DDS/dds_ctrl_lite_phase.v                                      ; yes             ; User Verilog HDL File                        ; D:/Quartus_code/C_2024_2M/rtl/DDS/dds_ctrl_lite_phase.v                                      ;             ;
; rtl/DDS/dds_ctrl_lite.v                                            ; yes             ; User Verilog HDL File                        ; D:/Quartus_code/C_2024_2M/rtl/DDS/dds_ctrl_lite.v                                            ;             ;
; rtl/TOP/C_2024_2M.v                                                ; yes             ; User Verilog HDL File                        ; D:/Quartus_code/C_2024_2M/rtl/TOP/C_2024_2M.v                                                ;             ;
; altpll.tdf                                                         ; yes             ; Megafunction                                 ; e:/quartus17.1/quartus/libraries/megafunctions/altpll.tdf                                    ;             ;
; aglobal171.inc                                                     ; yes             ; Megafunction                                 ; e:/quartus17.1/quartus/libraries/megafunctions/aglobal171.inc                                ;             ;
; stratix_pll.inc                                                    ; yes             ; Megafunction                                 ; e:/quartus17.1/quartus/libraries/megafunctions/stratix_pll.inc                               ;             ;
; stratixii_pll.inc                                                  ; yes             ; Megafunction                                 ; e:/quartus17.1/quartus/libraries/megafunctions/stratixii_pll.inc                             ;             ;
; cycloneii_pll.inc                                                  ; yes             ; Megafunction                                 ; e:/quartus17.1/quartus/libraries/megafunctions/cycloneii_pll.inc                             ;             ;
; db/pll_ip_altpll.v                                                 ; yes             ; Auto-Generated Megafunction                  ; D:/Quartus_code/C_2024_2M/db/pll_ip_altpll.v                                                 ;             ;
; altsyncram.tdf                                                     ; yes             ; Megafunction                                 ; e:/quartus17.1/quartus/libraries/megafunctions/altsyncram.tdf                                ;             ;
; stratix_ram_block.inc                                              ; yes             ; Megafunction                                 ; e:/quartus17.1/quartus/libraries/megafunctions/stratix_ram_block.inc                         ;             ;
; lpm_mux.inc                                                        ; yes             ; Megafunction                                 ; e:/quartus17.1/quartus/libraries/megafunctions/lpm_mux.inc                                   ;             ;
; lpm_decode.inc                                                     ; yes             ; Megafunction                                 ; e:/quartus17.1/quartus/libraries/megafunctions/lpm_decode.inc                                ;             ;
; a_rdenreg.inc                                                      ; yes             ; Megafunction                                 ; e:/quartus17.1/quartus/libraries/megafunctions/a_rdenreg.inc                                 ;             ;
; altrom.inc                                                         ; yes             ; Megafunction                                 ; e:/quartus17.1/quartus/libraries/megafunctions/altrom.inc                                    ;             ;
; altram.inc                                                         ; yes             ; Megafunction                                 ; e:/quartus17.1/quartus/libraries/megafunctions/altram.inc                                    ;             ;
; altdpram.inc                                                       ; yes             ; Megafunction                                 ; e:/quartus17.1/quartus/libraries/megafunctions/altdpram.inc                                  ;             ;
; db/altsyncram_6eb1.tdf                                             ; yes             ; Auto-Generated Megafunction                  ; D:/Quartus_code/C_2024_2M/db/altsyncram_6eb1.tdf                                             ;             ;
; D:/Quartus_code/C_2024_2M/ip/rom/sin_2M.mif                        ; yes             ; Auto-Found Memory Initialization File        ; D:/Quartus_code/C_2024_2M/ip/rom/sin_2M.mif                                                  ;             ;
; sld_signaltap.vhd                                                  ; yes             ; Megafunction                                 ; e:/quartus17.1/quartus/libraries/megafunctions/sld_signaltap.vhd                             ;             ;
; sld_signaltap_impl.vhd                                             ; yes             ; Encrypted Megafunction                       ; e:/quartus17.1/quartus/libraries/megafunctions/sld_signaltap_impl.vhd                        ;             ;
; sld_ela_control.vhd                                                ; yes             ; Encrypted Megafunction                       ; e:/quartus17.1/quartus/libraries/megafunctions/sld_ela_control.vhd                           ;             ;
; lpm_shiftreg.tdf                                                   ; yes             ; Megafunction                                 ; e:/quartus17.1/quartus/libraries/megafunctions/lpm_shiftreg.tdf                              ;             ;
; lpm_constant.inc                                                   ; yes             ; Megafunction                                 ; e:/quartus17.1/quartus/libraries/megafunctions/lpm_constant.inc                              ;             ;
; dffeea.inc                                                         ; yes             ; Megafunction                                 ; e:/quartus17.1/quartus/libraries/megafunctions/dffeea.inc                                    ;             ;
; sld_mbpmg.vhd                                                      ; yes             ; Encrypted Megafunction                       ; e:/quartus17.1/quartus/libraries/megafunctions/sld_mbpmg.vhd                                 ;             ;
; sld_ela_trigger_flow_mgr.vhd                                       ; yes             ; Encrypted Megafunction                       ; e:/quartus17.1/quartus/libraries/megafunctions/sld_ela_trigger_flow_mgr.vhd                  ;             ;
; sld_buffer_manager.vhd                                             ; yes             ; Encrypted Megafunction                       ; e:/quartus17.1/quartus/libraries/megafunctions/sld_buffer_manager.vhd                        ;             ;
; db/altsyncram_kl14.tdf                                             ; yes             ; Auto-Generated Megafunction                  ; D:/Quartus_code/C_2024_2M/db/altsyncram_kl14.tdf                                             ;             ;
; altdpram.tdf                                                       ; yes             ; Megafunction                                 ; e:/quartus17.1/quartus/libraries/megafunctions/altdpram.tdf                                  ;             ;
; memmodes.inc                                                       ; yes             ; Megafunction                                 ; e:/quartus17.1/quartus/libraries/others/maxplus2/memmodes.inc                                ;             ;
; a_hdffe.inc                                                        ; yes             ; Megafunction                                 ; e:/quartus17.1/quartus/libraries/megafunctions/a_hdffe.inc                                   ;             ;
; alt_le_rden_reg.inc                                                ; yes             ; Megafunction                                 ; e:/quartus17.1/quartus/libraries/megafunctions/alt_le_rden_reg.inc                           ;             ;
; altsyncram.inc                                                     ; yes             ; Megafunction                                 ; e:/quartus17.1/quartus/libraries/megafunctions/altsyncram.inc                                ;             ;
; lpm_mux.tdf                                                        ; yes             ; Megafunction                                 ; e:/quartus17.1/quartus/libraries/megafunctions/lpm_mux.tdf                                   ;             ;
; muxlut.inc                                                         ; yes             ; Megafunction                                 ; e:/quartus17.1/quartus/libraries/megafunctions/muxlut.inc                                    ;             ;
; bypassff.inc                                                       ; yes             ; Megafunction                                 ; e:/quartus17.1/quartus/libraries/megafunctions/bypassff.inc                                  ;             ;
; altshift.inc                                                       ; yes             ; Megafunction                                 ; e:/quartus17.1/quartus/libraries/megafunctions/altshift.inc                                  ;             ;
; db/mux_f7c.tdf                                                     ; yes             ; Auto-Generated Megafunction                  ; D:/Quartus_code/C_2024_2M/db/mux_f7c.tdf                                                     ;             ;
; lpm_decode.tdf                                                     ; yes             ; Megafunction                                 ; e:/quartus17.1/quartus/libraries/megafunctions/lpm_decode.tdf                                ;             ;
; declut.inc                                                         ; yes             ; Megafunction                                 ; e:/quartus17.1/quartus/libraries/megafunctions/declut.inc                                    ;             ;
; lpm_compare.inc                                                    ; yes             ; Megafunction                                 ; e:/quartus17.1/quartus/libraries/megafunctions/lpm_compare.inc                               ;             ;
; db/decode_3af.tdf                                                  ; yes             ; Auto-Generated Megafunction                  ; D:/Quartus_code/C_2024_2M/db/decode_3af.tdf                                                  ;             ;
; lpm_counter.tdf                                                    ; yes             ; Megafunction                                 ; e:/quartus17.1/quartus/libraries/megafunctions/lpm_counter.tdf                               ;             ;
; lpm_add_sub.inc                                                    ; yes             ; Megafunction                                 ; e:/quartus17.1/quartus/libraries/megafunctions/lpm_add_sub.inc                               ;             ;
; cmpconst.inc                                                       ; yes             ; Megafunction                                 ; e:/quartus17.1/quartus/libraries/megafunctions/cmpconst.inc                                  ;             ;
; lpm_counter.inc                                                    ; yes             ; Megafunction                                 ; e:/quartus17.1/quartus/libraries/megafunctions/lpm_counter.inc                               ;             ;
; alt_counter_stratix.inc                                            ; yes             ; Megafunction                                 ; e:/quartus17.1/quartus/libraries/megafunctions/alt_counter_stratix.inc                       ;             ;
; db/cntr_frh.tdf                                                    ; yes             ; Auto-Generated Megafunction                  ; D:/Quartus_code/C_2024_2M/db/cntr_frh.tdf                                                    ;             ;
; db/cmpr_jrb.tdf                                                    ; yes             ; Auto-Generated Megafunction                  ; D:/Quartus_code/C_2024_2M/db/cmpr_jrb.tdf                                                    ;             ;
; db/cntr_uji.tdf                                                    ; yes             ; Auto-Generated Megafunction                  ; D:/Quartus_code/C_2024_2M/db/cntr_uji.tdf                                                    ;             ;
; db/cntr_2rh.tdf                                                    ; yes             ; Auto-Generated Megafunction                  ; D:/Quartus_code/C_2024_2M/db/cntr_2rh.tdf                                                    ;             ;
; db/cmpr_hrb.tdf                                                    ; yes             ; Auto-Generated Megafunction                  ; D:/Quartus_code/C_2024_2M/db/cmpr_hrb.tdf                                                    ;             ;
; db/cntr_odi.tdf                                                    ; yes             ; Auto-Generated Megafunction                  ; D:/Quartus_code/C_2024_2M/db/cntr_odi.tdf                                                    ;             ;
; db/cmpr_drb.tdf                                                    ; yes             ; Auto-Generated Megafunction                  ; D:/Quartus_code/C_2024_2M/db/cmpr_drb.tdf                                                    ;             ;
; sld_rom_sr.vhd                                                     ; yes             ; Encrypted Megafunction                       ; e:/quartus17.1/quartus/libraries/megafunctions/sld_rom_sr.vhd                                ;             ;
; sld_jtag_endpoint_adapter.vhd                                      ; yes             ; Encrypted Megafunction                       ; e:/quartus17.1/quartus/libraries/megafunctions/sld_jtag_endpoint_adapter.vhd                 ;             ;
; sld_jtag_endpoint_adapter_impl.sv                                  ; yes             ; Encrypted Megafunction                       ; e:/quartus17.1/quartus/libraries/megafunctions/sld_jtag_endpoint_adapter_impl.sv             ;             ;
; sld_hub.vhd                                                        ; yes             ; Encrypted Megafunction                       ; e:/quartus17.1/quartus/libraries/megafunctions/sld_hub.vhd                                   ; altera_sld  ;
; db/ip/sld677389ac/alt_sld_fab.v                                    ; yes             ; Encrypted Auto-Found Verilog HDL File        ; D:/Quartus_code/C_2024_2M/db/ip/sld677389ac/alt_sld_fab.v                                    ; alt_sld_fab ;
; db/ip/sld677389ac/submodules/alt_sld_fab_alt_sld_fab.v             ; yes             ; Encrypted Auto-Found Verilog HDL File        ; D:/Quartus_code/C_2024_2M/db/ip/sld677389ac/submodules/alt_sld_fab_alt_sld_fab.v             ; alt_sld_fab ;
; db/ip/sld677389ac/submodules/alt_sld_fab_alt_sld_fab_ident.sv      ; yes             ; Auto-Found SystemVerilog HDL File            ; D:/Quartus_code/C_2024_2M/db/ip/sld677389ac/submodules/alt_sld_fab_alt_sld_fab_ident.sv      ; alt_sld_fab ;
; db/ip/sld677389ac/submodules/alt_sld_fab_alt_sld_fab_presplit.sv   ; yes             ; Encrypted Auto-Found SystemVerilog HDL File  ; D:/Quartus_code/C_2024_2M/db/ip/sld677389ac/submodules/alt_sld_fab_alt_sld_fab_presplit.sv   ; alt_sld_fab ;
; db/ip/sld677389ac/submodules/alt_sld_fab_alt_sld_fab_sldfabric.vhd ; yes             ; Encrypted Auto-Found VHDL File               ; D:/Quartus_code/C_2024_2M/db/ip/sld677389ac/submodules/alt_sld_fab_alt_sld_fab_sldfabric.vhd ; alt_sld_fab ;
; db/ip/sld677389ac/submodules/alt_sld_fab_alt_sld_fab_splitter.sv   ; yes             ; Encrypted Auto-Found SystemVerilog HDL File  ; D:/Quartus_code/C_2024_2M/db/ip/sld677389ac/submodules/alt_sld_fab_alt_sld_fab_splitter.sv   ; alt_sld_fab ;
; sld_jtag_hub.vhd                                                   ; yes             ; Encrypted Megafunction                       ; e:/quartus17.1/quartus/libraries/megafunctions/sld_jtag_hub.vhd                              ;             ;
+--------------------------------------------------------------------+-----------------+----------------------------------------------+----------------------------------------------------------------------------------------------+-------------+


+----------------------------------------------------------------------------------------------------------------------------------------+
; Analysis & Synthesis Resource Usage Summary                                                                                            ;
+---------------------------------------------+------------------------------------------------------------------------------------------+
; Resource                                    ; Usage                                                                                    ;
+---------------------------------------------+------------------------------------------------------------------------------------------+
; Estimated Total logic elements              ; 1,785                                                                                    ;
;                                             ;                                                                                          ;
; Total combinational functions               ; 1029                                                                                     ;
; Logic element usage by number of LUT inputs ;                                                                                          ;
;     -- 4 input functions                    ; 327                                                                                      ;
;     -- 3 input functions                    ; 352                                                                                      ;
;     -- <=2 input functions                  ; 350                                                                                      ;
;                                             ;                                                                                          ;
; Logic elements by mode                      ;                                                                                          ;
;     -- normal mode                          ; 716                                                                                      ;
;     -- arithmetic mode                      ; 313                                                                                      ;
;                                             ;                                                                                          ;
; Total registers                             ; 1272                                                                                     ;
;     -- Dedicated logic registers            ; 1272                                                                                     ;
;     -- I/O registers                        ; 0                                                                                        ;
;                                             ;                                                                                          ;
; I/O pins                                    ; 25                                                                                       ;
; Total memory bits                           ; 153600                                                                                   ;
;                                             ;                                                                                          ;
; Embedded Multiplier 9-bit elements          ; 0                                                                                        ;
;                                             ;                                                                                          ;
; Total PLLs                                  ; 1                                                                                        ;
;     -- PLLs                                 ; 1                                                                                        ;
;                                             ;                                                                                          ;
; Maximum fan-out node                        ; pll_ip:pll_ip_inst|altpll:altpll_component|pll_ip_altpll:auto_generated|wire_pll1_clk[0] ;
; Maximum fan-out                             ; 903                                                                                      ;
; Total fan-out                               ; 9037                                                                                     ;
; Average fan-out                             ; 3.67                                                                                     ;
+---------------------------------------------+------------------------------------------------------------------------------------------+


+---------------------------------------------------------------------------------------------------------------------------------------------------------------------------------------------------------------------------------------------------------------------------------------------------------------------------------------------------------------------------------------------------------------------------------------------------------------------------------------------------------------------------------------------------------------------------------------------------------------------------------------------------------------------------------------------------------+
; Analysis & Synthesis Resource Utilization by Entity                                                                                                                                                                                                                                                                                                                                                                                                                                                                                                                                                                                                                                                     ;
+-----------------------------------------------------------------------------------------------------------------------------------------+---------------------+---------------------------+-------------+------------+--------------+---------+-----------+------+--------------+------------+-------------------------------------------------------------------------------------------------------------------------------------------------------------------------------------------------------------------------------------------------------------------------------------------------------------------------------------------------------+-----------------------------------+--------------+
; Compilation Hierarchy Node                                                                                                              ; Combinational ALUTs ; Dedicated Logic Registers ; Memory Bits ; UFM Blocks ; DSP Elements ; DSP 9x9 ; DSP 18x18 ; Pins ; Virtual Pins ; ADC blocks ; Full Hierarchy Name                                                                                                                                                                                                                                                                                                                                   ; Entity Name                       ; Library Name ;
+-----------------------------------------------------------------------------------------------------------------------------------------+---------------------+---------------------------+-------------+------------+--------------+---------+-----------+------+--------------+------------+-------------------------------------------------------------------------------------------------------------------------------------------------------------------------------------------------------------------------------------------------------------------------------------------------------------------------------------------------------+-----------------------------------+--------------+
; |C_2024_2M                                                                                                                              ; 1029 (2)            ; 1272 (0)                  ; 153600      ; 0          ; 0            ; 0       ; 0         ; 25   ; 0            ; 0          ; |C_2024_2M                                                                                                                                                                                                                                                                                                                                            ; C_2024_2M                         ; work         ;
;    |DDS_lite:DDS_lite_inst|                                                                                                             ; 169 (135)           ; 57 (11)                   ; 32768       ; 0          ; 0            ; 0       ; 0         ; 0    ; 0            ; 0          ; |C_2024_2M|DDS_lite:DDS_lite_inst                                                                                                                                                                                                                                                                                                                     ; DDS_lite                          ; work         ;
;       |dds_ctrl_lite:dds_ctrl_lite_inst|                                                                                                ; 34 (34)             ; 46 (46)                   ; 32768       ; 0          ; 0            ; 0       ; 0         ; 0    ; 0            ; 0          ; |C_2024_2M|DDS_lite:DDS_lite_inst|dds_ctrl_lite:dds_ctrl_lite_inst                                                                                                                                                                                                                                                                                    ; dds_ctrl_lite                     ; work         ;
;          |rom_wave_sin:rom_ip_inst_1|                                                                                                   ; 0 (0)               ; 0 (0)                     ; 32768       ; 0          ; 0            ; 0       ; 0         ; 0    ; 0            ; 0          ; |C_2024_2M|DDS_lite:DDS_lite_inst|dds_ctrl_lite:dds_ctrl_lite_inst|rom_wave_sin:rom_ip_inst_1                                                                                                                                                                                                                                                         ; rom_wave_sin                      ; work         ;
;             |altsyncram:altsyncram_component|                                                                                           ; 0 (0)               ; 0 (0)                     ; 32768       ; 0          ; 0            ; 0       ; 0         ; 0    ; 0            ; 0          ; |C_2024_2M|DDS_lite:DDS_lite_inst|dds_ctrl_lite:dds_ctrl_lite_inst|rom_wave_sin:rom_ip_inst_1|altsyncram:altsyncram_component                                                                                                                                                                                                                         ; altsyncram                        ; work         ;
;                |altsyncram_6eb1:auto_generated|                                                                                         ; 0 (0)               ; 0 (0)                     ; 32768       ; 0          ; 0            ; 0       ; 0         ; 0    ; 0            ; 0          ; |C_2024_2M|DDS_lite:DDS_lite_inst|dds_ctrl_lite:dds_ctrl_lite_inst|rom_wave_sin:rom_ip_inst_1|altsyncram:altsyncram_component|altsyncram_6eb1:auto_generated                                                                                                                                                                                          ; altsyncram_6eb1                   ; work         ;
;    |DDS_time_delay_2M:DDS_time_delay_2M_inst|                                                                                           ; 184 (11)            ; 41 (7)                    ; 32768       ; 0          ; 0            ; 0       ; 0         ; 0    ; 0            ; 0          ; |C_2024_2M|DDS_time_delay_2M:DDS_time_delay_2M_inst                                                                                                                                                                                                                                                                                                   ; DDS_time_delay_2M                 ; work         ;
;       |DDS_lite_phase:u_DDS_lite_phase|                                                                                                 ; 173 (161)           ; 34 (22)                   ; 32768       ; 0          ; 0            ; 0       ; 0         ; 0    ; 0            ; 0          ; |C_2024_2M|DDS_time_delay_2M:DDS_time_delay_2M_inst|DDS_lite_phase:u_DDS_lite_phase                                                                                                                                                                                                                                                                   ; DDS_lite_phase                    ; work         ;
;          |dds_ctrl_lite_phase:dds_ctrl_lite_phase_inst|                                                                                 ; 12 (12)             ; 12 (12)                   ; 32768       ; 0          ; 0            ; 0       ; 0         ; 0    ; 0            ; 0          ; |C_2024_2M|DDS_time_delay_2M:DDS_time_delay_2M_inst|DDS_lite_phase:u_DDS_lite_phase|dds_ctrl_lite_phase:dds_ctrl_lite_phase_inst                                                                                                                                                                                                                      ; dds_ctrl_lite_phase               ; work         ;
;             |rom_wave_sin:rom_ip_inst_1|                                                                                                ; 0 (0)               ; 0 (0)                     ; 32768       ; 0          ; 0            ; 0       ; 0         ; 0    ; 0            ; 0          ; |C_2024_2M|DDS_time_delay_2M:DDS_time_delay_2M_inst|DDS_lite_phase:u_DDS_lite_phase|dds_ctrl_lite_phase:dds_ctrl_lite_phase_inst|rom_wave_sin:rom_ip_inst_1                                                                                                                                                                                           ; rom_wave_sin                      ; work         ;
;                |altsyncram:altsyncram_component|                                                                                        ; 0 (0)               ; 0 (0)                     ; 32768       ; 0          ; 0            ; 0       ; 0         ; 0    ; 0            ; 0          ; |C_2024_2M|DDS_time_delay_2M:DDS_time_delay_2M_inst|DDS_lite_phase:u_DDS_lite_phase|dds_ctrl_lite_phase:dds_ctrl_lite_phase_inst|rom_wave_sin:rom_ip_inst_1|altsyncram:altsyncram_component                                                                                                                                                           ; altsyncram                        ; work         ;
;                   |altsyncram_6eb1:auto_generated|                                                                                      ; 0 (0)               ; 0 (0)                     ; 32768       ; 0          ; 0            ; 0       ; 0         ; 0    ; 0            ; 0          ; |C_2024_2M|DDS_time_delay_2M:DDS_time_delay_2M_inst|DDS_lite_phase:u_DDS_lite_phase|dds_ctrl_lite_phase:dds_ctrl_lite_phase_inst|rom_wave_sin:rom_ip_inst_1|altsyncram:altsyncram_component|altsyncram_6eb1:auto_generated                                                                                                                            ; altsyncram_6eb1                   ; work         ;
;    |SPI_STM32F4:u_SPI_STM32F4|                                                                                                          ; 47 (12)             ; 36 (0)                    ; 0           ; 0          ; 0            ; 0       ; 0         ; 0    ; 0            ; 0          ; |C_2024_2M|SPI_STM32F4:u_SPI_STM32F4                                                                                                                                                                                                                                                                                                                  ; SPI_STM32F4                       ; work         ;
;       |SPI:u_SPI_inst|                                                                                                                  ; 35 (35)             ; 36 (36)                   ; 0           ; 0          ; 0            ; 0       ; 0         ; 0    ; 0            ; 0          ; |C_2024_2M|SPI_STM32F4:u_SPI_STM32F4|SPI:u_SPI_inst                                                                                                                                                                                                                                                                                                   ; SPI                               ; work         ;
;    |pll_ip:pll_ip_inst|                                                                                                                 ; 0 (0)               ; 1 (0)                     ; 0           ; 0          ; 0            ; 0       ; 0         ; 0    ; 0            ; 0          ; |C_2024_2M|pll_ip:pll_ip_inst                                                                                                                                                                                                                                                                                                                         ; pll_ip                            ; work         ;
;       |altpll:altpll_component|                                                                                                         ; 0 (0)               ; 1 (0)                     ; 0           ; 0          ; 0            ; 0       ; 0         ; 0    ; 0            ; 0          ; |C_2024_2M|pll_ip:pll_ip_inst|altpll:altpll_component                                                                                                                                                                                                                                                                                                 ; altpll                            ; work         ;
;          |pll_ip_altpll:auto_generated|                                                                                                 ; 0 (0)               ; 1 (1)                     ; 0           ; 0          ; 0            ; 0       ; 0         ; 0    ; 0            ; 0          ; |C_2024_2M|pll_ip:pll_ip_inst|altpll:altpll_component|pll_ip_altpll:auto_generated                                                                                                                                                                                                                                                                    ; pll_ip_altpll                     ; work         ;
;    |sld_hub:auto_hub|                                                                                                                   ; 126 (1)             ; 91 (0)                    ; 0           ; 0          ; 0            ; 0       ; 0         ; 0    ; 0            ; 0          ; |C_2024_2M|sld_hub:auto_hub                                                                                                                                                                                                                                                                                                                           ; sld_hub                           ; altera_sld   ;
;       |alt_sld_fab_with_jtag_input:\instrumentation_fabric_with_node_gen:fabric_gen_new_way:with_jtag_input_gen:instrumentation_fabric| ; 125 (0)             ; 91 (0)                    ; 0           ; 0          ; 0            ; 0       ; 0         ; 0    ; 0            ; 0          ; |C_2024_2M|sld_hub:auto_hub|alt_sld_fab_with_jtag_input:\instrumentation_fabric_with_node_gen:fabric_gen_new_way:with_jtag_input_gen:instrumentation_fabric                                                                                                                                                                                           ; alt_sld_fab_with_jtag_input       ; altera_sld   ;
;          |alt_sld_fab:instrumentation_fabric|                                                                                           ; 125 (0)             ; 91 (0)                    ; 0           ; 0          ; 0            ; 0       ; 0         ; 0    ; 0            ; 0          ; |C_2024_2M|sld_hub:auto_hub|alt_sld_fab_with_jtag_input:\instrumentation_fabric_with_node_gen:fabric_gen_new_way:with_jtag_input_gen:instrumentation_fabric|alt_sld_fab:instrumentation_fabric                                                                                                                                                        ; alt_sld_fab                       ; alt_sld_fab  ;
;             |alt_sld_fab_alt_sld_fab:alt_sld_fab|                                                                                       ; 125 (1)             ; 91 (5)                    ; 0           ; 0          ; 0            ; 0       ; 0         ; 0    ; 0            ; 0          ; |C_2024_2M|sld_hub:auto_hub|alt_sld_fab_with_jtag_input:\instrumentation_fabric_with_node_gen:fabric_gen_new_way:with_jtag_input_gen:instrumentation_fabric|alt_sld_fab:instrumentation_fabric|alt_sld_fab_alt_sld_fab:alt_sld_fab                                                                                                                    ; alt_sld_fab_alt_sld_fab           ; alt_sld_fab  ;
;                |alt_sld_fab_alt_sld_fab_sldfabric:sldfabric|                                                                            ; 124 (0)             ; 86 (0)                    ; 0           ; 0          ; 0            ; 0       ; 0         ; 0    ; 0            ; 0          ; |C_2024_2M|sld_hub:auto_hub|alt_sld_fab_with_jtag_input:\instrumentation_fabric_with_node_gen:fabric_gen_new_way:with_jtag_input_gen:instrumentation_fabric|alt_sld_fab:instrumentation_fabric|alt_sld_fab_alt_sld_fab:alt_sld_fab|alt_sld_fab_alt_sld_fab_sldfabric:sldfabric                                                                        ; alt_sld_fab_alt_sld_fab_sldfabric ; alt_sld_fab  ;
;                   |sld_jtag_hub:\jtag_hub_gen:real_sld_jtag_hub|                                                                        ; 124 (85)            ; 86 (58)                   ; 0           ; 0          ; 0            ; 0       ; 0         ; 0    ; 0            ; 0          ; |C_2024_2M|sld_hub:auto_hub|alt_sld_fab_with_jtag_input:\instrumentation_fabric_with_node_gen:fabric_gen_new_way:with_jtag_input_gen:instrumentation_fabric|alt_sld_fab:instrumentation_fabric|alt_sld_fab_alt_sld_fab:alt_sld_fab|alt_sld_fab_alt_sld_fab_sldfabric:sldfabric|sld_jtag_hub:\jtag_hub_gen:real_sld_jtag_hub                           ; sld_jtag_hub                      ; work         ;
;                      |sld_rom_sr:hub_info_reg|                                                                                          ; 21 (21)             ; 9 (9)                     ; 0           ; 0          ; 0            ; 0       ; 0         ; 0    ; 0            ; 0          ; |C_2024_2M|sld_hub:auto_hub|alt_sld_fab_with_jtag_input:\instrumentation_fabric_with_node_gen:fabric_gen_new_way:with_jtag_input_gen:instrumentation_fabric|alt_sld_fab:instrumentation_fabric|alt_sld_fab_alt_sld_fab:alt_sld_fab|alt_sld_fab_alt_sld_fab_sldfabric:sldfabric|sld_jtag_hub:\jtag_hub_gen:real_sld_jtag_hub|sld_rom_sr:hub_info_reg   ; sld_rom_sr                        ; work         ;
;                      |sld_shadow_jsm:shadow_jsm|                                                                                        ; 18 (18)             ; 19 (19)                   ; 0           ; 0          ; 0            ; 0       ; 0         ; 0    ; 0            ; 0          ; |C_2024_2M|sld_hub:auto_hub|alt_sld_fab_with_jtag_input:\instrumentation_fabric_with_node_gen:fabric_gen_new_way:with_jtag_input_gen:instrumentation_fabric|alt_sld_fab:instrumentation_fabric|alt_sld_fab_alt_sld_fab:alt_sld_fab|alt_sld_fab_alt_sld_fab_sldfabric:sldfabric|sld_jtag_hub:\jtag_hub_gen:real_sld_jtag_hub|sld_shadow_jsm:shadow_jsm ; sld_shadow_jsm                    ; altera_sld   ;
;    |sld_signaltap:auto_signaltap_0|                                                                                                     ; 501 (2)             ; 1046 (119)                ; 88064       ; 0          ; 0            ; 0       ; 0         ; 0    ; 0            ; 0          ; |C_2024_2M|sld_signaltap:auto_signaltap_0                                                                                                                                                                                                                                                                                                             ; sld_signaltap                     ; work         ;
;       |sld_signaltap_impl:sld_signaltap_body|                                                                                           ; 499 (0)             ; 927 (0)                   ; 88064       ; 0          ; 0            ; 0       ; 0         ; 0    ; 0            ; 0          ; |C_2024_2M|sld_signaltap:auto_signaltap_0|sld_signaltap_impl:sld_signaltap_body                                                                                                                                                                                                                                                                       ; sld_signaltap_impl                ; work         ;
;          |sld_signaltap_implb:sld_signaltap_body|                                                                                       ; 499 (88)            ; 927 (424)                 ; 88064       ; 0          ; 0            ; 0       ; 0         ; 0    ; 0            ; 0          ; |C_2024_2M|sld_signaltap:auto_signaltap_0|sld_signaltap_impl:sld_signaltap_body|sld_signaltap_implb:sld_signaltap_body                                                                                                                                                                                                                                ; sld_signaltap_implb               ; work         ;
;             |altdpram:\stp_non_zero_ram_gen:attribute_mem_gen:attribute_mem|                                                            ; 23 (0)              ; 64 (64)                   ; 0           ; 0          ; 0            ; 0       ; 0         ; 0    ; 0            ; 0          ; |C_2024_2M|sld_signaltap:auto_signaltap_0|sld_signaltap_impl:sld_signaltap_body|sld_signaltap_implb:sld_signaltap_body|altdpram:\stp_non_zero_ram_gen:attribute_mem_gen:attribute_mem                                                                                                                                                                 ; altdpram                          ; work         ;
;                |lpm_decode:wdecoder|                                                                                                    ; 2 (0)               ; 0 (0)                     ; 0           ; 0          ; 0            ; 0       ; 0         ; 0    ; 0            ; 0          ; |C_2024_2M|sld_signaltap:auto_signaltap_0|sld_signaltap_impl:sld_signaltap_body|sld_signaltap_implb:sld_signaltap_body|altdpram:\stp_non_zero_ram_gen:attribute_mem_gen:attribute_mem|lpm_decode:wdecoder                                                                                                                                             ; lpm_decode                        ; work         ;
;                   |decode_3af:auto_generated|                                                                                           ; 2 (2)               ; 0 (0)                     ; 0           ; 0          ; 0            ; 0       ; 0         ; 0    ; 0            ; 0          ; |C_2024_2M|sld_signaltap:auto_signaltap_0|sld_signaltap_impl:sld_signaltap_body|sld_signaltap_implb:sld_signaltap_body|altdpram:\stp_non_zero_ram_gen:attribute_mem_gen:attribute_mem|lpm_decode:wdecoder|decode_3af:auto_generated                                                                                                                   ; decode_3af                        ; work         ;
;                |lpm_mux:mux|                                                                                                            ; 21 (0)              ; 0 (0)                     ; 0           ; 0          ; 0            ; 0       ; 0         ; 0    ; 0            ; 0          ; |C_2024_2M|sld_signaltap:auto_signaltap_0|sld_signaltap_impl:sld_signaltap_body|sld_signaltap_implb:sld_signaltap_body|altdpram:\stp_non_zero_ram_gen:attribute_mem_gen:attribute_mem|lpm_mux:mux                                                                                                                                                     ; lpm_mux                           ; work         ;
;                   |mux_f7c:auto_generated|                                                                                              ; 21 (21)             ; 0 (0)                     ; 0           ; 0          ; 0            ; 0       ; 0         ; 0    ; 0            ; 0          ; |C_2024_2M|sld_signaltap:auto_signaltap_0|sld_signaltap_impl:sld_signaltap_body|sld_signaltap_implb:sld_signaltap_body|altdpram:\stp_non_zero_ram_gen:attribute_mem_gen:attribute_mem|lpm_mux:mux|mux_f7c:auto_generated                                                                                                                              ; mux_f7c                           ; work         ;
;             |altsyncram:\stp_non_zero_ram_gen:stp_buffer_ram|                                                                           ; 0 (0)               ; 0 (0)                     ; 88064       ; 0          ; 0            ; 0       ; 0         ; 0    ; 0            ; 0          ; |C_2024_2M|sld_signaltap:auto_signaltap_0|sld_signaltap_impl:sld_signaltap_body|sld_signaltap_implb:sld_signaltap_body|altsyncram:\stp_non_zero_ram_gen:stp_buffer_ram                                                                                                                                                                                ; altsyncram                        ; work         ;
;                |altsyncram_kl14:auto_generated|                                                                                         ; 0 (0)               ; 0 (0)                     ; 88064       ; 0          ; 0            ; 0       ; 0         ; 0    ; 0            ; 0          ; |C_2024_2M|sld_signaltap:auto_signaltap_0|sld_signaltap_impl:sld_signaltap_body|sld_signaltap_implb:sld_signaltap_body|altsyncram:\stp_non_zero_ram_gen:stp_buffer_ram|altsyncram_kl14:auto_generated                                                                                                                                                 ; altsyncram_kl14                   ; work         ;
;             |lpm_shiftreg:segment_offset_config_deserialize|                                                                            ; 0 (0)               ; 10 (10)                   ; 0           ; 0          ; 0            ; 0       ; 0         ; 0    ; 0            ; 0          ; |C_2024_2M|sld_signaltap:auto_signaltap_0|sld_signaltap_impl:sld_signaltap_body|sld_signaltap_implb:sld_signaltap_body|lpm_shiftreg:segment_offset_config_deserialize                                                                                                                                                                                 ; lpm_shiftreg                      ; work         ;
;             |lpm_shiftreg:status_register|                                                                                              ; 17 (17)             ; 17 (17)                   ; 0           ; 0          ; 0            ; 0       ; 0         ; 0    ; 0            ; 0          ; |C_2024_2M|sld_signaltap:auto_signaltap_0|sld_signaltap_impl:sld_signaltap_body|sld_signaltap_implb:sld_signaltap_body|lpm_shiftreg:status_register                                                                                                                                                                                                   ; lpm_shiftreg                      ; work         ;
;             |serial_crc_16:\tdo_crc_gen:tdo_crc_calc|                                                                                   ; 14 (14)             ; 13 (13)                   ; 0           ; 0          ; 0            ; 0       ; 0         ; 0    ; 0            ; 0          ; |C_2024_2M|sld_signaltap:auto_signaltap_0|sld_signaltap_impl:sld_signaltap_body|sld_signaltap_implb:sld_signaltap_body|serial_crc_16:\tdo_crc_gen:tdo_crc_calc                                                                                                                                                                                        ; serial_crc_16                     ; work         ;
;             |sld_buffer_manager:sld_buffer_manager_inst|                                                                                ; 81 (81)             ; 59 (59)                   ; 0           ; 0          ; 0            ; 0       ; 0         ; 0    ; 0            ; 0          ; |C_2024_2M|sld_signaltap:auto_signaltap_0|sld_signaltap_impl:sld_signaltap_body|sld_signaltap_implb:sld_signaltap_body|sld_buffer_manager:sld_buffer_manager_inst                                                                                                                                                                                     ; sld_buffer_manager                ; work         ;
;             |sld_ela_control:ela_control|                                                                                               ; 79 (1)              ; 181 (1)                   ; 0           ; 0          ; 0            ; 0       ; 0         ; 0    ; 0            ; 0          ; |C_2024_2M|sld_signaltap:auto_signaltap_0|sld_signaltap_impl:sld_signaltap_body|sld_signaltap_implb:sld_signaltap_body|sld_ela_control:ela_control                                                                                                                                                                                                    ; sld_ela_control                   ; work         ;
;                |lpm_shiftreg:trigger_config_deserialize|                                                                                ; 0 (0)               ; 4 (4)                     ; 0           ; 0          ; 0            ; 0       ; 0         ; 0    ; 0            ; 0          ; |C_2024_2M|sld_signaltap:auto_signaltap_0|sld_signaltap_impl:sld_signaltap_body|sld_signaltap_implb:sld_signaltap_body|sld_ela_control:ela_control|lpm_shiftreg:trigger_config_deserialize                                                                                                                                                            ; lpm_shiftreg                      ; work         ;
;                |sld_ela_basic_multi_level_trigger:\basic_multi_level_mbpm_trigger_gen:multi_level_mbpm|                                 ; 66 (0)              ; 165 (0)                   ; 0           ; 0          ; 0            ; 0       ; 0         ; 0    ; 0            ; 0          ; |C_2024_2M|sld_signaltap:auto_signaltap_0|sld_signaltap_impl:sld_signaltap_body|sld_signaltap_implb:sld_signaltap_body|sld_ela_control:ela_control|sld_ela_basic_multi_level_trigger:\basic_multi_level_mbpm_trigger_gen:multi_level_mbpm                                                                                                             ; sld_ela_basic_multi_level_trigger ; work         ;
;                   |lpm_shiftreg:trigger_condition_deserialize|                                                                          ; 0 (0)               ; 99 (99)                   ; 0           ; 0          ; 0            ; 0       ; 0         ; 0    ; 0            ; 0          ; |C_2024_2M|sld_signaltap:auto_signaltap_0|sld_signaltap_impl:sld_signaltap_body|sld_signaltap_implb:sld_signaltap_body|sld_ela_control:ela_control|sld_ela_basic_multi_level_trigger:\basic_multi_level_mbpm_trigger_gen:multi_level_mbpm|lpm_shiftreg:trigger_condition_deserialize                                                                  ; lpm_shiftreg                      ; work         ;
;                   |sld_mbpmg:\trigger_modules_gen:0:trigger_match|                                                                      ; 66 (0)              ; 66 (0)                    ; 0           ; 0          ; 0            ; 0       ; 0         ; 0    ; 0            ; 0          ; |C_2024_2M|sld_signaltap:auto_signaltap_0|sld_signaltap_impl:sld_signaltap_body|sld_signaltap_implb:sld_signaltap_body|sld_ela_control:ela_control|sld_ela_basic_multi_level_trigger:\basic_multi_level_mbpm_trigger_gen:multi_level_mbpm|sld_mbpmg:\trigger_modules_gen:0:trigger_match                                                              ; sld_mbpmg                         ; work         ;
;                      |sld_sbpmg:\gen_sbpmg_pipeline_less_than_two:sm0:0:sm1|                                                            ; 2 (2)               ; 2 (2)                     ; 0           ; 0          ; 0            ; 0       ; 0         ; 0    ; 0            ; 0          ; |C_2024_2M|sld_signaltap:auto_signaltap_0|sld_signaltap_impl:sld_signaltap_body|sld_signaltap_implb:sld_signaltap_body|sld_ela_control:ela_control|sld_ela_basic_multi_level_trigger:\basic_multi_level_mbpm_trigger_gen:multi_level_mbpm|sld_mbpmg:\trigger_modules_gen:0:trigger_match|sld_sbpmg:\gen_sbpmg_pipeline_less_than_two:sm0:0:sm1        ; sld_sbpmg                         ; work         ;
;                      |sld_sbpmg:\gen_sbpmg_pipeline_less_than_two:sm0:10:sm1|                                                           ; 2 (2)               ; 2 (2)                     ; 0           ; 0          ; 0            ; 0       ; 0         ; 0    ; 0            ; 0          ; |C_2024_2M|sld_signaltap:auto_signaltap_0|sld_signaltap_impl:sld_signaltap_body|sld_signaltap_implb:sld_signaltap_body|sld_ela_control:ela_control|sld_ela_basic_multi_level_trigger:\basic_multi_level_mbpm_trigger_gen:multi_level_mbpm|sld_mbpmg:\trigger_modules_gen:0:trigger_match|sld_sbpmg:\gen_sbpmg_pipeline_less_than_two:sm0:10:sm1       ; sld_sbpmg                         ; work         ;
;                      |sld_sbpmg:\gen_sbpmg_pipeline_less_than_two:sm0:11:sm1|                                                           ; 2 (2)               ; 2 (2)                     ; 0           ; 0          ; 0            ; 0       ; 0         ; 0    ; 0            ; 0          ; |C_2024_2M|sld_signaltap:auto_signaltap_0|sld_signaltap_impl:sld_signaltap_body|sld_signaltap_implb:sld_signaltap_body|sld_ela_control:ela_control|sld_ela_basic_multi_level_trigger:\basic_multi_level_mbpm_trigger_gen:multi_level_mbpm|sld_mbpmg:\trigger_modules_gen:0:trigger_match|sld_sbpmg:\gen_sbpmg_pipeline_less_than_two:sm0:11:sm1       ; sld_sbpmg                         ; work         ;
;                      |sld_sbpmg:\gen_sbpmg_pipeline_less_than_two:sm0:12:sm1|                                                           ; 2 (2)               ; 2 (2)                     ; 0           ; 0          ; 0            ; 0       ; 0         ; 0    ; 0            ; 0          ; |C_2024_2M|sld_signaltap:auto_signaltap_0|sld_signaltap_impl:sld_signaltap_body|sld_signaltap_implb:sld_signaltap_body|sld_ela_control:ela_control|sld_ela_basic_multi_level_trigger:\basic_multi_level_mbpm_trigger_gen:multi_level_mbpm|sld_mbpmg:\trigger_modules_gen:0:trigger_match|sld_sbpmg:\gen_sbpmg_pipeline_less_than_two:sm0:12:sm1       ; sld_sbpmg                         ; work         ;
;                      |sld_sbpmg:\gen_sbpmg_pipeline_less_than_two:sm0:13:sm1|                                                           ; 2 (2)               ; 2 (2)                     ; 0           ; 0          ; 0            ; 0       ; 0         ; 0    ; 0            ; 0          ; |C_2024_2M|sld_signaltap:auto_signaltap_0|sld_signaltap_impl:sld_signaltap_body|sld_signaltap_implb:sld_signaltap_body|sld_ela_control:ela_control|sld_ela_basic_multi_level_trigger:\basic_multi_level_mbpm_trigger_gen:multi_level_mbpm|sld_mbpmg:\trigger_modules_gen:0:trigger_match|sld_sbpmg:\gen_sbpmg_pipeline_less_than_two:sm0:13:sm1       ; sld_sbpmg                         ; work         ;
;                      |sld_sbpmg:\gen_sbpmg_pipeline_less_than_two:sm0:14:sm1|                                                           ; 2 (2)               ; 2 (2)                     ; 0           ; 0          ; 0            ; 0       ; 0         ; 0    ; 0            ; 0          ; |C_2024_2M|sld_signaltap:auto_signaltap_0|sld_signaltap_impl:sld_signaltap_body|sld_signaltap_implb:sld_signaltap_body|sld_ela_control:ela_control|sld_ela_basic_multi_level_trigger:\basic_multi_level_mbpm_trigger_gen:multi_level_mbpm|sld_mbpmg:\trigger_modules_gen:0:trigger_match|sld_sbpmg:\gen_sbpmg_pipeline_less_than_two:sm0:14:sm1       ; sld_sbpmg                         ; work         ;
;                      |sld_sbpmg:\gen_sbpmg_pipeline_less_than_two:sm0:15:sm1|                                                           ; 2 (2)               ; 2 (2)                     ; 0           ; 0          ; 0            ; 0       ; 0         ; 0    ; 0            ; 0          ; |C_2024_2M|sld_signaltap:auto_signaltap_0|sld_signaltap_impl:sld_signaltap_body|sld_signaltap_implb:sld_signaltap_body|sld_ela_control:ela_control|sld_ela_basic_multi_level_trigger:\basic_multi_level_mbpm_trigger_gen:multi_level_mbpm|sld_mbpmg:\trigger_modules_gen:0:trigger_match|sld_sbpmg:\gen_sbpmg_pipeline_less_than_two:sm0:15:sm1       ; sld_sbpmg                         ; work         ;
;                      |sld_sbpmg:\gen_sbpmg_pipeline_less_than_two:sm0:16:sm1|                                                           ; 2 (2)               ; 2 (2)                     ; 0           ; 0          ; 0            ; 0       ; 0         ; 0    ; 0            ; 0          ; |C_2024_2M|sld_signaltap:auto_signaltap_0|sld_signaltap_impl:sld_signaltap_body|sld_signaltap_implb:sld_signaltap_body|sld_ela_control:ela_control|sld_ela_basic_multi_level_trigger:\basic_multi_level_mbpm_trigger_gen:multi_level_mbpm|sld_mbpmg:\trigger_modules_gen:0:trigger_match|sld_sbpmg:\gen_sbpmg_pipeline_less_than_two:sm0:16:sm1       ; sld_sbpmg                         ; work         ;
;                      |sld_sbpmg:\gen_sbpmg_pipeline_less_than_two:sm0:17:sm1|                                                           ; 2 (2)               ; 2 (2)                     ; 0           ; 0          ; 0            ; 0       ; 0         ; 0    ; 0            ; 0          ; |C_2024_2M|sld_signaltap:auto_signaltap_0|sld_signaltap_impl:sld_signaltap_body|sld_signaltap_implb:sld_signaltap_body|sld_ela_control:ela_control|sld_ela_basic_multi_level_trigger:\basic_multi_level_mbpm_trigger_gen:multi_level_mbpm|sld_mbpmg:\trigger_modules_gen:0:trigger_match|sld_sbpmg:\gen_sbpmg_pipeline_less_than_two:sm0:17:sm1       ; sld_sbpmg                         ; work         ;
;                      |sld_sbpmg:\gen_sbpmg_pipeline_less_than_two:sm0:18:sm1|                                                           ; 2 (2)               ; 2 (2)                     ; 0           ; 0          ; 0            ; 0       ; 0         ; 0    ; 0            ; 0          ; |C_2024_2M|sld_signaltap:auto_signaltap_0|sld_signaltap_impl:sld_signaltap_body|sld_signaltap_implb:sld_signaltap_body|sld_ela_control:ela_control|sld_ela_basic_multi_level_trigger:\basic_multi_level_mbpm_trigger_gen:multi_level_mbpm|sld_mbpmg:\trigger_modules_gen:0:trigger_match|sld_sbpmg:\gen_sbpmg_pipeline_less_than_two:sm0:18:sm1       ; sld_sbpmg                         ; work         ;
;                      |sld_sbpmg:\gen_sbpmg_pipeline_less_than_two:sm0:19:sm1|                                                           ; 2 (2)               ; 2 (2)                     ; 0           ; 0          ; 0            ; 0       ; 0         ; 0    ; 0            ; 0          ; |C_2024_2M|sld_signaltap:auto_signaltap_0|sld_signaltap_impl:sld_signaltap_body|sld_signaltap_implb:sld_signaltap_body|sld_ela_control:ela_control|sld_ela_basic_multi_level_trigger:\basic_multi_level_mbpm_trigger_gen:multi_level_mbpm|sld_mbpmg:\trigger_modules_gen:0:trigger_match|sld_sbpmg:\gen_sbpmg_pipeline_less_than_two:sm0:19:sm1       ; sld_sbpmg                         ; work         ;
;                      |sld_sbpmg:\gen_sbpmg_pipeline_less_than_two:sm0:1:sm1|                                                            ; 2 (2)               ; 2 (2)                     ; 0           ; 0          ; 0            ; 0       ; 0         ; 0    ; 0            ; 0          ; |C_2024_2M|sld_signaltap:auto_signaltap_0|sld_signaltap_impl:sld_signaltap_body|sld_signaltap_implb:sld_signaltap_body|sld_ela_control:ela_control|sld_ela_basic_multi_level_trigger:\basic_multi_level_mbpm_trigger_gen:multi_level_mbpm|sld_mbpmg:\trigger_modules_gen:0:trigger_match|sld_sbpmg:\gen_sbpmg_pipeline_less_than_two:sm0:1:sm1        ; sld_sbpmg                         ; work         ;
;                      |sld_sbpmg:\gen_sbpmg_pipeline_less_than_two:sm0:20:sm1|                                                           ; 2 (2)               ; 2 (2)                     ; 0           ; 0          ; 0            ; 0       ; 0         ; 0    ; 0            ; 0          ; |C_2024_2M|sld_signaltap:auto_signaltap_0|sld_signaltap_impl:sld_signaltap_body|sld_signaltap_implb:sld_signaltap_body|sld_ela_control:ela_control|sld_ela_basic_multi_level_trigger:\basic_multi_level_mbpm_trigger_gen:multi_level_mbpm|sld_mbpmg:\trigger_modules_gen:0:trigger_match|sld_sbpmg:\gen_sbpmg_pipeline_less_than_two:sm0:20:sm1       ; sld_sbpmg                         ; work         ;
;                      |sld_sbpmg:\gen_sbpmg_pipeline_less_than_two:sm0:21:sm1|                                                           ; 2 (2)               ; 2 (2)                     ; 0           ; 0          ; 0            ; 0       ; 0         ; 0    ; 0            ; 0          ; |C_2024_2M|sld_signaltap:auto_signaltap_0|sld_signaltap_impl:sld_signaltap_body|sld_signaltap_implb:sld_signaltap_body|sld_ela_control:ela_control|sld_ela_basic_multi_level_trigger:\basic_multi_level_mbpm_trigger_gen:multi_level_mbpm|sld_mbpmg:\trigger_modules_gen:0:trigger_match|sld_sbpmg:\gen_sbpmg_pipeline_less_than_two:sm0:21:sm1       ; sld_sbpmg                         ; work         ;
;                      |sld_sbpmg:\gen_sbpmg_pipeline_less_than_two:sm0:22:sm1|                                                           ; 2 (2)               ; 2 (2)                     ; 0           ; 0          ; 0            ; 0       ; 0         ; 0    ; 0            ; 0          ; |C_2024_2M|sld_signaltap:auto_signaltap_0|sld_signaltap_impl:sld_signaltap_body|sld_signaltap_implb:sld_signaltap_body|sld_ela_control:ela_control|sld_ela_basic_multi_level_trigger:\basic_multi_level_mbpm_trigger_gen:multi_level_mbpm|sld_mbpmg:\trigger_modules_gen:0:trigger_match|sld_sbpmg:\gen_sbpmg_pipeline_less_than_two:sm0:22:sm1       ; sld_sbpmg                         ; work         ;
;                      |sld_sbpmg:\gen_sbpmg_pipeline_less_than_two:sm0:23:sm1|                                                           ; 2 (2)               ; 2 (2)                     ; 0           ; 0          ; 0            ; 0       ; 0         ; 0    ; 0            ; 0          ; |C_2024_2M|sld_signaltap:auto_signaltap_0|sld_signaltap_impl:sld_signaltap_body|sld_signaltap_implb:sld_signaltap_body|sld_ela_control:ela_control|sld_ela_basic_multi_level_trigger:\basic_multi_level_mbpm_trigger_gen:multi_level_mbpm|sld_mbpmg:\trigger_modules_gen:0:trigger_match|sld_sbpmg:\gen_sbpmg_pipeline_less_than_two:sm0:23:sm1       ; sld_sbpmg                         ; work         ;
;                      |sld_sbpmg:\gen_sbpmg_pipeline_less_than_two:sm0:24:sm1|                                                           ; 2 (2)               ; 2 (2)                     ; 0           ; 0          ; 0            ; 0       ; 0         ; 0    ; 0            ; 0          ; |C_2024_2M|sld_signaltap:auto_signaltap_0|sld_signaltap_impl:sld_signaltap_body|sld_signaltap_implb:sld_signaltap_body|sld_ela_control:ela_control|sld_ela_basic_multi_level_trigger:\basic_multi_level_mbpm_trigger_gen:multi_level_mbpm|sld_mbpmg:\trigger_modules_gen:0:trigger_match|sld_sbpmg:\gen_sbpmg_pipeline_less_than_two:sm0:24:sm1       ; sld_sbpmg                         ; work         ;
;                      |sld_sbpmg:\gen_sbpmg_pipeline_less_than_two:sm0:25:sm1|                                                           ; 2 (2)               ; 2 (2)                     ; 0           ; 0          ; 0            ; 0       ; 0         ; 0    ; 0            ; 0          ; |C_2024_2M|sld_signaltap:auto_signaltap_0|sld_signaltap_impl:sld_signaltap_body|sld_signaltap_implb:sld_signaltap_body|sld_ela_control:ela_control|sld_ela_basic_multi_level_trigger:\basic_multi_level_mbpm_trigger_gen:multi_level_mbpm|sld_mbpmg:\trigger_modules_gen:0:trigger_match|sld_sbpmg:\gen_sbpmg_pipeline_less_than_two:sm0:25:sm1       ; sld_sbpmg                         ; work         ;
;                      |sld_sbpmg:\gen_sbpmg_pipeline_less_than_two:sm0:26:sm1|                                                           ; 2 (2)               ; 2 (2)                     ; 0           ; 0          ; 0            ; 0       ; 0         ; 0    ; 0            ; 0          ; |C_2024_2M|sld_signaltap:auto_signaltap_0|sld_signaltap_impl:sld_signaltap_body|sld_signaltap_implb:sld_signaltap_body|sld_ela_control:ela_control|sld_ela_basic_multi_level_trigger:\basic_multi_level_mbpm_trigger_gen:multi_level_mbpm|sld_mbpmg:\trigger_modules_gen:0:trigger_match|sld_sbpmg:\gen_sbpmg_pipeline_less_than_two:sm0:26:sm1       ; sld_sbpmg                         ; work         ;
;                      |sld_sbpmg:\gen_sbpmg_pipeline_less_than_two:sm0:27:sm1|                                                           ; 2 (2)               ; 2 (2)                     ; 0           ; 0          ; 0            ; 0       ; 0         ; 0    ; 0            ; 0          ; |C_2024_2M|sld_signaltap:auto_signaltap_0|sld_signaltap_impl:sld_signaltap_body|sld_signaltap_implb:sld_signaltap_body|sld_ela_control:ela_control|sld_ela_basic_multi_level_trigger:\basic_multi_level_mbpm_trigger_gen:multi_level_mbpm|sld_mbpmg:\trigger_modules_gen:0:trigger_match|sld_sbpmg:\gen_sbpmg_pipeline_less_than_two:sm0:27:sm1       ; sld_sbpmg                         ; work         ;
;                      |sld_sbpmg:\gen_sbpmg_pipeline_less_than_two:sm0:28:sm1|                                                           ; 2 (2)               ; 2 (2)                     ; 0           ; 0          ; 0            ; 0       ; 0         ; 0    ; 0            ; 0          ; |C_2024_2M|sld_signaltap:auto_signaltap_0|sld_signaltap_impl:sld_signaltap_body|sld_signaltap_implb:sld_signaltap_body|sld_ela_control:ela_control|sld_ela_basic_multi_level_trigger:\basic_multi_level_mbpm_trigger_gen:multi_level_mbpm|sld_mbpmg:\trigger_modules_gen:0:trigger_match|sld_sbpmg:\gen_sbpmg_pipeline_less_than_two:sm0:28:sm1       ; sld_sbpmg                         ; work         ;
;                      |sld_sbpmg:\gen_sbpmg_pipeline_less_than_two:sm0:29:sm1|                                                           ; 2 (2)               ; 2 (2)                     ; 0           ; 0          ; 0            ; 0       ; 0         ; 0    ; 0            ; 0          ; |C_2024_2M|sld_signaltap:auto_signaltap_0|sld_signaltap_impl:sld_signaltap_body|sld_signaltap_implb:sld_signaltap_body|sld_ela_control:ela_control|sld_ela_basic_multi_level_trigger:\basic_multi_level_mbpm_trigger_gen:multi_level_mbpm|sld_mbpmg:\trigger_modules_gen:0:trigger_match|sld_sbpmg:\gen_sbpmg_pipeline_less_than_two:sm0:29:sm1       ; sld_sbpmg                         ; work         ;
;                      |sld_sbpmg:\gen_sbpmg_pipeline_less_than_two:sm0:2:sm1|                                                            ; 2 (2)               ; 2 (2)                     ; 0           ; 0          ; 0            ; 0       ; 0         ; 0    ; 0            ; 0          ; |C_2024_2M|sld_signaltap:auto_signaltap_0|sld_signaltap_impl:sld_signaltap_body|sld_signaltap_implb:sld_signaltap_body|sld_ela_control:ela_control|sld_ela_basic_multi_level_trigger:\basic_multi_level_mbpm_trigger_gen:multi_level_mbpm|sld_mbpmg:\trigger_modules_gen:0:trigger_match|sld_sbpmg:\gen_sbpmg_pipeline_less_than_two:sm0:2:sm1        ; sld_sbpmg                         ; work         ;
;                      |sld_sbpmg:\gen_sbpmg_pipeline_less_than_two:sm0:30:sm1|                                                           ; 2 (2)               ; 2 (2)                     ; 0           ; 0          ; 0            ; 0       ; 0         ; 0    ; 0            ; 0          ; |C_2024_2M|sld_signaltap:auto_signaltap_0|sld_signaltap_impl:sld_signaltap_body|sld_signaltap_implb:sld_signaltap_body|sld_ela_control:ela_control|sld_ela_basic_multi_level_trigger:\basic_multi_level_mbpm_trigger_gen:multi_level_mbpm|sld_mbpmg:\trigger_modules_gen:0:trigger_match|sld_sbpmg:\gen_sbpmg_pipeline_less_than_two:sm0:30:sm1       ; sld_sbpmg                         ; work         ;
;                      |sld_sbpmg:\gen_sbpmg_pipeline_less_than_two:sm0:31:sm1|                                                           ; 2 (2)               ; 2 (2)                     ; 0           ; 0          ; 0            ; 0       ; 0         ; 0    ; 0            ; 0          ; |C_2024_2M|sld_signaltap:auto_signaltap_0|sld_signaltap_impl:sld_signaltap_body|sld_signaltap_implb:sld_signaltap_body|sld_ela_control:ela_control|sld_ela_basic_multi_level_trigger:\basic_multi_level_mbpm_trigger_gen:multi_level_mbpm|sld_mbpmg:\trigger_modules_gen:0:trigger_match|sld_sbpmg:\gen_sbpmg_pipeline_less_than_two:sm0:31:sm1       ; sld_sbpmg                         ; work         ;
;                      |sld_sbpmg:\gen_sbpmg_pipeline_less_than_two:sm0:32:sm1|                                                           ; 2 (2)               ; 2 (2)                     ; 0           ; 0          ; 0            ; 0       ; 0         ; 0    ; 0            ; 0          ; |C_2024_2M|sld_signaltap:auto_signaltap_0|sld_signaltap_impl:sld_signaltap_body|sld_signaltap_implb:sld_signaltap_body|sld_ela_control:ela_control|sld_ela_basic_multi_level_trigger:\basic_multi_level_mbpm_trigger_gen:multi_level_mbpm|sld_mbpmg:\trigger_modules_gen:0:trigger_match|sld_sbpmg:\gen_sbpmg_pipeline_less_than_two:sm0:32:sm1       ; sld_sbpmg                         ; work         ;
;                      |sld_sbpmg:\gen_sbpmg_pipeline_less_than_two:sm0:3:sm1|                                                            ; 2 (2)               ; 2 (2)                     ; 0           ; 0          ; 0            ; 0       ; 0         ; 0    ; 0            ; 0          ; |C_2024_2M|sld_signaltap:auto_signaltap_0|sld_signaltap_impl:sld_signaltap_body|sld_signaltap_implb:sld_signaltap_body|sld_ela_control:ela_control|sld_ela_basic_multi_level_trigger:\basic_multi_level_mbpm_trigger_gen:multi_level_mbpm|sld_mbpmg:\trigger_modules_gen:0:trigger_match|sld_sbpmg:\gen_sbpmg_pipeline_less_than_two:sm0:3:sm1        ; sld_sbpmg                         ; work         ;
;                      |sld_sbpmg:\gen_sbpmg_pipeline_less_than_two:sm0:4:sm1|                                                            ; 2 (2)               ; 2 (2)                     ; 0           ; 0          ; 0            ; 0       ; 0         ; 0    ; 0            ; 0          ; |C_2024_2M|sld_signaltap:auto_signaltap_0|sld_signaltap_impl:sld_signaltap_body|sld_signaltap_implb:sld_signaltap_body|sld_ela_control:ela_control|sld_ela_basic_multi_level_trigger:\basic_multi_level_mbpm_trigger_gen:multi_level_mbpm|sld_mbpmg:\trigger_modules_gen:0:trigger_match|sld_sbpmg:\gen_sbpmg_pipeline_less_than_two:sm0:4:sm1        ; sld_sbpmg                         ; work         ;
;                      |sld_sbpmg:\gen_sbpmg_pipeline_less_than_two:sm0:5:sm1|                                                            ; 2 (2)               ; 2 (2)                     ; 0           ; 0          ; 0            ; 0       ; 0         ; 0    ; 0            ; 0          ; |C_2024_2M|sld_signaltap:auto_signaltap_0|sld_signaltap_impl:sld_signaltap_body|sld_signaltap_implb:sld_signaltap_body|sld_ela_control:ela_control|sld_ela_basic_multi_level_trigger:\basic_multi_level_mbpm_trigger_gen:multi_level_mbpm|sld_mbpmg:\trigger_modules_gen:0:trigger_match|sld_sbpmg:\gen_sbpmg_pipeline_less_than_two:sm0:5:sm1        ; sld_sbpmg                         ; work         ;
;                      |sld_sbpmg:\gen_sbpmg_pipeline_less_than_two:sm0:6:sm1|                                                            ; 2 (2)               ; 2 (2)                     ; 0           ; 0          ; 0            ; 0       ; 0         ; 0    ; 0            ; 0          ; |C_2024_2M|sld_signaltap:auto_signaltap_0|sld_signaltap_impl:sld_signaltap_body|sld_signaltap_implb:sld_signaltap_body|sld_ela_control:ela_control|sld_ela_basic_multi_level_trigger:\basic_multi_level_mbpm_trigger_gen:multi_level_mbpm|sld_mbpmg:\trigger_modules_gen:0:trigger_match|sld_sbpmg:\gen_sbpmg_pipeline_less_than_two:sm0:6:sm1        ; sld_sbpmg                         ; work         ;
;                      |sld_sbpmg:\gen_sbpmg_pipeline_less_than_two:sm0:7:sm1|                                                            ; 2 (2)               ; 2 (2)                     ; 0           ; 0          ; 0            ; 0       ; 0         ; 0    ; 0            ; 0          ; |C_2024_2M|sld_signaltap:auto_signaltap_0|sld_signaltap_impl:sld_signaltap_body|sld_signaltap_implb:sld_signaltap_body|sld_ela_control:ela_control|sld_ela_basic_multi_level_trigger:\basic_multi_level_mbpm_trigger_gen:multi_level_mbpm|sld_mbpmg:\trigger_modules_gen:0:trigger_match|sld_sbpmg:\gen_sbpmg_pipeline_less_than_two:sm0:7:sm1        ; sld_sbpmg                         ; work         ;
;                      |sld_sbpmg:\gen_sbpmg_pipeline_less_than_two:sm0:8:sm1|                                                            ; 2 (2)               ; 2 (2)                     ; 0           ; 0          ; 0            ; 0       ; 0         ; 0    ; 0            ; 0          ; |C_2024_2M|sld_signaltap:auto_signaltap_0|sld_signaltap_impl:sld_signaltap_body|sld_signaltap_implb:sld_signaltap_body|sld_ela_control:ela_control|sld_ela_basic_multi_level_trigger:\basic_multi_level_mbpm_trigger_gen:multi_level_mbpm|sld_mbpmg:\trigger_modules_gen:0:trigger_match|sld_sbpmg:\gen_sbpmg_pipeline_less_than_two:sm0:8:sm1        ; sld_sbpmg                         ; work         ;
;                      |sld_sbpmg:\gen_sbpmg_pipeline_less_than_two:sm0:9:sm1|                                                            ; 2 (2)               ; 2 (2)                     ; 0           ; 0          ; 0            ; 0       ; 0         ; 0    ; 0            ; 0          ; |C_2024_2M|sld_signaltap:auto_signaltap_0|sld_signaltap_impl:sld_signaltap_body|sld_signaltap_implb:sld_signaltap_body|sld_ela_control:ela_control|sld_ela_basic_multi_level_trigger:\basic_multi_level_mbpm_trigger_gen:multi_level_mbpm|sld_mbpmg:\trigger_modules_gen:0:trigger_match|sld_sbpmg:\gen_sbpmg_pipeline_less_than_two:sm0:9:sm1        ; sld_sbpmg                         ; work         ;
;                |sld_ela_trigger_flow_mgr:\builtin:ela_trigger_flow_mgr_entity|                                                          ; 12 (12)             ; 11 (1)                    ; 0           ; 0          ; 0            ; 0       ; 0         ; 0    ; 0            ; 0          ; |C_2024_2M|sld_signaltap:auto_signaltap_0|sld_signaltap_impl:sld_signaltap_body|sld_signaltap_implb:sld_signaltap_body|sld_ela_control:ela_control|sld_ela_trigger_flow_mgr:\builtin:ela_trigger_flow_mgr_entity                                                                                                                                      ; sld_ela_trigger_flow_mgr          ; work         ;
;                   |lpm_shiftreg:trigger_config_deserialize|                                                                             ; 0 (0)               ; 10 (10)                   ; 0           ; 0          ; 0            ; 0       ; 0         ; 0    ; 0            ; 0          ; |C_2024_2M|sld_signaltap:auto_signaltap_0|sld_signaltap_impl:sld_signaltap_body|sld_signaltap_implb:sld_signaltap_body|sld_ela_control:ela_control|sld_ela_trigger_flow_mgr:\builtin:ela_trigger_flow_mgr_entity|lpm_shiftreg:trigger_config_deserialize                                                                                              ; lpm_shiftreg                      ; work         ;
;             |sld_offload_buffer_mgr:\stp_non_zero_depth_offload_gen:stp_offload_buff_mgr_inst|                                          ; 167 (10)            ; 151 (0)                   ; 0           ; 0          ; 0            ; 0       ; 0         ; 0    ; 0            ; 0          ; |C_2024_2M|sld_signaltap:auto_signaltap_0|sld_signaltap_impl:sld_signaltap_body|sld_signaltap_implb:sld_signaltap_body|sld_offload_buffer_mgr:\stp_non_zero_depth_offload_gen:stp_offload_buff_mgr_inst                                                                                                                                               ; sld_offload_buffer_mgr            ; work         ;
;                |lpm_counter:\adv_point_3_and_more:advance_pointer_counter|                                                              ; 9 (0)               ; 7 (0)                     ; 0           ; 0          ; 0            ; 0       ; 0         ; 0    ; 0            ; 0          ; |C_2024_2M|sld_signaltap:auto_signaltap_0|sld_signaltap_impl:sld_signaltap_body|sld_signaltap_implb:sld_signaltap_body|sld_offload_buffer_mgr:\stp_non_zero_depth_offload_gen:stp_offload_buff_mgr_inst|lpm_counter:\adv_point_3_and_more:advance_pointer_counter                                                                                     ; lpm_counter                       ; work         ;
;                   |cntr_frh:auto_generated|                                                                                             ; 9 (9)               ; 7 (7)                     ; 0           ; 0          ; 0            ; 0       ; 0         ; 0    ; 0            ; 0          ; |C_2024_2M|sld_signaltap:auto_signaltap_0|sld_signaltap_impl:sld_signaltap_body|sld_signaltap_implb:sld_signaltap_body|sld_offload_buffer_mgr:\stp_non_zero_depth_offload_gen:stp_offload_buff_mgr_inst|lpm_counter:\adv_point_3_and_more:advance_pointer_counter|cntr_frh:auto_generated                                                             ; cntr_frh                          ; work         ;
;                |lpm_counter:read_pointer_counter|                                                                                       ; 10 (0)              ; 10 (0)                    ; 0           ; 0          ; 0            ; 0       ; 0         ; 0    ; 0            ; 0          ; |C_2024_2M|sld_signaltap:auto_signaltap_0|sld_signaltap_impl:sld_signaltap_body|sld_signaltap_implb:sld_signaltap_body|sld_offload_buffer_mgr:\stp_non_zero_depth_offload_gen:stp_offload_buff_mgr_inst|lpm_counter:read_pointer_counter                                                                                                              ; lpm_counter                       ; work         ;
;                   |cntr_uji:auto_generated|                                                                                             ; 10 (10)             ; 10 (10)                   ; 0           ; 0          ; 0            ; 0       ; 0         ; 0    ; 0            ; 0          ; |C_2024_2M|sld_signaltap:auto_signaltap_0|sld_signaltap_impl:sld_signaltap_body|sld_signaltap_implb:sld_signaltap_body|sld_offload_buffer_mgr:\stp_non_zero_depth_offload_gen:stp_offload_buff_mgr_inst|lpm_counter:read_pointer_counter|cntr_uji:auto_generated                                                                                      ; cntr_uji                          ; work         ;
;                |lpm_counter:status_advance_pointer_counter|                                                                             ; 7 (0)               ; 5 (0)                     ; 0           ; 0          ; 0            ; 0       ; 0         ; 0    ; 0            ; 0          ; |C_2024_2M|sld_signaltap:auto_signaltap_0|sld_signaltap_impl:sld_signaltap_body|sld_signaltap_implb:sld_signaltap_body|sld_offload_buffer_mgr:\stp_non_zero_depth_offload_gen:stp_offload_buff_mgr_inst|lpm_counter:status_advance_pointer_counter                                                                                                    ; lpm_counter                       ; work         ;
;                   |cntr_2rh:auto_generated|                                                                                             ; 7 (7)               ; 5 (5)                     ; 0           ; 0          ; 0            ; 0       ; 0         ; 0    ; 0            ; 0          ; |C_2024_2M|sld_signaltap:auto_signaltap_0|sld_signaltap_impl:sld_signaltap_body|sld_signaltap_implb:sld_signaltap_body|sld_offload_buffer_mgr:\stp_non_zero_depth_offload_gen:stp_offload_buff_mgr_inst|lpm_counter:status_advance_pointer_counter|cntr_2rh:auto_generated                                                                            ; cntr_2rh                          ; work         ;
;                |lpm_counter:status_read_pointer_counter|                                                                                ; 3 (0)               ; 1 (0)                     ; 0           ; 0          ; 0            ; 0       ; 0         ; 0    ; 0            ; 0          ; |C_2024_2M|sld_signaltap:auto_signaltap_0|sld_signaltap_impl:sld_signaltap_body|sld_signaltap_implb:sld_signaltap_body|sld_offload_buffer_mgr:\stp_non_zero_depth_offload_gen:stp_offload_buff_mgr_inst|lpm_counter:status_read_pointer_counter                                                                                                       ; lpm_counter                       ; work         ;
;                   |cntr_odi:auto_generated|                                                                                             ; 3 (3)               ; 1 (1)                     ; 0           ; 0          ; 0            ; 0       ; 0         ; 0    ; 0            ; 0          ; |C_2024_2M|sld_signaltap:auto_signaltap_0|sld_signaltap_impl:sld_signaltap_body|sld_signaltap_implb:sld_signaltap_body|sld_offload_buffer_mgr:\stp_non_zero_depth_offload_gen:stp_offload_buff_mgr_inst|lpm_counter:status_read_pointer_counter|cntr_odi:auto_generated                                                                               ; cntr_odi                          ; work         ;
;                |lpm_shiftreg:info_data_shift_out|                                                                                       ; 21 (21)             ; 21 (21)                   ; 0           ; 0          ; 0            ; 0       ; 0         ; 0    ; 0            ; 0          ; |C_2024_2M|sld_signaltap:auto_signaltap_0|sld_signaltap_impl:sld_signaltap_body|sld_signaltap_implb:sld_signaltap_body|sld_offload_buffer_mgr:\stp_non_zero_depth_offload_gen:stp_offload_buff_mgr_inst|lpm_shiftreg:info_data_shift_out                                                                                                              ; lpm_shiftreg                      ; work         ;
;                |lpm_shiftreg:ram_data_shift_out|                                                                                        ; 86 (86)             ; 86 (86)                   ; 0           ; 0          ; 0            ; 0       ; 0         ; 0    ; 0            ; 0          ; |C_2024_2M|sld_signaltap:auto_signaltap_0|sld_signaltap_impl:sld_signaltap_body|sld_signaltap_implb:sld_signaltap_body|sld_offload_buffer_mgr:\stp_non_zero_depth_offload_gen:stp_offload_buff_mgr_inst|lpm_shiftreg:ram_data_shift_out                                                                                                               ; lpm_shiftreg                      ; work         ;
;                |lpm_shiftreg:status_data_shift_out|                                                                                     ; 21 (21)             ; 21 (21)                   ; 0           ; 0          ; 0            ; 0       ; 0         ; 0    ; 0            ; 0          ; |C_2024_2M|sld_signaltap:auto_signaltap_0|sld_signaltap_impl:sld_signaltap_body|sld_signaltap_implb:sld_signaltap_body|sld_offload_buffer_mgr:\stp_non_zero_depth_offload_gen:stp_offload_buff_mgr_inst|lpm_shiftreg:status_data_shift_out                                                                                                            ; lpm_shiftreg                      ; work         ;
;             |sld_rom_sr:crc_rom_sr|                                                                                                     ; 30 (30)             ; 8 (8)                     ; 0           ; 0          ; 0            ; 0       ; 0         ; 0    ; 0            ; 0          ; |C_2024_2M|sld_signaltap:auto_signaltap_0|sld_signaltap_impl:sld_signaltap_body|sld_signaltap_implb:sld_signaltap_body|sld_rom_sr:crc_rom_sr                                                                                                                                                                                                          ; sld_rom_sr                        ; work         ;
+-----------------------------------------------------------------------------------------------------------------------------------------+---------------------+---------------------------+-------------+------------+--------------+---------+-----------+------+--------------+------------+-------------------------------------------------------------------------------------------------------------------------------------------------------------------------------------------------------------------------------------------------------------------------------------------------------------------------------------------------------+-----------------------------------+--------------+
Note: For table entries with two numbers listed, the numbers in parentheses indicate the number of resources of the given type used by the specific entity alone. The numbers listed outside of parentheses indicate the total resources of the given type used by the specific entity and all of its sub-entities in the hierarchy.


+------------------------------------------------------------------------------------------------------------------------------------------------------------------------------------------------------------------------------------------------------------------------------------------------------------------------------------------------------------------------+
; Analysis & Synthesis RAM Summary                                                                                                                                                                                                                                                                                                                                       ;
+----------------------------------------------------------------------------------------------------------------------------------------------------------------------------------------------------------------------------+------+------------------+--------------+--------------+--------------+--------------+-------+---------------------------------------------+
; Name                                                                                                                                                                                                                       ; Type ; Mode             ; Port A Depth ; Port A Width ; Port B Depth ; Port B Width ; Size  ; MIF                                         ;
+----------------------------------------------------------------------------------------------------------------------------------------------------------------------------------------------------------------------------+------+------------------+--------------+--------------+--------------+--------------+-------+---------------------------------------------+
; DDS_lite:DDS_lite_inst|dds_ctrl_lite:dds_ctrl_lite_inst|rom_wave_sin:rom_ip_inst_1|altsyncram:altsyncram_component|altsyncram_6eb1:auto_generated|ALTSYNCRAM                                                               ; AUTO ; ROM              ; 4096         ; 8            ; --           ; --           ; 32768 ; D:/Quartus_code/C_2024_2M/ip/rom/sin_2M.mif ;
; DDS_time_delay_2M:DDS_time_delay_2M_inst|DDS_lite_phase:u_DDS_lite_phase|dds_ctrl_lite_phase:dds_ctrl_lite_phase_inst|rom_wave_sin:rom_ip_inst_1|altsyncram:altsyncram_component|altsyncram_6eb1:auto_generated|ALTSYNCRAM ; AUTO ; ROM              ; 4096         ; 8            ; --           ; --           ; 32768 ; D:/Quartus_code/C_2024_2M/ip/rom/sin_2M.mif ;
; sld_signaltap:auto_signaltap_0|sld_signaltap_impl:sld_signaltap_body|sld_signaltap_implb:sld_signaltap_body|altsyncram:\stp_non_zero_ram_gen:stp_buffer_ram|altsyncram_kl14:auto_generated|ALTSYNCRAM                      ; AUTO ; Simple Dual Port ; 1024         ; 86           ; 1024         ; 86           ; 88064 ; None                                        ;
+----------------------------------------------------------------------------------------------------------------------------------------------------------------------------------------------------------------------------+------+------------------+--------------+--------------+--------------+--------------+-------+---------------------------------------------+


+------------------------------------------------------------------------------------------------------------------------------------------------------------------------------------------------------------------------------------------------------------------------------------------------------------------------------------------------------------------------+
; Analysis & Synthesis IP Cores Summary                                                                                                                                                                                                                                                                                                                                  ;
+--------+--------------+---------+--------------+--------------+--------------------------------------------------------------------------------------------------------------------------------------------------------------------------------------------------------------------------------------------------------------------------------+-----------------------+
; Vendor ; IP Core Name ; Version ; Release Date ; License Type ; Entity Instance                                                                                                                                                                                                                                                                ; IP Include File       ;
+--------+--------------+---------+--------------+--------------+--------------------------------------------------------------------------------------------------------------------------------------------------------------------------------------------------------------------------------------------------------------------------------+-----------------------+
; Altera ; ROM: 1-PORT  ; 17.1    ; N/A          ; N/A          ; |C_2024_2M|DDS_lite:DDS_lite_inst|dds_ctrl_lite:dds_ctrl_lite_inst|rom_wave_sin:rom_ip_inst_1                                                                                                                                                                                  ; ip/rom/rom_wave_sin.v ;
; Altera ; ROM: 1-PORT  ; 17.1    ; N/A          ; N/A          ; |C_2024_2M|DDS_time_delay_2M:DDS_time_delay_2M_inst|DDS_lite_phase:u_DDS_lite_phase|dds_ctrl_lite_phase:dds_ctrl_lite_phase_inst|rom_wave_sin:rom_ip_inst_1                                                                                                                    ; ip/rom/rom_wave_sin.v ;
; Altera ; Signal Tap   ; N/A     ; N/A          ; Licensed     ; |C_2024_2M|sld_hub:auto_hub|alt_sld_fab_with_jtag_input:\instrumentation_fabric_with_node_gen:fabric_gen_new_way:with_jtag_input_gen:instrumentation_fabric|alt_sld_fab:instrumentation_fabric                                                                                 ;                       ;
; Altera ; Signal Tap   ; N/A     ; N/A          ; Licensed     ; |C_2024_2M|sld_hub:auto_hub|alt_sld_fab_with_jtag_input:\instrumentation_fabric_with_node_gen:fabric_gen_new_way:with_jtag_input_gen:instrumentation_fabric|alt_sld_fab:instrumentation_fabric|alt_sld_fab_alt_sld_fab:alt_sld_fab                                             ;                       ;
; Altera ; Signal Tap   ; N/A     ; N/A          ; Licensed     ; |C_2024_2M|sld_hub:auto_hub|alt_sld_fab_with_jtag_input:\instrumentation_fabric_with_node_gen:fabric_gen_new_way:with_jtag_input_gen:instrumentation_fabric|alt_sld_fab:instrumentation_fabric|alt_sld_fab_alt_sld_fab:alt_sld_fab|alt_sld_fab_alt_sld_fab_presplit:presplit   ;                       ;
; Altera ; Signal Tap   ; N/A     ; N/A          ; Licensed     ; |C_2024_2M|sld_hub:auto_hub|alt_sld_fab_with_jtag_input:\instrumentation_fabric_with_node_gen:fabric_gen_new_way:with_jtag_input_gen:instrumentation_fabric|alt_sld_fab:instrumentation_fabric|alt_sld_fab_alt_sld_fab:alt_sld_fab|alt_sld_fab_alt_sld_fab_sldfabric:sldfabric ;                       ;
; Altera ; Signal Tap   ; N/A     ; N/A          ; Licensed     ; |C_2024_2M|sld_hub:auto_hub|alt_sld_fab_with_jtag_input:\instrumentation_fabric_with_node_gen:fabric_gen_new_way:with_jtag_input_gen:instrumentation_fabric|alt_sld_fab:instrumentation_fabric|alt_sld_fab_alt_sld_fab:alt_sld_fab|alt_sld_fab_alt_sld_fab_splitter:splitter   ;                       ;
; Altera ; ALTPLL       ; 17.1    ; N/A          ; N/A          ; |C_2024_2M|pll_ip:pll_ip_inst                                                                                                                                                                                                                                                  ; ip/pll/pll_ip.v       ;
+--------+--------------+---------+--------------+--------------+--------------------------------------------------------------------------------------------------------------------------------------------------------------------------------------------------------------------------------------------------------------------------------+-----------------------+


+----------------------------------------------------------------------------------------------------------------------------------------------------------------------------------------------------------------------------------------------------------------------------------------------+
; Registers Removed During Synthesis                                                                                                                                                                                                                                                           ;
+-----------------------------------------------------------------------------------------------------------------------------------------+----------------------------------------------------------------------------------------------------------------------------------------------------+
; Register name                                                                                                                           ; Reason for Removal                                                                                                                                 ;
+-----------------------------------------------------------------------------------------------------------------------------------------+----------------------------------------------------------------------------------------------------------------------------------------------------+
; DDS_lite:DDS_lite_inst|En_r[0]                                                                                                          ; Merged with DDS_time_delay_2M:DDS_time_delay_2M_inst|DDS_lite_phase:u_DDS_lite_phase|En_r[0]                                                       ;
; DDS_time_delay_2M:DDS_time_delay_2M_inst|DDS_lite_phase:u_DDS_lite_phase|dds_ctrl_lite_phase:dds_ctrl_lite_phase_inst|frequency_add[0]  ; Merged with DDS_time_delay_2M:DDS_time_delay_2M_inst|DDS_lite_phase:u_DDS_lite_phase|dds_ctrl_lite_phase:dds_ctrl_lite_phase_inst|frequency_add[1] ;
; DDS_time_delay_2M:DDS_time_delay_2M_inst|DDS_lite_phase:u_DDS_lite_phase|En_r[1]                                                        ; Merged with DDS_lite:DDS_lite_inst|En_r[1]                                                                                                         ;
; DDS_lite:DDS_lite_inst|dds_ctrl_lite:dds_ctrl_lite_inst|frequency_add[0]                                                                ; Merged with DDS_lite:DDS_lite_inst|dds_ctrl_lite:dds_ctrl_lite_inst|frequency_add[1]                                                               ;
; DDS_lite:DDS_lite_inst|En_r[2]                                                                                                          ; Merged with DDS_time_delay_2M:DDS_time_delay_2M_inst|DDS_lite_phase:u_DDS_lite_phase|En_r[2]                                                       ;
; DDS_time_delay_2M:DDS_time_delay_2M_inst|DDS_lite_phase:u_DDS_lite_phase|En_r[3]                                                        ; Merged with DDS_lite:DDS_lite_inst|En_r[3]                                                                                                         ;
; DDS_time_delay_2M:DDS_time_delay_2M_inst|DDS_lite_phase:u_DDS_lite_phase|DDS_en                                                         ; Merged with DDS_lite:DDS_lite_inst|DDS_en                                                                                                          ;
; DDS_time_delay_2M:DDS_time_delay_2M_inst|delay_phase[3]                                                                                 ; Merged with DDS_time_delay_2M:DDS_time_delay_2M_inst|delay_phase[1]                                                                                ;
; DDS_time_delay_2M:DDS_time_delay_2M_inst|DDS_lite_phase:u_DDS_lite_phase|dds_ctrl_lite_phase:dds_ctrl_lite_phase_inst|frequency_add[24] ; Merged with DDS_lite:DDS_lite_inst|dds_ctrl_lite:dds_ctrl_lite_inst|frequency_add[24]                                                              ;
; DDS_time_delay_2M:DDS_time_delay_2M_inst|DDS_lite_phase:u_DDS_lite_phase|dds_ctrl_lite_phase:dds_ctrl_lite_phase_inst|frequency_add[25] ; Merged with DDS_lite:DDS_lite_inst|dds_ctrl_lite:dds_ctrl_lite_inst|frequency_add[25]                                                              ;
; DDS_time_delay_2M:DDS_time_delay_2M_inst|DDS_lite_phase:u_DDS_lite_phase|dds_ctrl_lite_phase:dds_ctrl_lite_phase_inst|frequency_add[26] ; Merged with DDS_lite:DDS_lite_inst|dds_ctrl_lite:dds_ctrl_lite_inst|frequency_add[26]                                                              ;
; DDS_time_delay_2M:DDS_time_delay_2M_inst|DDS_lite_phase:u_DDS_lite_phase|dds_ctrl_lite_phase:dds_ctrl_lite_phase_inst|frequency_add[27] ; Merged with DDS_lite:DDS_lite_inst|dds_ctrl_lite:dds_ctrl_lite_inst|frequency_add[27]                                                              ;
; DDS_time_delay_2M:DDS_time_delay_2M_inst|DDS_lite_phase:u_DDS_lite_phase|dds_ctrl_lite_phase:dds_ctrl_lite_phase_inst|frequency_add[28] ; Merged with DDS_lite:DDS_lite_inst|dds_ctrl_lite:dds_ctrl_lite_inst|frequency_add[28]                                                              ;
; DDS_time_delay_2M:DDS_time_delay_2M_inst|DDS_lite_phase:u_DDS_lite_phase|dds_ctrl_lite_phase:dds_ctrl_lite_phase_inst|frequency_add[29] ; Merged with DDS_lite:DDS_lite_inst|dds_ctrl_lite:dds_ctrl_lite_inst|frequency_add[29]                                                              ;
; DDS_time_delay_2M:DDS_time_delay_2M_inst|DDS_lite_phase:u_DDS_lite_phase|dds_ctrl_lite_phase:dds_ctrl_lite_phase_inst|frequency_add[30] ; Merged with DDS_lite:DDS_lite_inst|dds_ctrl_lite:dds_ctrl_lite_inst|frequency_add[30]                                                              ;
; DDS_time_delay_2M:DDS_time_delay_2M_inst|DDS_lite_phase:u_DDS_lite_phase|dds_ctrl_lite_phase:dds_ctrl_lite_phase_inst|frequency_add[31] ; Merged with DDS_lite:DDS_lite_inst|dds_ctrl_lite:dds_ctrl_lite_inst|frequency_add[31]                                                              ;
; DDS_time_delay_2M:DDS_time_delay_2M_inst|DDS_lite_phase:u_DDS_lite_phase|dds_ctrl_lite_phase:dds_ctrl_lite_phase_inst|frequency_add[32] ; Merged with DDS_lite:DDS_lite_inst|dds_ctrl_lite:dds_ctrl_lite_inst|frequency_add[32]                                                              ;
; DDS_time_delay_2M:DDS_time_delay_2M_inst|DDS_lite_phase:u_DDS_lite_phase|dds_ctrl_lite_phase:dds_ctrl_lite_phase_inst|frequency_add[33] ; Merged with DDS_lite:DDS_lite_inst|dds_ctrl_lite:dds_ctrl_lite_inst|frequency_add[33]                                                              ;
; DDS_time_delay_2M:DDS_time_delay_2M_inst|DDS_lite_phase:u_DDS_lite_phase|dds_ctrl_lite_phase:dds_ctrl_lite_phase_inst|frequency_add[34] ; Merged with DDS_lite:DDS_lite_inst|dds_ctrl_lite:dds_ctrl_lite_inst|frequency_add[34]                                                              ;
; DDS_time_delay_2M:DDS_time_delay_2M_inst|DDS_lite_phase:u_DDS_lite_phase|dds_ctrl_lite_phase:dds_ctrl_lite_phase_inst|frequency_add[35] ; Merged with DDS_lite:DDS_lite_inst|dds_ctrl_lite:dds_ctrl_lite_inst|frequency_add[35]                                                              ;
; DDS_time_delay_2M:DDS_time_delay_2M_inst|DDS_lite_phase:u_DDS_lite_phase|dds_ctrl_lite_phase:dds_ctrl_lite_phase_inst|frequency_add[23] ; Merged with DDS_lite:DDS_lite_inst|dds_ctrl_lite:dds_ctrl_lite_inst|frequency_add[23]                                                              ;
; DDS_time_delay_2M:DDS_time_delay_2M_inst|DDS_lite_phase:u_DDS_lite_phase|dds_ctrl_lite_phase:dds_ctrl_lite_phase_inst|frequency_add[22] ; Merged with DDS_lite:DDS_lite_inst|dds_ctrl_lite:dds_ctrl_lite_inst|frequency_add[22]                                                              ;
; DDS_time_delay_2M:DDS_time_delay_2M_inst|DDS_lite_phase:u_DDS_lite_phase|dds_ctrl_lite_phase:dds_ctrl_lite_phase_inst|frequency_add[21] ; Merged with DDS_lite:DDS_lite_inst|dds_ctrl_lite:dds_ctrl_lite_inst|frequency_add[21]                                                              ;
; DDS_time_delay_2M:DDS_time_delay_2M_inst|DDS_lite_phase:u_DDS_lite_phase|dds_ctrl_lite_phase:dds_ctrl_lite_phase_inst|frequency_add[20] ; Merged with DDS_lite:DDS_lite_inst|dds_ctrl_lite:dds_ctrl_lite_inst|frequency_add[20]                                                              ;
; DDS_time_delay_2M:DDS_time_delay_2M_inst|DDS_lite_phase:u_DDS_lite_phase|dds_ctrl_lite_phase:dds_ctrl_lite_phase_inst|frequency_add[19] ; Merged with DDS_lite:DDS_lite_inst|dds_ctrl_lite:dds_ctrl_lite_inst|frequency_add[19]                                                              ;
; DDS_time_delay_2M:DDS_time_delay_2M_inst|DDS_lite_phase:u_DDS_lite_phase|dds_ctrl_lite_phase:dds_ctrl_lite_phase_inst|frequency_add[18] ; Merged with DDS_lite:DDS_lite_inst|dds_ctrl_lite:dds_ctrl_lite_inst|frequency_add[18]                                                              ;
; DDS_time_delay_2M:DDS_time_delay_2M_inst|DDS_lite_phase:u_DDS_lite_phase|dds_ctrl_lite_phase:dds_ctrl_lite_phase_inst|frequency_add[17] ; Merged with DDS_lite:DDS_lite_inst|dds_ctrl_lite:dds_ctrl_lite_inst|frequency_add[17]                                                              ;
; DDS_time_delay_2M:DDS_time_delay_2M_inst|DDS_lite_phase:u_DDS_lite_phase|dds_ctrl_lite_phase:dds_ctrl_lite_phase_inst|frequency_add[16] ; Merged with DDS_lite:DDS_lite_inst|dds_ctrl_lite:dds_ctrl_lite_inst|frequency_add[16]                                                              ;
; DDS_time_delay_2M:DDS_time_delay_2M_inst|DDS_lite_phase:u_DDS_lite_phase|dds_ctrl_lite_phase:dds_ctrl_lite_phase_inst|frequency_add[15] ; Merged with DDS_lite:DDS_lite_inst|dds_ctrl_lite:dds_ctrl_lite_inst|frequency_add[15]                                                              ;
; DDS_time_delay_2M:DDS_time_delay_2M_inst|DDS_lite_phase:u_DDS_lite_phase|dds_ctrl_lite_phase:dds_ctrl_lite_phase_inst|frequency_add[14] ; Merged with DDS_lite:DDS_lite_inst|dds_ctrl_lite:dds_ctrl_lite_inst|frequency_add[14]                                                              ;
; DDS_time_delay_2M:DDS_time_delay_2M_inst|DDS_lite_phase:u_DDS_lite_phase|dds_ctrl_lite_phase:dds_ctrl_lite_phase_inst|frequency_add[13] ; Merged with DDS_lite:DDS_lite_inst|dds_ctrl_lite:dds_ctrl_lite_inst|frequency_add[13]                                                              ;
; DDS_time_delay_2M:DDS_time_delay_2M_inst|DDS_lite_phase:u_DDS_lite_phase|dds_ctrl_lite_phase:dds_ctrl_lite_phase_inst|frequency_add[12] ; Merged with DDS_lite:DDS_lite_inst|dds_ctrl_lite:dds_ctrl_lite_inst|frequency_add[12]                                                              ;
; DDS_time_delay_2M:DDS_time_delay_2M_inst|DDS_lite_phase:u_DDS_lite_phase|dds_ctrl_lite_phase:dds_ctrl_lite_phase_inst|frequency_add[11] ; Merged with DDS_lite:DDS_lite_inst|dds_ctrl_lite:dds_ctrl_lite_inst|frequency_add[11]                                                              ;
; DDS_time_delay_2M:DDS_time_delay_2M_inst|DDS_lite_phase:u_DDS_lite_phase|dds_ctrl_lite_phase:dds_ctrl_lite_phase_inst|frequency_add[10] ; Merged with DDS_lite:DDS_lite_inst|dds_ctrl_lite:dds_ctrl_lite_inst|frequency_add[10]                                                              ;
; DDS_time_delay_2M:DDS_time_delay_2M_inst|DDS_lite_phase:u_DDS_lite_phase|dds_ctrl_lite_phase:dds_ctrl_lite_phase_inst|frequency_add[9]  ; Merged with DDS_lite:DDS_lite_inst|dds_ctrl_lite:dds_ctrl_lite_inst|frequency_add[9]                                                               ;
; DDS_time_delay_2M:DDS_time_delay_2M_inst|DDS_lite_phase:u_DDS_lite_phase|dds_ctrl_lite_phase:dds_ctrl_lite_phase_inst|frequency_add[8]  ; Merged with DDS_lite:DDS_lite_inst|dds_ctrl_lite:dds_ctrl_lite_inst|frequency_add[8]                                                               ;
; DDS_time_delay_2M:DDS_time_delay_2M_inst|DDS_lite_phase:u_DDS_lite_phase|dds_ctrl_lite_phase:dds_ctrl_lite_phase_inst|frequency_add[7]  ; Merged with DDS_lite:DDS_lite_inst|dds_ctrl_lite:dds_ctrl_lite_inst|frequency_add[7]                                                               ;
; DDS_time_delay_2M:DDS_time_delay_2M_inst|DDS_lite_phase:u_DDS_lite_phase|dds_ctrl_lite_phase:dds_ctrl_lite_phase_inst|frequency_add[6]  ; Merged with DDS_lite:DDS_lite_inst|dds_ctrl_lite:dds_ctrl_lite_inst|frequency_add[6]                                                               ;
; DDS_time_delay_2M:DDS_time_delay_2M_inst|DDS_lite_phase:u_DDS_lite_phase|dds_ctrl_lite_phase:dds_ctrl_lite_phase_inst|frequency_add[5]  ; Merged with DDS_lite:DDS_lite_inst|dds_ctrl_lite:dds_ctrl_lite_inst|frequency_add[5]                                                               ;
; DDS_time_delay_2M:DDS_time_delay_2M_inst|DDS_lite_phase:u_DDS_lite_phase|dds_ctrl_lite_phase:dds_ctrl_lite_phase_inst|frequency_add[4]  ; Merged with DDS_lite:DDS_lite_inst|dds_ctrl_lite:dds_ctrl_lite_inst|frequency_add[4]                                                               ;
; DDS_time_delay_2M:DDS_time_delay_2M_inst|DDS_lite_phase:u_DDS_lite_phase|dds_ctrl_lite_phase:dds_ctrl_lite_phase_inst|frequency_add[3]  ; Merged with DDS_lite:DDS_lite_inst|dds_ctrl_lite:dds_ctrl_lite_inst|frequency_add[3]                                                               ;
; DDS_time_delay_2M:DDS_time_delay_2M_inst|DDS_lite_phase:u_DDS_lite_phase|dds_ctrl_lite_phase:dds_ctrl_lite_phase_inst|frequency_add[2]  ; Merged with DDS_lite:DDS_lite_inst|dds_ctrl_lite:dds_ctrl_lite_inst|frequency_add[2]                                                               ;
; DDS_time_delay_2M:DDS_time_delay_2M_inst|DDS_lite_phase:u_DDS_lite_phase|dds_ctrl_lite_phase:dds_ctrl_lite_phase_inst|frequency_add[1]  ; Merged with DDS_lite:DDS_lite_inst|dds_ctrl_lite:dds_ctrl_lite_inst|frequency_add[1]                                                               ;
; DDS_lite:DDS_lite_inst|dds_ctrl_lite:dds_ctrl_lite_inst|frequency_add[1]                                                                ; Stuck at GND due to stuck port data_in                                                                                                             ;
; SPI_STM32F4:u_SPI_STM32F4|SPI:u_SPI_inst|r_Din[0..31]                                                                                   ; Stuck at GND due to stuck port data_in                                                                                                             ;
; SPI_STM32F4:u_SPI_STM32F4|SPI:u_SPI_inst|spi_sdo                                                                                        ; Stuck at GND due to stuck port data_in                                                                                                             ;
; Total Number of Removed Registers = 77                                                                                                  ;                                                                                                                                                    ;
+-----------------------------------------------------------------------------------------------------------------------------------------+----------------------------------------------------------------------------------------------------------------------------------------------------+


+-------------------------------------------------------------------------------------------------------------------------------------+
; Removed Registers Triggering Further Register Optimizations                                                                         ;
+---------------------------------------------------+---------------------------+-----------------------------------------------------+
; Register name                                     ; Reason for Removal        ; Registers Removed due to This Register              ;
+---------------------------------------------------+---------------------------+-----------------------------------------------------+
; SPI_STM32F4:u_SPI_STM32F4|SPI:u_SPI_inst|r_Din[0] ; Stuck at GND              ; SPI_STM32F4:u_SPI_STM32F4|SPI:u_SPI_inst|r_Din[1],  ;
;                                                   ; due to stuck port data_in ; SPI_STM32F4:u_SPI_STM32F4|SPI:u_SPI_inst|r_Din[2],  ;
;                                                   ;                           ; SPI_STM32F4:u_SPI_STM32F4|SPI:u_SPI_inst|r_Din[3],  ;
;                                                   ;                           ; SPI_STM32F4:u_SPI_STM32F4|SPI:u_SPI_inst|r_Din[4],  ;
;                                                   ;                           ; SPI_STM32F4:u_SPI_STM32F4|SPI:u_SPI_inst|r_Din[5],  ;
;                                                   ;                           ; SPI_STM32F4:u_SPI_STM32F4|SPI:u_SPI_inst|r_Din[6],  ;
;                                                   ;                           ; SPI_STM32F4:u_SPI_STM32F4|SPI:u_SPI_inst|r_Din[7],  ;
;                                                   ;                           ; SPI_STM32F4:u_SPI_STM32F4|SPI:u_SPI_inst|r_Din[8],  ;
;                                                   ;                           ; SPI_STM32F4:u_SPI_STM32F4|SPI:u_SPI_inst|r_Din[9],  ;
;                                                   ;                           ; SPI_STM32F4:u_SPI_STM32F4|SPI:u_SPI_inst|r_Din[10], ;
;                                                   ;                           ; SPI_STM32F4:u_SPI_STM32F4|SPI:u_SPI_inst|r_Din[11], ;
;                                                   ;                           ; SPI_STM32F4:u_SPI_STM32F4|SPI:u_SPI_inst|r_Din[12], ;
;                                                   ;                           ; SPI_STM32F4:u_SPI_STM32F4|SPI:u_SPI_inst|r_Din[13], ;
;                                                   ;                           ; SPI_STM32F4:u_SPI_STM32F4|SPI:u_SPI_inst|r_Din[14], ;
;                                                   ;                           ; SPI_STM32F4:u_SPI_STM32F4|SPI:u_SPI_inst|r_Din[15], ;
;                                                   ;                           ; SPI_STM32F4:u_SPI_STM32F4|SPI:u_SPI_inst|r_Din[16], ;
;                                                   ;                           ; SPI_STM32F4:u_SPI_STM32F4|SPI:u_SPI_inst|r_Din[17], ;
;                                                   ;                           ; SPI_STM32F4:u_SPI_STM32F4|SPI:u_SPI_inst|r_Din[18], ;
;                                                   ;                           ; SPI_STM32F4:u_SPI_STM32F4|SPI:u_SPI_inst|r_Din[19], ;
;                                                   ;                           ; SPI_STM32F4:u_SPI_STM32F4|SPI:u_SPI_inst|r_Din[20], ;
;                                                   ;                           ; SPI_STM32F4:u_SPI_STM32F4|SPI:u_SPI_inst|r_Din[21], ;
;                                                   ;                           ; SPI_STM32F4:u_SPI_STM32F4|SPI:u_SPI_inst|r_Din[22], ;
;                                                   ;                           ; SPI_STM32F4:u_SPI_STM32F4|SPI:u_SPI_inst|r_Din[23], ;
;                                                   ;                           ; SPI_STM32F4:u_SPI_STM32F4|SPI:u_SPI_inst|r_Din[24], ;
;                                                   ;                           ; SPI_STM32F4:u_SPI_STM32F4|SPI:u_SPI_inst|r_Din[25], ;
;                                                   ;                           ; SPI_STM32F4:u_SPI_STM32F4|SPI:u_SPI_inst|r_Din[26], ;
;                                                   ;                           ; SPI_STM32F4:u_SPI_STM32F4|SPI:u_SPI_inst|r_Din[27], ;
;                                                   ;                           ; SPI_STM32F4:u_SPI_STM32F4|SPI:u_SPI_inst|r_Din[28], ;
;                                                   ;                           ; SPI_STM32F4:u_SPI_STM32F4|SPI:u_SPI_inst|r_Din[29], ;
;                                                   ;                           ; SPI_STM32F4:u_SPI_STM32F4|SPI:u_SPI_inst|r_Din[30], ;
;                                                   ;                           ; SPI_STM32F4:u_SPI_STM32F4|SPI:u_SPI_inst|r_Din[31], ;
;                                                   ;                           ; SPI_STM32F4:u_SPI_STM32F4|SPI:u_SPI_inst|spi_sdo    ;
+---------------------------------------------------+---------------------------+-----------------------------------------------------+


+------------------------------------------------------+
; General Register Statistics                          ;
+----------------------------------------------+-------+
; Statistic                                    ; Value ;
+----------------------------------------------+-------+
; Total registers                              ; 1272  ;
; Number of registers using Synchronous Clear  ; 48    ;
; Number of registers using Synchronous Load   ; 69    ;
; Number of registers using Asynchronous Clear ; 476   ;
; Number of registers using Asynchronous Load  ; 0     ;
; Number of registers using Clock Enable       ; 461   ;
; Number of registers using Preset             ; 0     ;
+----------------------------------------------+-------+


+-------------------------------------------------------------------------------------------------------------------------------------------------------------------------------------------------------------------------------------------------------------------------------------------------------------------------------------------+
; Inverted Register Statistics                                                                                                                                                                                                                                                                                                              ;
+---------------------------------------------------------------------------------------------------------------------------------------------------------------------------------------------------------------------------------------------------------------------------------------------------------------------------------+---------+
; Inverted Register                                                                                                                                                                                                                                                                                                               ; Fan out ;
+---------------------------------------------------------------------------------------------------------------------------------------------------------------------------------------------------------------------------------------------------------------------------------------------------------------------------------+---------+
; SPI_STM32F4:u_SPI_STM32F4|SPI:u_SPI_inst|r_spi_sel[0]                                                                                                                                                                                                                                                                           ; 36      ;
; SPI_STM32F4:u_SPI_STM32F4|SPI:u_SPI_inst|r_spi_sel[1]                                                                                                                                                                                                                                                                           ; 35      ;
; sld_hub:auto_hub|alt_sld_fab_with_jtag_input:\instrumentation_fabric_with_node_gen:fabric_gen_new_way:with_jtag_input_gen:instrumentation_fabric|alt_sld_fab:instrumentation_fabric|alt_sld_fab_alt_sld_fab:alt_sld_fab|alt_sld_fab_alt_sld_fab_sldfabric:sldfabric|sld_jtag_hub:\jtag_hub_gen:real_sld_jtag_hub|jtag_ir_reg[2] ; 2       ;
; sld_hub:auto_hub|alt_sld_fab_with_jtag_input:\instrumentation_fabric_with_node_gen:fabric_gen_new_way:with_jtag_input_gen:instrumentation_fabric|alt_sld_fab:instrumentation_fabric|alt_sld_fab_alt_sld_fab:alt_sld_fab|alt_sld_fab_alt_sld_fab_sldfabric:sldfabric|sld_jtag_hub:\jtag_hub_gen:real_sld_jtag_hub|jtag_ir_reg[1] ; 3       ;
; sld_signaltap:auto_signaltap_0|sld_signaltap_impl:sld_signaltap_body|sld_signaltap_implb:sld_signaltap_body|sld_buffer_manager:sld_buffer_manager_inst|modified_post_count[1]                                                                                                                                                   ; 1       ;
; sld_signaltap:auto_signaltap_0|sld_signaltap_impl:sld_signaltap_body|sld_signaltap_implb:sld_signaltap_body|sld_buffer_manager:sld_buffer_manager_inst|modified_post_count[2]                                                                                                                                                   ; 1       ;
; sld_signaltap:auto_signaltap_0|sld_signaltap_impl:sld_signaltap_body|sld_signaltap_implb:sld_signaltap_body|sld_buffer_manager:sld_buffer_manager_inst|modified_post_count[3]                                                                                                                                                   ; 1       ;
; sld_signaltap:auto_signaltap_0|sld_signaltap_impl:sld_signaltap_body|sld_signaltap_implb:sld_signaltap_body|sld_buffer_manager:sld_buffer_manager_inst|modified_post_count[4]                                                                                                                                                   ; 1       ;
; sld_signaltap:auto_signaltap_0|sld_signaltap_impl:sld_signaltap_body|sld_signaltap_implb:sld_signaltap_body|sld_buffer_manager:sld_buffer_manager_inst|modified_post_count[5]                                                                                                                                                   ; 1       ;
; sld_signaltap:auto_signaltap_0|sld_signaltap_impl:sld_signaltap_body|sld_signaltap_implb:sld_signaltap_body|sld_buffer_manager:sld_buffer_manager_inst|modified_post_count[6]                                                                                                                                                   ; 1       ;
; sld_signaltap:auto_signaltap_0|sld_signaltap_impl:sld_signaltap_body|sld_signaltap_implb:sld_signaltap_body|sld_buffer_manager:sld_buffer_manager_inst|modified_post_count[7]                                                                                                                                                   ; 1       ;
; sld_signaltap:auto_signaltap_0|sld_signaltap_impl:sld_signaltap_body|sld_signaltap_implb:sld_signaltap_body|sld_buffer_manager:sld_buffer_manager_inst|modified_post_count[8]                                                                                                                                                   ; 1       ;
; sld_signaltap:auto_signaltap_0|sld_signaltap_impl:sld_signaltap_body|sld_signaltap_implb:sld_signaltap_body|sld_buffer_manager:sld_buffer_manager_inst|modified_post_count[9]                                                                                                                                                   ; 1       ;
; sld_signaltap:auto_signaltap_0|sld_signaltap_impl:sld_signaltap_body|sld_signaltap_implb:sld_signaltap_body|sld_buffer_manager:sld_buffer_manager_inst|modified_post_count[10]                                                                                                                                                  ; 2       ;
; sld_signaltap:auto_signaltap_0|sld_signaltap_impl:sld_signaltap_body|sld_signaltap_implb:sld_signaltap_body|sld_buffer_manager:sld_buffer_manager_inst|modified_post_count[0]                                                                                                                                                   ; 1       ;
; Total number of inverted registers = 15                                                                                                                                                                                                                                                                                         ;         ;
+---------------------------------------------------------------------------------------------------------------------------------------------------------------------------------------------------------------------------------------------------------------------------------------------------------------------------------+---------+


+---------------------------------------------------------------------------------------------------------------------------------------------------------------------------------------------------------------+
; Multiplexer Restructuring Statistics (Restructuring Performed)                                                                                                                                                ;
+--------------------+-----------+---------------+----------------------+------------------------+------------+-------------------------------------------------------------------------------------------------+
; Multiplexer Inputs ; Bus Width ; Baseline Area ; Area if Restructured ; Saving if Restructured ; Registered ; Example Multiplexer Output                                                                      ;
+--------------------+-----------+---------------+----------------------+------------------------+------------+-------------------------------------------------------------------------------------------------+
; 3:1                ; 32 bits   ; 64 LEs        ; 32 LEs               ; 32 LEs                 ; Yes        ; |C_2024_2M|SPI_STM32F4:u_SPI_STM32F4|SPI:u_SPI_inst|Dout[10]                                    ;
; 16:1               ; 2 bits    ; 20 LEs        ; 8 LEs                ; 12 LEs                 ; Yes        ; |C_2024_2M|DDS_lite:DDS_lite_inst|dac_data[7]                                                   ;
; 16:1               ; 2 bits    ; 20 LEs        ; 10 LEs               ; 10 LEs                 ; Yes        ; |C_2024_2M|DDS_time_delay_2M:DDS_time_delay_2M_inst|DDS_lite_phase:u_DDS_lite_phase|dac_data[6] ;
; 256:1              ; 7 bits    ; 1190 LEs      ; 28 LEs               ; 1162 LEs               ; Yes        ; |C_2024_2M|DDS_time_delay_2M:DDS_time_delay_2M_inst|delay_phase[7]                              ;
; 13:1               ; 12 bits   ; 96 LEs        ; 60 LEs               ; 36 LEs                 ; Yes        ; |C_2024_2M|DDS_lite:DDS_lite_inst|dac_data[0]                                                   ;
+--------------------+-----------+---------------+----------------------+------------------------+------------+-------------------------------------------------------------------------------------------------+


+--------------------------------------------------------+
; Source assignments for SPI_STM32F4:u_SPI_STM32F4       ;
+------------------------------+-------+------+----------+
; Assignment                   ; Value ; From ; To       ;
+------------------------------+-------+------+----------+
; IGNORE_LCELL_BUFFERS         ; off   ; -    ; Dout[27] ;
; REMOVE_REDUNDANT_LOGIC_CELLS ; off   ; -    ; Dout[27] ;
; IGNORE_LCELL_BUFFERS         ; off   ; -    ; Dout[26] ;
; REMOVE_REDUNDANT_LOGIC_CELLS ; off   ; -    ; Dout[26] ;
; IGNORE_LCELL_BUFFERS         ; off   ; -    ; Dout[25] ;
; REMOVE_REDUNDANT_LOGIC_CELLS ; off   ; -    ; Dout[25] ;
; IGNORE_LCELL_BUFFERS         ; off   ; -    ; Dout[24] ;
; REMOVE_REDUNDANT_LOGIC_CELLS ; off   ; -    ; Dout[24] ;
; IGNORE_LCELL_BUFFERS         ; off   ; -    ; Dout[23] ;
; REMOVE_REDUNDANT_LOGIC_CELLS ; off   ; -    ; Dout[23] ;
; IGNORE_LCELL_BUFFERS         ; off   ; -    ; Dout[22] ;
; REMOVE_REDUNDANT_LOGIC_CELLS ; off   ; -    ; Dout[22] ;
; IGNORE_LCELL_BUFFERS         ; off   ; -    ; Dout[21] ;
; REMOVE_REDUNDANT_LOGIC_CELLS ; off   ; -    ; Dout[21] ;
; IGNORE_LCELL_BUFFERS         ; off   ; -    ; Dout[20] ;
; REMOVE_REDUNDANT_LOGIC_CELLS ; off   ; -    ; Dout[20] ;
; IGNORE_LCELL_BUFFERS         ; off   ; -    ; Dout[19] ;
; REMOVE_REDUNDANT_LOGIC_CELLS ; off   ; -    ; Dout[19] ;
; IGNORE_LCELL_BUFFERS         ; off   ; -    ; Dout[18] ;
; REMOVE_REDUNDANT_LOGIC_CELLS ; off   ; -    ; Dout[18] ;
; IGNORE_LCELL_BUFFERS         ; off   ; -    ; Dout[17] ;
; REMOVE_REDUNDANT_LOGIC_CELLS ; off   ; -    ; Dout[17] ;
; IGNORE_LCELL_BUFFERS         ; off   ; -    ; Dout[16] ;
; REMOVE_REDUNDANT_LOGIC_CELLS ; off   ; -    ; Dout[16] ;
; IGNORE_LCELL_BUFFERS         ; off   ; -    ; Dout[15] ;
; REMOVE_REDUNDANT_LOGIC_CELLS ; off   ; -    ; Dout[15] ;
; IGNORE_LCELL_BUFFERS         ; off   ; -    ; Dout[14] ;
; REMOVE_REDUNDANT_LOGIC_CELLS ; off   ; -    ; Dout[14] ;
; IGNORE_LCELL_BUFFERS         ; off   ; -    ; Dout[13] ;
; REMOVE_REDUNDANT_LOGIC_CELLS ; off   ; -    ; Dout[13] ;
; IGNORE_LCELL_BUFFERS         ; off   ; -    ; Dout[12] ;
; REMOVE_REDUNDANT_LOGIC_CELLS ; off   ; -    ; Dout[12] ;
; IGNORE_LCELL_BUFFERS         ; off   ; -    ; Dout[11] ;
; REMOVE_REDUNDANT_LOGIC_CELLS ; off   ; -    ; Dout[11] ;
; IGNORE_LCELL_BUFFERS         ; off   ; -    ; Dout[10] ;
; REMOVE_REDUNDANT_LOGIC_CELLS ; off   ; -    ; Dout[10] ;
; IGNORE_LCELL_BUFFERS         ; off   ; -    ; Dout[9]  ;
; REMOVE_REDUNDANT_LOGIC_CELLS ; off   ; -    ; Dout[9]  ;
; IGNORE_LCELL_BUFFERS         ; off   ; -    ; Dout[8]  ;
; REMOVE_REDUNDANT_LOGIC_CELLS ; off   ; -    ; Dout[8]  ;
; IGNORE_LCELL_BUFFERS         ; off   ; -    ; Dout[7]  ;
; REMOVE_REDUNDANT_LOGIC_CELLS ; off   ; -    ; Dout[7]  ;
; IGNORE_LCELL_BUFFERS         ; off   ; -    ; Dout[6]  ;
; REMOVE_REDUNDANT_LOGIC_CELLS ; off   ; -    ; Dout[6]  ;
; IGNORE_LCELL_BUFFERS         ; off   ; -    ; Dout[5]  ;
; REMOVE_REDUNDANT_LOGIC_CELLS ; off   ; -    ; Dout[5]  ;
; IGNORE_LCELL_BUFFERS         ; off   ; -    ; Dout[4]  ;
; REMOVE_REDUNDANT_LOGIC_CELLS ; off   ; -    ; Dout[4]  ;
; IGNORE_LCELL_BUFFERS         ; off   ; -    ; Dout[3]  ;
; REMOVE_REDUNDANT_LOGIC_CELLS ; off   ; -    ; Dout[3]  ;
; IGNORE_LCELL_BUFFERS         ; off   ; -    ; Dout[2]  ;
; REMOVE_REDUNDANT_LOGIC_CELLS ; off   ; -    ; Dout[2]  ;
; IGNORE_LCELL_BUFFERS         ; off   ; -    ; Dout[1]  ;
; REMOVE_REDUNDANT_LOGIC_CELLS ; off   ; -    ; Dout[1]  ;
; IGNORE_LCELL_BUFFERS         ; off   ; -    ; Dout[0]  ;
; REMOVE_REDUNDANT_LOGIC_CELLS ; off   ; -    ; Dout[0]  ;
+------------------------------+-------+------+----------+


+--------------------------------------------------------------------------------------------------------------------------------------------------------------------------+
; Source assignments for DDS_lite:DDS_lite_inst|dds_ctrl_lite:dds_ctrl_lite_inst|rom_wave_sin:rom_ip_inst_1|altsyncram:altsyncram_component|altsyncram_6eb1:auto_generated ;
+---------------------------------+--------------------+------+------------------------------------------------------------------------------------------------------------+
; Assignment                      ; Value              ; From ; To                                                                                                         ;
+---------------------------------+--------------------+------+------------------------------------------------------------------------------------------------------------+
; OPTIMIZE_POWER_DURING_SYNTHESIS ; NORMAL_COMPILATION ; -    ; -                                                                                                          ;
+---------------------------------+--------------------+------+------------------------------------------------------------------------------------------------------------+


+----------------------------------------------------------------------------------------------------------------------------------------------------------------------------------------------------------------------------------------+
; Source assignments for DDS_time_delay_2M:DDS_time_delay_2M_inst|DDS_lite_phase:u_DDS_lite_phase|dds_ctrl_lite_phase:dds_ctrl_lite_phase_inst|rom_wave_sin:rom_ip_inst_1|altsyncram:altsyncram_component|altsyncram_6eb1:auto_generated ;
+---------------------------------+--------------------+------+--------------------------------------------------------------------------------------------------------------------------------------------------------------------------+
; Assignment                      ; Value              ; From ; To                                                                                                                                                                       ;
+---------------------------------+--------------------+------+--------------------------------------------------------------------------------------------------------------------------------------------------------------------------+
; OPTIMIZE_POWER_DURING_SYNTHESIS ; NORMAL_COMPILATION ; -    ; -                                                                                                                                                                        ;
+---------------------------------+--------------------+------+--------------------------------------------------------------------------------------------------------------------------------------------------------------------------+


+-------------------------------------------------------+
; Source assignments for sld_signaltap:auto_signaltap_0 ;
+-----------------+-------+------+----------------------+
; Assignment      ; Value ; From ; To                   ;
+-----------------+-------+------+----------------------+
; MESSAGE_DISABLE ; 13410 ; -    ; -                    ;
+-----------------+-------+------+----------------------+


+-----------------------------------------------------------------------------------------+
; Parameter Settings for User Entity Instance: pll_ip:pll_ip_inst|altpll:altpll_component ;
+-------------------------------+--------------------------+------------------------------+
; Parameter Name                ; Value                    ; Type                         ;
+-------------------------------+--------------------------+------------------------------+
; OPERATION_MODE                ; NORMAL                   ; Untyped                      ;
; PLL_TYPE                      ; AUTO                     ; Untyped                      ;
; LPM_HINT                      ; CBX_MODULE_PREFIX=pll_ip ; Untyped                      ;
; QUALIFY_CONF_DONE             ; OFF                      ; Untyped                      ;
; COMPENSATE_CLOCK              ; CLK0                     ; Untyped                      ;
; SCAN_CHAIN                    ; LONG                     ; Untyped                      ;
; PRIMARY_CLOCK                 ; INCLK0                   ; Untyped                      ;
; INCLK0_INPUT_FREQUENCY        ; 83333                    ; Signed Integer               ;
; INCLK1_INPUT_FREQUENCY        ; 0                        ; Untyped                      ;
; GATE_LOCK_SIGNAL              ; NO                       ; Untyped                      ;
; GATE_LOCK_COUNTER             ; 0                        ; Untyped                      ;
; LOCK_HIGH                     ; 1                        ; Untyped                      ;
; LOCK_LOW                      ; 1                        ; Untyped                      ;
; VALID_LOCK_MULTIPLIER         ; 1                        ; Untyped                      ;
; INVALID_LOCK_MULTIPLIER       ; 5                        ; Untyped                      ;
; SWITCH_OVER_ON_LOSSCLK        ; OFF                      ; Untyped                      ;
; SWITCH_OVER_ON_GATED_LOCK     ; OFF                      ; Untyped                      ;
; ENABLE_SWITCH_OVER_COUNTER    ; OFF                      ; Untyped                      ;
; SKIP_VCO                      ; OFF                      ; Untyped                      ;
; SWITCH_OVER_COUNTER           ; 0                        ; Untyped                      ;
; SWITCH_OVER_TYPE              ; AUTO                     ; Untyped                      ;
; FEEDBACK_SOURCE               ; EXTCLK0                  ; Untyped                      ;
; BANDWIDTH                     ; 0                        ; Untyped                      ;
; BANDWIDTH_TYPE                ; AUTO                     ; Untyped                      ;
; SPREAD_FREQUENCY              ; 0                        ; Untyped                      ;
; DOWN_SPREAD                   ; 0                        ; Untyped                      ;
; SELF_RESET_ON_GATED_LOSS_LOCK ; OFF                      ; Untyped                      ;
; SELF_RESET_ON_LOSS_LOCK       ; OFF                      ; Untyped                      ;
; CLK9_MULTIPLY_BY              ; 0                        ; Untyped                      ;
; CLK8_MULTIPLY_BY              ; 0                        ; Untyped                      ;
; CLK7_MULTIPLY_BY              ; 0                        ; Untyped                      ;
; CLK6_MULTIPLY_BY              ; 0                        ; Untyped                      ;
; CLK5_MULTIPLY_BY              ; 1                        ; Untyped                      ;
; CLK4_MULTIPLY_BY              ; 1                        ; Untyped                      ;
; CLK3_MULTIPLY_BY              ; 1                        ; Untyped                      ;
; CLK2_MULTIPLY_BY              ; 1                        ; Untyped                      ;
; CLK1_MULTIPLY_BY              ; 7                        ; Signed Integer               ;
; CLK0_MULTIPLY_BY              ; 10                       ; Signed Integer               ;
; CLK9_DIVIDE_BY                ; 0                        ; Untyped                      ;
; CLK8_DIVIDE_BY                ; 0                        ; Untyped                      ;
; CLK7_DIVIDE_BY                ; 0                        ; Untyped                      ;
; CLK6_DIVIDE_BY                ; 0                        ; Untyped                      ;
; CLK5_DIVIDE_BY                ; 1                        ; Untyped                      ;
; CLK4_DIVIDE_BY                ; 1                        ; Untyped                      ;
; CLK3_DIVIDE_BY                ; 1                        ; Untyped                      ;
; CLK2_DIVIDE_BY                ; 1                        ; Untyped                      ;
; CLK1_DIVIDE_BY                ; 4                        ; Signed Integer               ;
; CLK0_DIVIDE_BY                ; 1                        ; Signed Integer               ;
; CLK9_PHASE_SHIFT              ; 0                        ; Untyped                      ;
; CLK8_PHASE_SHIFT              ; 0                        ; Untyped                      ;
; CLK7_PHASE_SHIFT              ; 0                        ; Untyped                      ;
; CLK6_PHASE_SHIFT              ; 0                        ; Untyped                      ;
; CLK5_PHASE_SHIFT              ; 0                        ; Untyped                      ;
; CLK4_PHASE_SHIFT              ; 0                        ; Untyped                      ;
; CLK3_PHASE_SHIFT              ; 0                        ; Untyped                      ;
; CLK2_PHASE_SHIFT              ; 0                        ; Untyped                      ;
; CLK1_PHASE_SHIFT              ; 0                        ; Untyped                      ;
; CLK0_PHASE_SHIFT              ; 0                        ; Untyped                      ;
; CLK5_TIME_DELAY               ; 0                        ; Untyped                      ;
; CLK4_TIME_DELAY               ; 0                        ; Untyped                      ;
; CLK3_TIME_DELAY               ; 0                        ; Untyped                      ;
; CLK2_TIME_DELAY               ; 0                        ; Untyped                      ;
; CLK1_TIME_DELAY               ; 0                        ; Untyped                      ;
; CLK0_TIME_DELAY               ; 0                        ; Untyped                      ;
; CLK9_DUTY_CYCLE               ; 50                       ; Untyped                      ;
; CLK8_DUTY_CYCLE               ; 50                       ; Untyped                      ;
; CLK7_DUTY_CYCLE               ; 50                       ; Untyped                      ;
; CLK6_DUTY_CYCLE               ; 50                       ; Untyped                      ;
; CLK5_DUTY_CYCLE               ; 50                       ; Untyped                      ;
; CLK4_DUTY_CYCLE               ; 50                       ; Untyped                      ;
; CLK3_DUTY_CYCLE               ; 50                       ; Untyped                      ;
; CLK2_DUTY_CYCLE               ; 50                       ; Untyped                      ;
; CLK1_DUTY_CYCLE               ; 50                       ; Signed Integer               ;
; CLK0_DUTY_CYCLE               ; 50                       ; Signed Integer               ;
; CLK9_USE_EVEN_COUNTER_MODE    ; OFF                      ; Untyped                      ;
; CLK8_USE_EVEN_COUNTER_MODE    ; OFF                      ; Untyped                      ;
; CLK7_USE_EVEN_COUNTER_MODE    ; OFF                      ; Untyped                      ;
; CLK6_USE_EVEN_COUNTER_MODE    ; OFF                      ; Untyped                      ;
; CLK5_USE_EVEN_COUNTER_MODE    ; OFF                      ; Untyped                      ;
; CLK4_USE_EVEN_COUNTER_MODE    ; OFF                      ; Untyped                      ;
; CLK3_USE_EVEN_COUNTER_MODE    ; OFF                      ; Untyped                      ;
; CLK2_USE_EVEN_COUNTER_MODE    ; OFF                      ; Untyped                      ;
; CLK1_USE_EVEN_COUNTER_MODE    ; OFF                      ; Untyped                      ;
; CLK0_USE_EVEN_COUNTER_MODE    ; OFF                      ; Untyped                      ;
; CLK9_USE_EVEN_COUNTER_VALUE   ; OFF                      ; Untyped                      ;
; CLK8_USE_EVEN_COUNTER_VALUE   ; OFF                      ; Untyped                      ;
; CLK7_USE_EVEN_COUNTER_VALUE   ; OFF                      ; Untyped                      ;
; CLK6_USE_EVEN_COUNTER_VALUE   ; OFF                      ; Untyped                      ;
; CLK5_USE_EVEN_COUNTER_VALUE   ; OFF                      ; Untyped                      ;
; CLK4_USE_EVEN_COUNTER_VALUE   ; OFF                      ; Untyped                      ;
; CLK3_USE_EVEN_COUNTER_VALUE   ; OFF                      ; Untyped                      ;
; CLK2_USE_EVEN_COUNTER_VALUE   ; OFF                      ; Untyped                      ;
; CLK1_USE_EVEN_COUNTER_VALUE   ; OFF                      ; Untyped                      ;
; CLK0_USE_EVEN_COUNTER_VALUE   ; OFF                      ; Untyped                      ;
; LOCK_WINDOW_UI                ;  0.05                    ; Untyped                      ;
; LOCK_WINDOW_UI_BITS           ; UNUSED                   ; Untyped                      ;
; VCO_RANGE_DETECTOR_LOW_BITS   ; UNUSED                   ; Untyped                      ;
; VCO_RANGE_DETECTOR_HIGH_BITS  ; UNUSED                   ; Untyped                      ;
; DPA_MULTIPLY_BY               ; 0                        ; Untyped                      ;
; DPA_DIVIDE_BY                 ; 1                        ; Untyped                      ;
; DPA_DIVIDER                   ; 0                        ; Untyped                      ;
; EXTCLK3_MULTIPLY_BY           ; 1                        ; Untyped                      ;
; EXTCLK2_MULTIPLY_BY           ; 1                        ; Untyped                      ;
; EXTCLK1_MULTIPLY_BY           ; 1                        ; Untyped                      ;
; EXTCLK0_MULTIPLY_BY           ; 1                        ; Untyped                      ;
; EXTCLK3_DIVIDE_BY             ; 1                        ; Untyped                      ;
; EXTCLK2_DIVIDE_BY             ; 1                        ; Untyped                      ;
; EXTCLK1_DIVIDE_BY             ; 1                        ; Untyped                      ;
; EXTCLK0_DIVIDE_BY             ; 1                        ; Untyped                      ;
; EXTCLK3_PHASE_SHIFT           ; 0                        ; Untyped                      ;
; EXTCLK2_PHASE_SHIFT           ; 0                        ; Untyped                      ;
; EXTCLK1_PHASE_SHIFT           ; 0                        ; Untyped                      ;
; EXTCLK0_PHASE_SHIFT           ; 0                        ; Untyped                      ;
; EXTCLK3_TIME_DELAY            ; 0                        ; Untyped                      ;
; EXTCLK2_TIME_DELAY            ; 0                        ; Untyped                      ;
; EXTCLK1_TIME_DELAY            ; 0                        ; Untyped                      ;
; EXTCLK0_TIME_DELAY            ; 0                        ; Untyped                      ;
; EXTCLK3_DUTY_CYCLE            ; 50                       ; Untyped                      ;
; EXTCLK2_DUTY_CYCLE            ; 50                       ; Untyped                      ;
; EXTCLK1_DUTY_CYCLE            ; 50                       ; Untyped                      ;
; EXTCLK0_DUTY_CYCLE            ; 50                       ; Untyped                      ;
; VCO_MULTIPLY_BY               ; 0                        ; Untyped                      ;
; VCO_DIVIDE_BY                 ; 0                        ; Untyped                      ;
; SCLKOUT0_PHASE_SHIFT          ; 0                        ; Untyped                      ;
; SCLKOUT1_PHASE_SHIFT          ; 0                        ; Untyped                      ;
; VCO_MIN                       ; 0                        ; Untyped                      ;
; VCO_MAX                       ; 0                        ; Untyped                      ;
; VCO_CENTER                    ; 0                        ; Untyped                      ;
; PFD_MIN                       ; 0                        ; Untyped                      ;
; PFD_MAX                       ; 0                        ; Untyped                      ;
; M_INITIAL                     ; 0                        ; Untyped                      ;
; M                             ; 0                        ; Untyped                      ;
; N                             ; 1                        ; Untyped                      ;
; M2                            ; 1                        ; Untyped                      ;
; N2                            ; 1                        ; Untyped                      ;
; SS                            ; 1                        ; Untyped                      ;
; C0_HIGH                       ; 0                        ; Untyped                      ;
; C1_HIGH                       ; 0                        ; Untyped                      ;
; C2_HIGH                       ; 0                        ; Untyped                      ;
; C3_HIGH                       ; 0                        ; Untyped                      ;
; C4_HIGH                       ; 0                        ; Untyped                      ;
; C5_HIGH                       ; 0                        ; Untyped                      ;
; C6_HIGH                       ; 0                        ; Untyped                      ;
; C7_HIGH                       ; 0                        ; Untyped                      ;
; C8_HIGH                       ; 0                        ; Untyped                      ;
; C9_HIGH                       ; 0                        ; Untyped                      ;
; C0_LOW                        ; 0                        ; Untyped                      ;
; C1_LOW                        ; 0                        ; Untyped                      ;
; C2_LOW                        ; 0                        ; Untyped                      ;
; C3_LOW                        ; 0                        ; Untyped                      ;
; C4_LOW                        ; 0                        ; Untyped                      ;
; C5_LOW                        ; 0                        ; Untyped                      ;
; C6_LOW                        ; 0                        ; Untyped                      ;
; C7_LOW                        ; 0                        ; Untyped                      ;
; C8_LOW                        ; 0                        ; Untyped                      ;
; C9_LOW                        ; 0                        ; Untyped                      ;
; C0_INITIAL                    ; 0                        ; Untyped                      ;
; C1_INITIAL                    ; 0                        ; Untyped                      ;
; C2_INITIAL                    ; 0                        ; Untyped                      ;
; C3_INITIAL                    ; 0                        ; Untyped                      ;
; C4_INITIAL                    ; 0                        ; Untyped                      ;
; C5_INITIAL                    ; 0                        ; Untyped                      ;
; C6_INITIAL                    ; 0                        ; Untyped                      ;
; C7_INITIAL                    ; 0                        ; Untyped                      ;
; C8_INITIAL                    ; 0                        ; Untyped                      ;
; C9_INITIAL                    ; 0                        ; Untyped                      ;
; C0_MODE                       ; BYPASS                   ; Untyped                      ;
; C1_MODE                       ; BYPASS                   ; Untyped                      ;
; C2_MODE                       ; BYPASS                   ; Untyped                      ;
; C3_MODE                       ; BYPASS                   ; Untyped                      ;
; C4_MODE                       ; BYPASS                   ; Untyped                      ;
; C5_MODE                       ; BYPASS                   ; Untyped                      ;
; C6_MODE                       ; BYPASS                   ; Untyped                      ;
; C7_MODE                       ; BYPASS                   ; Untyped                      ;
; C8_MODE                       ; BYPASS                   ; Untyped                      ;
; C9_MODE                       ; BYPASS                   ; Untyped                      ;
; C0_PH                         ; 0                        ; Untyped                      ;
; C1_PH                         ; 0                        ; Untyped                      ;
; C2_PH                         ; 0                        ; Untyped                      ;
; C3_PH                         ; 0                        ; Untyped                      ;
; C4_PH                         ; 0                        ; Untyped                      ;
; C5_PH                         ; 0                        ; Untyped                      ;
; C6_PH                         ; 0                        ; Untyped                      ;
; C7_PH                         ; 0                        ; Untyped                      ;
; C8_PH                         ; 0                        ; Untyped                      ;
; C9_PH                         ; 0                        ; Untyped                      ;
; L0_HIGH                       ; 1                        ; Untyped                      ;
; L1_HIGH                       ; 1                        ; Untyped                      ;
; G0_HIGH                       ; 1                        ; Untyped                      ;
; G1_HIGH                       ; 1                        ; Untyped                      ;
; G2_HIGH                       ; 1                        ; Untyped                      ;
; G3_HIGH                       ; 1                        ; Untyped                      ;
; E0_HIGH                       ; 1                        ; Untyped                      ;
; E1_HIGH                       ; 1                        ; Untyped                      ;
; E2_HIGH                       ; 1                        ; Untyped                      ;
; E3_HIGH                       ; 1                        ; Untyped                      ;
; L0_LOW                        ; 1                        ; Untyped                      ;
; L1_LOW                        ; 1                        ; Untyped                      ;
; G0_LOW                        ; 1                        ; Untyped                      ;
; G1_LOW                        ; 1                        ; Untyped                      ;
; G2_LOW                        ; 1                        ; Untyped                      ;
; G3_LOW                        ; 1                        ; Untyped                      ;
; E0_LOW                        ; 1                        ; Untyped                      ;
; E1_LOW                        ; 1                        ; Untyped                      ;
; E2_LOW                        ; 1                        ; Untyped                      ;
; E3_LOW                        ; 1                        ; Untyped                      ;
; L0_INITIAL                    ; 1                        ; Untyped                      ;
; L1_INITIAL                    ; 1                        ; Untyped                      ;
; G0_INITIAL                    ; 1                        ; Untyped                      ;
; G1_INITIAL                    ; 1                        ; Untyped                      ;
; G2_INITIAL                    ; 1                        ; Untyped                      ;
; G3_INITIAL                    ; 1                        ; Untyped                      ;
; E0_INITIAL                    ; 1                        ; Untyped                      ;
; E1_INITIAL                    ; 1                        ; Untyped                      ;
; E2_INITIAL                    ; 1                        ; Untyped                      ;
; E3_INITIAL                    ; 1                        ; Untyped                      ;
; L0_MODE                       ; BYPASS                   ; Untyped                      ;
; L1_MODE                       ; BYPASS                   ; Untyped                      ;
; G0_MODE                       ; BYPASS                   ; Untyped                      ;
; G1_MODE                       ; BYPASS                   ; Untyped                      ;
; G2_MODE                       ; BYPASS                   ; Untyped                      ;
; G3_MODE                       ; BYPASS                   ; Untyped                      ;
; E0_MODE                       ; BYPASS                   ; Untyped                      ;
; E1_MODE                       ; BYPASS                   ; Untyped                      ;
; E2_MODE                       ; BYPASS                   ; Untyped                      ;
; E3_MODE                       ; BYPASS                   ; Untyped                      ;
; L0_PH                         ; 0                        ; Untyped                      ;
; L1_PH                         ; 0                        ; Untyped                      ;
; G0_PH                         ; 0                        ; Untyped                      ;
; G1_PH                         ; 0                        ; Untyped                      ;
; G2_PH                         ; 0                        ; Untyped                      ;
; G3_PH                         ; 0                        ; Untyped                      ;
; E0_PH                         ; 0                        ; Untyped                      ;
; E1_PH                         ; 0                        ; Untyped                      ;
; E2_PH                         ; 0                        ; Untyped                      ;
; E3_PH                         ; 0                        ; Untyped                      ;
; M_PH                          ; 0                        ; Untyped                      ;
; C1_USE_CASC_IN                ; OFF                      ; Untyped                      ;
; C2_USE_CASC_IN                ; OFF                      ; Untyped                      ;
; C3_USE_CASC_IN                ; OFF                      ; Untyped                      ;
; C4_USE_CASC_IN                ; OFF                      ; Untyped                      ;
; C5_USE_CASC_IN                ; OFF                      ; Untyped                      ;
; C6_USE_CASC_IN                ; OFF                      ; Untyped                      ;
; C7_USE_CASC_IN                ; OFF                      ; Untyped                      ;
; C8_USE_CASC_IN                ; OFF                      ; Untyped                      ;
; C9_USE_CASC_IN                ; OFF                      ; Untyped                      ;
; CLK0_COUNTER                  ; G0                       ; Untyped                      ;
; CLK1_COUNTER                  ; G0                       ; Untyped                      ;
; CLK2_COUNTER                  ; G0                       ; Untyped                      ;
; CLK3_COUNTER                  ; G0                       ; Untyped                      ;
; CLK4_COUNTER                  ; G0                       ; Untyped                      ;
; CLK5_COUNTER                  ; G0                       ; Untyped                      ;
; CLK6_COUNTER                  ; E0                       ; Untyped                      ;
; CLK7_COUNTER                  ; E1                       ; Untyped                      ;
; CLK8_COUNTER                  ; E2                       ; Untyped                      ;
; CLK9_COUNTER                  ; E3                       ; Untyped                      ;
; L0_TIME_DELAY                 ; 0                        ; Untyped                      ;
; L1_TIME_DELAY                 ; 0                        ; Untyped                      ;
; G0_TIME_DELAY                 ; 0                        ; Untyped                      ;
; G1_TIME_DELAY                 ; 0                        ; Untyped                      ;
; G2_TIME_DELAY                 ; 0                        ; Untyped                      ;
; G3_TIME_DELAY                 ; 0                        ; Untyped                      ;
; E0_TIME_DELAY                 ; 0                        ; Untyped                      ;
; E1_TIME_DELAY                 ; 0                        ; Untyped                      ;
; E2_TIME_DELAY                 ; 0                        ; Untyped                      ;
; E3_TIME_DELAY                 ; 0                        ; Untyped                      ;
; M_TIME_DELAY                  ; 0                        ; Untyped                      ;
; N_TIME_DELAY                  ; 0                        ; Untyped                      ;
; EXTCLK3_COUNTER               ; E3                       ; Untyped                      ;
; EXTCLK2_COUNTER               ; E2                       ; Untyped                      ;
; EXTCLK1_COUNTER               ; E1                       ; Untyped                      ;
; EXTCLK0_COUNTER               ; E0                       ; Untyped                      ;
; ENABLE0_COUNTER               ; L0                       ; Untyped                      ;
; ENABLE1_COUNTER               ; L0                       ; Untyped                      ;
; CHARGE_PUMP_CURRENT           ; 2                        ; Untyped                      ;
; LOOP_FILTER_R                 ;  1.000000                ; Untyped                      ;
; LOOP_FILTER_C                 ; 5                        ; Untyped                      ;
; CHARGE_PUMP_CURRENT_BITS      ; 9999                     ; Untyped                      ;
; LOOP_FILTER_R_BITS            ; 9999                     ; Untyped                      ;
; LOOP_FILTER_C_BITS            ; 9999                     ; Untyped                      ;
; VCO_POST_SCALE                ; 0                        ; Untyped                      ;
; CLK2_OUTPUT_FREQUENCY         ; 0                        ; Untyped                      ;
; CLK1_OUTPUT_FREQUENCY         ; 0                        ; Untyped                      ;
; CLK0_OUTPUT_FREQUENCY         ; 0                        ; Untyped                      ;
; INTENDED_DEVICE_FAMILY        ; MAX 10                   ; Untyped                      ;
; PORT_CLKENA0                  ; PORT_UNUSED              ; Untyped                      ;
; PORT_CLKENA1                  ; PORT_UNUSED              ; Untyped                      ;
; PORT_CLKENA2                  ; PORT_UNUSED              ; Untyped                      ;
; PORT_CLKENA3                  ; PORT_UNUSED              ; Untyped                      ;
; PORT_CLKENA4                  ; PORT_UNUSED              ; Untyped                      ;
; PORT_CLKENA5                  ; PORT_UNUSED              ; Untyped                      ;
; PORT_EXTCLKENA0               ; PORT_CONNECTIVITY        ; Untyped                      ;
; PORT_EXTCLKENA1               ; PORT_CONNECTIVITY        ; Untyped                      ;
; PORT_EXTCLKENA2               ; PORT_CONNECTIVITY        ; Untyped                      ;
; PORT_EXTCLKENA3               ; PORT_CONNECTIVITY        ; Untyped                      ;
; PORT_EXTCLK0                  ; PORT_UNUSED              ; Untyped                      ;
; PORT_EXTCLK1                  ; PORT_UNUSED              ; Untyped                      ;
; PORT_EXTCLK2                  ; PORT_UNUSED              ; Untyped                      ;
; PORT_EXTCLK3                  ; PORT_UNUSED              ; Untyped                      ;
; PORT_CLKBAD0                  ; PORT_UNUSED              ; Untyped                      ;
; PORT_CLKBAD1                  ; PORT_UNUSED              ; Untyped                      ;
; PORT_CLK0                     ; PORT_USED                ; Untyped                      ;
; PORT_CLK1                     ; PORT_USED                ; Untyped                      ;
; PORT_CLK2                     ; PORT_UNUSED              ; Untyped                      ;
; PORT_CLK3                     ; PORT_UNUSED              ; Untyped                      ;
; PORT_CLK4                     ; PORT_UNUSED              ; Untyped                      ;
; PORT_CLK5                     ; PORT_UNUSED              ; Untyped                      ;
; PORT_CLK6                     ; PORT_UNUSED              ; Untyped                      ;
; PORT_CLK7                     ; PORT_UNUSED              ; Untyped                      ;
; PORT_CLK8                     ; PORT_UNUSED              ; Untyped                      ;
; PORT_CLK9                     ; PORT_UNUSED              ; Untyped                      ;
; PORT_SCANDATA                 ; PORT_UNUSED              ; Untyped                      ;
; PORT_SCANDATAOUT              ; PORT_UNUSED              ; Untyped                      ;
; PORT_SCANDONE                 ; PORT_UNUSED              ; Untyped                      ;
; PORT_SCLKOUT1                 ; PORT_CONNECTIVITY        ; Untyped                      ;
; PORT_SCLKOUT0                 ; PORT_CONNECTIVITY        ; Untyped                      ;
; PORT_ACTIVECLOCK              ; PORT_UNUSED              ; Untyped                      ;
; PORT_CLKLOSS                  ; PORT_UNUSED              ; Untyped                      ;
; PORT_INCLK1                   ; PORT_UNUSED              ; Untyped                      ;
; PORT_INCLK0                   ; PORT_USED                ; Untyped                      ;
; PORT_FBIN                     ; PORT_UNUSED              ; Untyped                      ;
; PORT_PLLENA                   ; PORT_UNUSED              ; Untyped                      ;
; PORT_CLKSWITCH                ; PORT_UNUSED              ; Untyped                      ;
; PORT_ARESET                   ; PORT_USED                ; Untyped                      ;
; PORT_PFDENA                   ; PORT_UNUSED              ; Untyped                      ;
; PORT_SCANCLK                  ; PORT_UNUSED              ; Untyped                      ;
; PORT_SCANACLR                 ; PORT_UNUSED              ; Untyped                      ;
; PORT_SCANREAD                 ; PORT_UNUSED              ; Untyped                      ;
; PORT_SCANWRITE                ; PORT_UNUSED              ; Untyped                      ;
; PORT_ENABLE0                  ; PORT_CONNECTIVITY        ; Untyped                      ;
; PORT_ENABLE1                  ; PORT_CONNECTIVITY        ; Untyped                      ;
; PORT_LOCKED                   ; PORT_USED                ; Untyped                      ;
; PORT_CONFIGUPDATE             ; PORT_UNUSED              ; Untyped                      ;
; PORT_FBOUT                    ; PORT_CONNECTIVITY        ; Untyped                      ;
; PORT_PHASEDONE                ; PORT_UNUSED              ; Untyped                      ;
; PORT_PHASESTEP                ; PORT_UNUSED              ; Untyped                      ;
; PORT_PHASEUPDOWN              ; PORT_UNUSED              ; Untyped                      ;
; PORT_SCANCLKENA               ; PORT_UNUSED              ; Untyped                      ;
; PORT_PHASECOUNTERSELECT       ; PORT_UNUSED              ; Untyped                      ;
; PORT_VCOOVERRANGE             ; PORT_CONNECTIVITY        ; Untyped                      ;
; PORT_VCOUNDERRANGE            ; PORT_CONNECTIVITY        ; Untyped                      ;
; M_TEST_SOURCE                 ; 5                        ; Untyped                      ;
; C0_TEST_SOURCE                ; 5                        ; Untyped                      ;
; C1_TEST_SOURCE                ; 5                        ; Untyped                      ;
; C2_TEST_SOURCE                ; 5                        ; Untyped                      ;
; C3_TEST_SOURCE                ; 5                        ; Untyped                      ;
; C4_TEST_SOURCE                ; 5                        ; Untyped                      ;
; C5_TEST_SOURCE                ; 5                        ; Untyped                      ;
; C6_TEST_SOURCE                ; 5                        ; Untyped                      ;
; C7_TEST_SOURCE                ; 5                        ; Untyped                      ;
; C8_TEST_SOURCE                ; 5                        ; Untyped                      ;
; C9_TEST_SOURCE                ; 5                        ; Untyped                      ;
; CBXI_PARAMETER                ; pll_ip_altpll            ; Untyped                      ;
; VCO_FREQUENCY_CONTROL         ; AUTO                     ; Untyped                      ;
; VCO_PHASE_SHIFT_STEP          ; 0                        ; Untyped                      ;
; WIDTH_CLOCK                   ; 5                        ; Signed Integer               ;
; WIDTH_PHASECOUNTERSELECT      ; 4                        ; Untyped                      ;
; USING_FBMIMICBIDIR_PORT       ; OFF                      ; Untyped                      ;
; DEVICE_FAMILY                 ; MAX 10                   ; Untyped                      ;
; SCAN_CHAIN_MIF_FILE           ; UNUSED                   ; Untyped                      ;
; SIM_GATE_LOCK_DEVICE_BEHAVIOR ; OFF                      ; Untyped                      ;
; AUTO_CARRY_CHAINS             ; ON                       ; AUTO_CARRY                   ;
; IGNORE_CARRY_BUFFERS          ; OFF                      ; IGNORE_CARRY                 ;
; AUTO_CASCADE_CHAINS           ; ON                       ; AUTO_CASCADE                 ;
; IGNORE_CASCADE_BUFFERS        ; OFF                      ; IGNORE_CASCADE               ;
+-------------------------------+--------------------------+------------------------------+
Note: In order to hide this table in the UI and the text report file, please set the "Show Parameter Settings in Synthesis Report" option in "Analysis and Synthesis Settings -> More Settings" to "Off".


+------------------------------------------------------------------------+
; Parameter Settings for User Entity Instance: SPI_STM32F4:u_SPI_STM32F4 ;
+----------------+--------+----------------------------------------------+
; Parameter Name ; Value  ; Type                                         ;
+----------------+--------+----------------------------------------------+
; width          ; 100000 ; Unsigned Binary                              ;
+----------------+--------+----------------------------------------------+
Note: In order to hide this table in the UI and the text report file, please set the "Show Parameter Settings in Synthesis Report" option in "Analysis and Synthesis Settings -> More Settings" to "Off".


+---------------------------------------------------------------------------------------+
; Parameter Settings for User Entity Instance: SPI_STM32F4:u_SPI_STM32F4|SPI:u_SPI_inst ;
+----------------+--------+-------------------------------------------------------------+
; Parameter Name ; Value  ; Type                                                        ;
+----------------+--------+-------------------------------------------------------------+
; width          ; 100000 ; Unsigned Binary                                             ;
+----------------+--------+-------------------------------------------------------------+
Note: In order to hide this table in the UI and the text report file, please set the "Show Parameter Settings in Synthesis Report" option in "Analysis and Synthesis Settings -> More Settings" to "Off".


+-----------------------------------------------------------------------------------------------------------------------------------------------------------------+
; Parameter Settings for User Entity Instance: DDS_lite:DDS_lite_inst|dds_ctrl_lite:dds_ctrl_lite_inst|rom_wave_sin:rom_ip_inst_1|altsyncram:altsyncram_component ;
+------------------------------------+---------------------------------------------+------------------------------------------------------------------------------+
; Parameter Name                     ; Value                                       ; Type                                                                         ;
+------------------------------------+---------------------------------------------+------------------------------------------------------------------------------+
; BYTE_SIZE_BLOCK                    ; 8                                           ; Untyped                                                                      ;
; AUTO_CARRY_CHAINS                  ; ON                                          ; AUTO_CARRY                                                                   ;
; IGNORE_CARRY_BUFFERS               ; OFF                                         ; IGNORE_CARRY                                                                 ;
; AUTO_CASCADE_CHAINS                ; ON                                          ; AUTO_CASCADE                                                                 ;
; IGNORE_CASCADE_BUFFERS             ; OFF                                         ; IGNORE_CASCADE                                                               ;
; WIDTH_BYTEENA                      ; 1                                           ; Untyped                                                                      ;
; OPERATION_MODE                     ; ROM                                         ; Untyped                                                                      ;
; WIDTH_A                            ; 8                                           ; Signed Integer                                                               ;
; WIDTHAD_A                          ; 12                                          ; Signed Integer                                                               ;
; NUMWORDS_A                         ; 4096                                        ; Signed Integer                                                               ;
; OUTDATA_REG_A                      ; CLOCK0                                      ; Untyped                                                                      ;
; ADDRESS_ACLR_A                     ; NONE                                        ; Untyped                                                                      ;
; OUTDATA_ACLR_A                     ; NONE                                        ; Untyped                                                                      ;
; WRCONTROL_ACLR_A                   ; NONE                                        ; Untyped                                                                      ;
; INDATA_ACLR_A                      ; NONE                                        ; Untyped                                                                      ;
; BYTEENA_ACLR_A                     ; NONE                                        ; Untyped                                                                      ;
; WIDTH_B                            ; 1                                           ; Untyped                                                                      ;
; WIDTHAD_B                          ; 1                                           ; Untyped                                                                      ;
; NUMWORDS_B                         ; 1                                           ; Untyped                                                                      ;
; INDATA_REG_B                       ; CLOCK1                                      ; Untyped                                                                      ;
; WRCONTROL_WRADDRESS_REG_B          ; CLOCK1                                      ; Untyped                                                                      ;
; RDCONTROL_REG_B                    ; CLOCK1                                      ; Untyped                                                                      ;
; ADDRESS_REG_B                      ; CLOCK1                                      ; Untyped                                                                      ;
; OUTDATA_REG_B                      ; UNREGISTERED                                ; Untyped                                                                      ;
; BYTEENA_REG_B                      ; CLOCK1                                      ; Untyped                                                                      ;
; INDATA_ACLR_B                      ; NONE                                        ; Untyped                                                                      ;
; WRCONTROL_ACLR_B                   ; NONE                                        ; Untyped                                                                      ;
; ADDRESS_ACLR_B                     ; NONE                                        ; Untyped                                                                      ;
; OUTDATA_ACLR_B                     ; NONE                                        ; Untyped                                                                      ;
; RDCONTROL_ACLR_B                   ; NONE                                        ; Untyped                                                                      ;
; BYTEENA_ACLR_B                     ; NONE                                        ; Untyped                                                                      ;
; WIDTH_BYTEENA_A                    ; 1                                           ; Signed Integer                                                               ;
; WIDTH_BYTEENA_B                    ; 1                                           ; Untyped                                                                      ;
; RAM_BLOCK_TYPE                     ; AUTO                                        ; Untyped                                                                      ;
; BYTE_SIZE                          ; 8                                           ; Untyped                                                                      ;
; READ_DURING_WRITE_MODE_MIXED_PORTS ; DONT_CARE                                   ; Untyped                                                                      ;
; READ_DURING_WRITE_MODE_PORT_A      ; NEW_DATA_NO_NBE_READ                        ; Untyped                                                                      ;
; READ_DURING_WRITE_MODE_PORT_B      ; NEW_DATA_NO_NBE_READ                        ; Untyped                                                                      ;
; INIT_FILE                          ; D:/Quartus_code/C_2024_2M/ip/rom/sin_2M.mif ; Untyped                                                                      ;
; INIT_FILE_LAYOUT                   ; PORT_A                                      ; Untyped                                                                      ;
; MAXIMUM_DEPTH                      ; 0                                           ; Untyped                                                                      ;
; CLOCK_ENABLE_INPUT_A               ; BYPASS                                      ; Untyped                                                                      ;
; CLOCK_ENABLE_INPUT_B               ; NORMAL                                      ; Untyped                                                                      ;
; CLOCK_ENABLE_OUTPUT_A              ; BYPASS                                      ; Untyped                                                                      ;
; CLOCK_ENABLE_OUTPUT_B              ; NORMAL                                      ; Untyped                                                                      ;
; CLOCK_ENABLE_CORE_A                ; USE_INPUT_CLKEN                             ; Untyped                                                                      ;
; CLOCK_ENABLE_CORE_B                ; USE_INPUT_CLKEN                             ; Untyped                                                                      ;
; ENABLE_ECC                         ; FALSE                                       ; Untyped                                                                      ;
; ECC_PIPELINE_STAGE_ENABLED         ; FALSE                                       ; Untyped                                                                      ;
; WIDTH_ECCSTATUS                    ; 3                                           ; Untyped                                                                      ;
; DEVICE_FAMILY                      ; MAX 10                                      ; Untyped                                                                      ;
; CBXI_PARAMETER                     ; altsyncram_6eb1                             ; Untyped                                                                      ;
+------------------------------------+---------------------------------------------+------------------------------------------------------------------------------+
Note: In order to hide this table in the UI and the text report file, please set the "Show Parameter Settings in Synthesis Report" option in "Analysis and Synthesis Settings -> More Settings" to "Off".


+-------------------------------------------------------------------------------------------------------------------------------------------------------------------------------------------------------------------------------+
; Parameter Settings for User Entity Instance: DDS_time_delay_2M:DDS_time_delay_2M_inst|DDS_lite_phase:u_DDS_lite_phase|dds_ctrl_lite_phase:dds_ctrl_lite_phase_inst|rom_wave_sin:rom_ip_inst_1|altsyncram:altsyncram_component ;
+------------------------------------+---------------------------------------------+--------------------------------------------------------------------------------------------------------------------------------------------+
; Parameter Name                     ; Value                                       ; Type                                                                                                                                       ;
+------------------------------------+---------------------------------------------+--------------------------------------------------------------------------------------------------------------------------------------------+
; BYTE_SIZE_BLOCK                    ; 8                                           ; Untyped                                                                                                                                    ;
; AUTO_CARRY_CHAINS                  ; ON                                          ; AUTO_CARRY                                                                                                                                 ;
; IGNORE_CARRY_BUFFERS               ; OFF                                         ; IGNORE_CARRY                                                                                                                               ;
; AUTO_CASCADE_CHAINS                ; ON                                          ; AUTO_CASCADE                                                                                                                               ;
; IGNORE_CASCADE_BUFFERS             ; OFF                                         ; IGNORE_CASCADE                                                                                                                             ;
; WIDTH_BYTEENA                      ; 1                                           ; Untyped                                                                                                                                    ;
; OPERATION_MODE                     ; ROM                                         ; Untyped                                                                                                                                    ;
; WIDTH_A                            ; 8                                           ; Signed Integer                                                                                                                             ;
; WIDTHAD_A                          ; 12                                          ; Signed Integer                                                                                                                             ;
; NUMWORDS_A                         ; 4096                                        ; Signed Integer                                                                                                                             ;
; OUTDATA_REG_A                      ; CLOCK0                                      ; Untyped                                                                                                                                    ;
; ADDRESS_ACLR_A                     ; NONE                                        ; Untyped                                                                                                                                    ;
; OUTDATA_ACLR_A                     ; NONE                                        ; Untyped                                                                                                                                    ;
; WRCONTROL_ACLR_A                   ; NONE                                        ; Untyped                                                                                                                                    ;
; INDATA_ACLR_A                      ; NONE                                        ; Untyped                                                                                                                                    ;
; BYTEENA_ACLR_A                     ; NONE                                        ; Untyped                                                                                                                                    ;
; WIDTH_B                            ; 1                                           ; Untyped                                                                                                                                    ;
; WIDTHAD_B                          ; 1                                           ; Untyped                                                                                                                                    ;
; NUMWORDS_B                         ; 1                                           ; Untyped                                                                                                                                    ;
; INDATA_REG_B                       ; CLOCK1                                      ; Untyped                                                                                                                                    ;
; WRCONTROL_WRADDRESS_REG_B          ; CLOCK1                                      ; Untyped                                                                                                                                    ;
; RDCONTROL_REG_B                    ; CLOCK1                                      ; Untyped                                                                                                                                    ;
; ADDRESS_REG_B                      ; CLOCK1                                      ; Untyped                                                                                                                                    ;
; OUTDATA_REG_B                      ; UNREGISTERED                                ; Untyped                                                                                                                                    ;
; BYTEENA_REG_B                      ; CLOCK1                                      ; Untyped                                                                                                                                    ;
; INDATA_ACLR_B                      ; NONE                                        ; Untyped                                                                                                                                    ;
; WRCONTROL_ACLR_B                   ; NONE                                        ; Untyped                                                                                                                                    ;
; ADDRESS_ACLR_B                     ; NONE                                        ; Untyped                                                                                                                                    ;
; OUTDATA_ACLR_B                     ; NONE                                        ; Untyped                                                                                                                                    ;
; RDCONTROL_ACLR_B                   ; NONE                                        ; Untyped                                                                                                                                    ;
; BYTEENA_ACLR_B                     ; NONE                                        ; Untyped                                                                                                                                    ;
; WIDTH_BYTEENA_A                    ; 1                                           ; Signed Integer                                                                                                                             ;
; WIDTH_BYTEENA_B                    ; 1                                           ; Untyped                                                                                                                                    ;
; RAM_BLOCK_TYPE                     ; AUTO                                        ; Untyped                                                                                                                                    ;
; BYTE_SIZE                          ; 8                                           ; Untyped                                                                                                                                    ;
; READ_DURING_WRITE_MODE_MIXED_PORTS ; DONT_CARE                                   ; Untyped                                                                                                                                    ;
; READ_DURING_WRITE_MODE_PORT_A      ; NEW_DATA_NO_NBE_READ                        ; Untyped                                                                                                                                    ;
; READ_DURING_WRITE_MODE_PORT_B      ; NEW_DATA_NO_NBE_READ                        ; Untyped                                                                                                                                    ;
; INIT_FILE                          ; D:/Quartus_code/C_2024_2M/ip/rom/sin_2M.mif ; Untyped                                                                                                                                    ;
; INIT_FILE_LAYOUT                   ; PORT_A                                      ; Untyped                                                                                                                                    ;
; MAXIMUM_DEPTH                      ; 0                                           ; Untyped                                                                                                                                    ;
; CLOCK_ENABLE_INPUT_A               ; BYPASS                                      ; Untyped                                                                                                                                    ;
; CLOCK_ENABLE_INPUT_B               ; NORMAL                                      ; Untyped                                                                                                                                    ;
; CLOCK_ENABLE_OUTPUT_A              ; BYPASS                                      ; Untyped                                                                                                                                    ;
; CLOCK_ENABLE_OUTPUT_B              ; NORMAL                                      ; Untyped                                                                                                                                    ;
; CLOCK_ENABLE_CORE_A                ; USE_INPUT_CLKEN                             ; Untyped                                                                                                                                    ;
; CLOCK_ENABLE_CORE_B                ; USE_INPUT_CLKEN                             ; Untyped                                                                                                                                    ;
; ENABLE_ECC                         ; FALSE                                       ; Untyped                                                                                                                                    ;
; ECC_PIPELINE_STAGE_ENABLED         ; FALSE                                       ; Untyped                                                                                                                                    ;
; WIDTH_ECCSTATUS                    ; 3                                           ; Untyped                                                                                                                                    ;
; DEVICE_FAMILY                      ; MAX 10                                      ; Untyped                                                                                                                                    ;
; CBXI_PARAMETER                     ; altsyncram_6eb1                             ; Untyped                                                                                                                                    ;
+------------------------------------+---------------------------------------------+--------------------------------------------------------------------------------------------------------------------------------------------+
Note: In order to hide this table in the UI and the text report file, please set the "Show Parameter Settings in Synthesis Report" option in "Analysis and Synthesis Settings -> More Settings" to "Off".


+------------------------------------------------------------------------------------------------------------------------------------------------------------------------------------------------+
; Parameter Settings for Inferred Entity Instance: sld_signaltap:auto_signaltap_0                                                                                                                ;
+-------------------------------------------------+-----------------------------------------------------------------------------------------------------------------------------+----------------+
; Parameter Name                                  ; Value                                                                                                                       ; Type           ;
+-------------------------------------------------+-----------------------------------------------------------------------------------------------------------------------------+----------------+
; lpm_type                                        ; sld_signaltap                                                                                                               ; String         ;
; sld_node_info                                   ; 805334528                                                                                                                   ; Untyped        ;
; SLD_SECTION_ID                                  ; hdl_signaltap_0                                                                                                             ; String         ;
; SLD_IP_VERSION                                  ; 6                                                                                                                           ; Signed Integer ;
; SLD_IP_MINOR_VERSION                            ; 0                                                                                                                           ; Signed Integer ;
; SLD_COMMON_IP_VERSION                           ; 0                                                                                                                           ; Signed Integer ;
; sld_data_bits                                   ; 86                                                                                                                          ; Untyped        ;
; sld_trigger_bits                                ; 33                                                                                                                          ; Untyped        ;
; SLD_NODE_CRC_BITS                               ; 32                                                                                                                          ; Signed Integer ;
; SLD_NODE_CRC_HIWORD                             ; 41394                                                                                                                       ; Signed Integer ;
; SLD_NODE_CRC_LOWORD                             ; 50132                                                                                                                       ; Signed Integer ;
; sld_incremental_routing                         ; 1                                                                                                                           ; Untyped        ;
; sld_sample_depth                                ; 1024                                                                                                                        ; Untyped        ;
; sld_segment_size                                ; 1024                                                                                                                        ; Untyped        ;
; sld_ram_block_type                              ; AUTO                                                                                                                        ; Untyped        ;
; sld_state_bits                                  ; 11                                                                                                                          ; Untyped        ;
; sld_buffer_full_stop                            ; 1                                                                                                                           ; Untyped        ;
; SLD_MEM_ADDRESS_BITS                            ; 7                                                                                                                           ; Signed Integer ;
; SLD_DATA_BIT_CNTR_BITS                          ; 4                                                                                                                           ; Signed Integer ;
; sld_trigger_level                               ; 1                                                                                                                           ; Untyped        ;
; sld_trigger_in_enabled                          ; 0                                                                                                                           ; Untyped        ;
; SLD_HPS_TRIGGER_IN_ENABLED                      ; 0                                                                                                                           ; Signed Integer ;
; SLD_HPS_TRIGGER_OUT_ENABLED                     ; 0                                                                                                                           ; Signed Integer ;
; SLD_HPS_EVENT_ENABLED                           ; 0                                                                                                                           ; Signed Integer ;
; SLD_HPS_EVENT_ID                                ; 0                                                                                                                           ; Signed Integer ;
; sld_advanced_trigger_entity                     ; basic,1,                                                                                                                    ; Untyped        ;
; sld_trigger_level_pipeline                      ; 1                                                                                                                           ; Untyped        ;
; sld_trigger_pipeline                            ; 0                                                                                                                           ; Untyped        ;
; sld_ram_pipeline                                ; 0                                                                                                                           ; Untyped        ;
; sld_counter_pipeline                            ; 0                                                                                                                           ; Untyped        ;
; sld_enable_advanced_trigger                     ; 0                                                                                                                           ; Untyped        ;
; SLD_ADVANCED_TRIGGER_1                          ; NONE                                                                                                                        ; String         ;
; SLD_ADVANCED_TRIGGER_2                          ; NONE                                                                                                                        ; String         ;
; SLD_ADVANCED_TRIGGER_3                          ; NONE                                                                                                                        ; String         ;
; SLD_ADVANCED_TRIGGER_4                          ; NONE                                                                                                                        ; String         ;
; SLD_ADVANCED_TRIGGER_5                          ; NONE                                                                                                                        ; String         ;
; SLD_ADVANCED_TRIGGER_6                          ; NONE                                                                                                                        ; String         ;
; SLD_ADVANCED_TRIGGER_7                          ; NONE                                                                                                                        ; String         ;
; SLD_ADVANCED_TRIGGER_8                          ; NONE                                                                                                                        ; String         ;
; SLD_ADVANCED_TRIGGER_9                          ; NONE                                                                                                                        ; String         ;
; SLD_ADVANCED_TRIGGER_10                         ; NONE                                                                                                                        ; String         ;
; sld_inversion_mask_length                       ; 123                                                                                                                         ; Untyped        ;
; sld_inversion_mask                              ; 000000000000000000000000000000000000000000000000000000000000000000000000000000000000000000000000000000000000000000000000000 ; Untyped        ;
; sld_power_up_trigger                            ; 0                                                                                                                           ; Untyped        ;
; SLD_STATE_FLOW_MGR_ENTITY                       ; state_flow_mgr_entity.vhd                                                                                                   ; String         ;
; sld_state_flow_use_generated                    ; 0                                                                                                                           ; Untyped        ;
; sld_current_resource_width                      ; 1                                                                                                                           ; Untyped        ;
; sld_attribute_mem_mode                          ; OFF                                                                                                                         ; Untyped        ;
; sld_storage_qualifier_bits                      ; 86                                                                                                                          ; Untyped        ;
; SLD_STORAGE_QUALIFIER_GAP_RECORD                ; 0                                                                                                                           ; Signed Integer ;
; SLD_STORAGE_QUALIFIER_MODE                      ; OFF                                                                                                                         ; String         ;
; SLD_STORAGE_QUALIFIER_ENABLE_ADVANCED_CONDITION ; 0                                                                                                                           ; Signed Integer ;
; sld_storage_qualifier_inversion_mask_length     ; 0                                                                                                                           ; Untyped        ;
; SLD_STORAGE_QUALIFIER_ADVANCED_CONDITION_ENTITY ; basic                                                                                                                       ; String         ;
; SLD_STORAGE_QUALIFIER_PIPELINE                  ; 0                                                                                                                           ; Signed Integer ;
; SLD_CREATE_MONITOR_INTERFACE                    ; 0                                                                                                                           ; Signed Integer ;
; SLD_USE_JTAG_SIGNAL_ADAPTER                     ; 1                                                                                                                           ; Signed Integer ;
+-------------------------------------------------+-----------------------------------------------------------------------------------------------------------------------------+----------------+
Note: In order to hide this table in the UI and the text report file, please set the "Show Parameter Settings in Synthesis Report" option in "Analysis and Synthesis Settings -> More Settings" to "Off".


+----------------------------------------------------------------------------+
; altpll Parameter Settings by Entity Instance                               ;
+-------------------------------+--------------------------------------------+
; Name                          ; Value                                      ;
+-------------------------------+--------------------------------------------+
; Number of entity instances    ; 1                                          ;
; Entity Instance               ; pll_ip:pll_ip_inst|altpll:altpll_component ;
;     -- OPERATION_MODE         ; NORMAL                                     ;
;     -- PLL_TYPE               ; AUTO                                       ;
;     -- PRIMARY_CLOCK          ; INCLK0                                     ;
;     -- INCLK0_INPUT_FREQUENCY ; 83333                                      ;
;     -- INCLK1_INPUT_FREQUENCY ; 0                                          ;
;     -- VCO_MULTIPLY_BY        ; 0                                          ;
;     -- VCO_DIVIDE_BY          ; 0                                          ;
+-------------------------------+--------------------------------------------+


+------------------------------------------------------------------------------------------------------------------------------------------------------------------------------------------------------------------------------+
; altsyncram Parameter Settings by Entity Instance                                                                                                                                                                             ;
+-------------------------------------------+----------------------------------------------------------------------------------------------------------------------------------------------------------------------------------+
; Name                                      ; Value                                                                                                                                                                            ;
+-------------------------------------------+----------------------------------------------------------------------------------------------------------------------------------------------------------------------------------+
; Number of entity instances                ; 2                                                                                                                                                                                ;
; Entity Instance                           ; DDS_lite:DDS_lite_inst|dds_ctrl_lite:dds_ctrl_lite_inst|rom_wave_sin:rom_ip_inst_1|altsyncram:altsyncram_component                                                               ;
;     -- OPERATION_MODE                     ; ROM                                                                                                                                                                              ;
;     -- WIDTH_A                            ; 8                                                                                                                                                                                ;
;     -- NUMWORDS_A                         ; 4096                                                                                                                                                                             ;
;     -- OUTDATA_REG_A                      ; CLOCK0                                                                                                                                                                           ;
;     -- WIDTH_B                            ; 1                                                                                                                                                                                ;
;     -- NUMWORDS_B                         ; 1                                                                                                                                                                                ;
;     -- ADDRESS_REG_B                      ; CLOCK1                                                                                                                                                                           ;
;     -- OUTDATA_REG_B                      ; UNREGISTERED                                                                                                                                                                     ;
;     -- RAM_BLOCK_TYPE                     ; AUTO                                                                                                                                                                             ;
;     -- READ_DURING_WRITE_MODE_MIXED_PORTS ; DONT_CARE                                                                                                                                                                        ;
; Entity Instance                           ; DDS_time_delay_2M:DDS_time_delay_2M_inst|DDS_lite_phase:u_DDS_lite_phase|dds_ctrl_lite_phase:dds_ctrl_lite_phase_inst|rom_wave_sin:rom_ip_inst_1|altsyncram:altsyncram_component ;
;     -- OPERATION_MODE                     ; ROM                                                                                                                                                                              ;
;     -- WIDTH_A                            ; 8                                                                                                                                                                                ;
;     -- NUMWORDS_A                         ; 4096                                                                                                                                                                             ;
;     -- OUTDATA_REG_A                      ; CLOCK0                                                                                                                                                                           ;
;     -- WIDTH_B                            ; 1                                                                                                                                                                                ;
;     -- NUMWORDS_B                         ; 1                                                                                                                                                                                ;
;     -- ADDRESS_REG_B                      ; CLOCK1                                                                                                                                                                           ;
;     -- OUTDATA_REG_B                      ; UNREGISTERED                                                                                                                                                                     ;
;     -- RAM_BLOCK_TYPE                     ; AUTO                                                                                                                                                                             ;
;     -- READ_DURING_WRITE_MODE_MIXED_PORTS ; DONT_CARE                                                                                                                                                                        ;
+-------------------------------------------+----------------------------------------------------------------------------------------------------------------------------------------------------------------------------------+


+---------------------------------------------------------------------------------------------------------------------------------------------------+
; Port Connectivity Checks: "DDS_time_delay_2M:DDS_time_delay_2M_inst|DDS_lite_phase:u_DDS_lite_phase|dds_ctrl_lite_phase:dds_ctrl_lite_phase_inst" ;
+----------------+-------+----------+---------------------------------------------------------------------------------------------------------------+
; Port           ; Type  ; Severity ; Details                                                                                                       ;
+----------------+-------+----------+---------------------------------------------------------------------------------------------------------------+
; f_word[35..31] ; Input ; Info     ; Stuck at GND                                                                                                  ;
; f_word[29..27] ; Input ; Info     ; Stuck at GND                                                                                                  ;
; f_word[25..23] ; Input ; Info     ; Stuck at GND                                                                                                  ;
; f_word[21..19] ; Input ; Info     ; Stuck at GND                                                                                                  ;
; f_word[17..15] ; Input ; Info     ; Stuck at GND                                                                                                  ;
; f_word[13..11] ; Input ; Info     ; Stuck at GND                                                                                                  ;
; f_word[9..7]   ; Input ; Info     ; Stuck at GND                                                                                                  ;
; f_word[5..3]   ; Input ; Info     ; Stuck at GND                                                                                                  ;
; f_word[1..0]   ; Input ; Info     ; Stuck at GND                                                                                                  ;
; f_word[30]     ; Input ; Info     ; Stuck at VCC                                                                                                  ;
; f_word[26]     ; Input ; Info     ; Stuck at VCC                                                                                                  ;
; f_word[22]     ; Input ; Info     ; Stuck at VCC                                                                                                  ;
; f_word[18]     ; Input ; Info     ; Stuck at VCC                                                                                                  ;
; f_word[14]     ; Input ; Info     ; Stuck at VCC                                                                                                  ;
; f_word[10]     ; Input ; Info     ; Stuck at VCC                                                                                                  ;
; f_word[6]      ; Input ; Info     ; Stuck at VCC                                                                                                  ;
; f_word[2]      ; Input ; Info     ; Stuck at VCC                                                                                                  ;
+----------------+-------+----------+---------------------------------------------------------------------------------------------------------------+


+-------------------------------------------------------------------------------------+
; Port Connectivity Checks: "DDS_lite:DDS_lite_inst|dds_ctrl_lite:dds_ctrl_lite_inst" ;
+----------------+-------+----------+-------------------------------------------------+
; Port           ; Type  ; Severity ; Details                                         ;
+----------------+-------+----------+-------------------------------------------------+
; f_word[35..31] ; Input ; Info     ; Stuck at GND                                    ;
; f_word[29..27] ; Input ; Info     ; Stuck at GND                                    ;
; f_word[25..23] ; Input ; Info     ; Stuck at GND                                    ;
; f_word[21..19] ; Input ; Info     ; Stuck at GND                                    ;
; f_word[17..15] ; Input ; Info     ; Stuck at GND                                    ;
; f_word[13..11] ; Input ; Info     ; Stuck at GND                                    ;
; f_word[9..7]   ; Input ; Info     ; Stuck at GND                                    ;
; f_word[5..3]   ; Input ; Info     ; Stuck at GND                                    ;
; f_word[1..0]   ; Input ; Info     ; Stuck at GND                                    ;
; f_word[30]     ; Input ; Info     ; Stuck at VCC                                    ;
; f_word[26]     ; Input ; Info     ; Stuck at VCC                                    ;
; f_word[22]     ; Input ; Info     ; Stuck at VCC                                    ;
; f_word[18]     ; Input ; Info     ; Stuck at VCC                                    ;
; f_word[14]     ; Input ; Info     ; Stuck at VCC                                    ;
; f_word[10]     ; Input ; Info     ; Stuck at VCC                                    ;
; f_word[6]      ; Input ; Info     ; Stuck at VCC                                    ;
; f_word[2]      ; Input ; Info     ; Stuck at VCC                                    ;
+----------------+-------+----------+-------------------------------------------------+


+------------------------------------------------------------------------------------------------------------------------+
; Port Connectivity Checks: "SPI_STM32F4:u_SPI_STM32F4|SPI:u_SPI_inst"                                                   ;
+--------------+--------+----------+-------------------------------------------------------------------------------------+
; Port         ; Type   ; Severity ; Details                                                                             ;
+--------------+--------+----------+-------------------------------------------------------------------------------------+
; Din          ; Input  ; Info     ; Explicitly unconnected                                                              ;
; Dout[31..28] ; Output ; Info     ; Connected to dangling logic. Logic that only feeds a dangling port will be removed. ;
+--------------+--------+----------+-------------------------------------------------------------------------------------+


+----------------------------------------------------------------------+
; Port Connectivity Checks: "SPI_STM32F4:u_SPI_STM32F4"                ;
+-------------------------+--------+----------+------------------------+
; Port                    ; Type   ; Severity ; Details                ;
+-------------------------+--------+----------+------------------------+
; parameter_frequency_num ; Output ; Info     ; Explicitly unconnected ;
; parameter_phase         ; Output ; Info     ; Explicitly unconnected ;
+-------------------------+--------+----------+------------------------+


+-------------------------------------------------------------------------------------------------------------------------------------------------------------------------------------------------------------------------------------------------------------------------+
; Signal Tap Logic Analyzer Settings                                                                                                                                                                                                                                      ;
+----------------+------------------+---------------------+------------------+--------------+----------+------------------------+----------------------+--------------------+-----------------------------+-----------------+------------------+--------------------------+
; Instance Index ; Instance Name    ; Trigger Input Width ; Data Input Width ; Sample Depth ; Segments ; Storage Qualifier Type ; Trigger Flow Control ; Trigger Conditions ; Advanced Trigger Conditions ; Trigger In Used ; Trigger Out Used ; Power-Up Trigger Enabled ;
+----------------+------------------+---------------------+------------------+--------------+----------+------------------------+----------------------+--------------------+-----------------------------+-----------------+------------------+--------------------------+
; 0              ; auto_signaltap_0 ; 33                  ; 86               ; 1024         ; 1        ; continuous             ; sequential           ; 1                  ; 0                           ; no              ; no               ; no                       ;
+----------------+------------------+---------------------+------------------+--------------+----------+------------------------+----------------------+--------------------+-----------------------------+-----------------+------------------+--------------------------+


+-----------------------------------------------------+
; Post-Synthesis Netlist Statistics for Top Partition ;
+-----------------------+-----------------------------+
; Type                  ; Count                       ;
+-----------------------+-----------------------------+
; boundary_port         ; 92                          ;
; cycloneiii_ff         ; 135                         ;
;     CLR               ; 80                          ;
;     ENA CLR           ; 55                          ;
; cycloneiii_lcell_comb ; 403                         ;
;     arith             ; 224                         ;
;         2 data inputs ; 135                         ;
;         3 data inputs ; 89                          ;
;     normal            ; 179                         ;
;         0 data inputs ; 12                          ;
;         1 data inputs ; 33                          ;
;         2 data inputs ; 10                          ;
;         3 data inputs ; 38                          ;
;         4 data inputs ; 86                          ;
; cycloneiii_pll        ; 1                           ;
; cycloneiii_ram_block  ; 16                          ;
;                       ;                             ;
; Max LUT depth         ; 6.70                        ;
; Average LUT depth     ; 4.25                        ;
+-----------------------+-----------------------------+


+-------------------------------+
; Elapsed Time Per Partition    ;
+----------------+--------------+
; Partition Name ; Elapsed Time ;
+----------------+--------------+
; Top            ; 00:00:00     ;
+----------------+--------------+


+-------------------------------------------------------------------------------------------------------------------------------------------------------------------------------------------------------------------------------------------------------------------------------------------------------------------------------------------------------------------------------------------------------------------------------------------------------+
; Connections to In-System Debugging Instance "auto_signaltap_0"                                                                                                                                                                                                                                                                                                                                                                                        ;
+-----------------------------------------------------------------------------------------------------------------------------------+---------------+-----------+--------------------------------+-------------------+------------------------------------------------------------------------------------------------------------------------------------------------------------------------------------------------------------------------+---------+
; Name                                                                                                                              ; Type          ; Status    ; Partition Name                 ; Netlist Type Used ; Actual Connection                                                                                                                                                                                                      ; Details ;
+-----------------------------------------------------------------------------------------------------------------------------------+---------------+-----------+--------------------------------+-------------------+------------------------------------------------------------------------------------------------------------------------------------------------------------------------------------------------------------------------+---------+
; DAC_data_2M_direct[0]                                                                                                             ; pre-synthesis ; connected ; Top                            ; post-synthesis    ; DDS_lite:DDS_lite_inst|dac_data[0]                                                                                                                                                                                     ; N/A     ;
; DAC_data_2M_direct[0]                                                                                                             ; pre-synthesis ; connected ; Top                            ; post-synthesis    ; DDS_lite:DDS_lite_inst|dac_data[0]                                                                                                                                                                                     ; N/A     ;
; DAC_data_2M_direct[1]                                                                                                             ; pre-synthesis ; connected ; Top                            ; post-synthesis    ; DDS_lite:DDS_lite_inst|dac_data[1]                                                                                                                                                                                     ; N/A     ;
; DAC_data_2M_direct[1]                                                                                                             ; pre-synthesis ; connected ; Top                            ; post-synthesis    ; DDS_lite:DDS_lite_inst|dac_data[1]                                                                                                                                                                                     ; N/A     ;
; DAC_data_2M_direct[2]                                                                                                             ; pre-synthesis ; connected ; Top                            ; post-synthesis    ; DDS_lite:DDS_lite_inst|dac_data[2]                                                                                                                                                                                     ; N/A     ;
; DAC_data_2M_direct[2]                                                                                                             ; pre-synthesis ; connected ; Top                            ; post-synthesis    ; DDS_lite:DDS_lite_inst|dac_data[2]                                                                                                                                                                                     ; N/A     ;
; DAC_data_2M_direct[3]                                                                                                             ; pre-synthesis ; connected ; Top                            ; post-synthesis    ; DDS_lite:DDS_lite_inst|dac_data[3]                                                                                                                                                                                     ; N/A     ;
; DAC_data_2M_direct[3]                                                                                                             ; pre-synthesis ; connected ; Top                            ; post-synthesis    ; DDS_lite:DDS_lite_inst|dac_data[3]                                                                                                                                                                                     ; N/A     ;
; DAC_data_2M_direct[4]                                                                                                             ; pre-synthesis ; connected ; Top                            ; post-synthesis    ; DDS_lite:DDS_lite_inst|dac_data[4]                                                                                                                                                                                     ; N/A     ;
; DAC_data_2M_direct[4]                                                                                                             ; pre-synthesis ; connected ; Top                            ; post-synthesis    ; DDS_lite:DDS_lite_inst|dac_data[4]                                                                                                                                                                                     ; N/A     ;
; DAC_data_2M_direct[5]                                                                                                             ; pre-synthesis ; connected ; Top                            ; post-synthesis    ; DDS_lite:DDS_lite_inst|dac_data[5]                                                                                                                                                                                     ; N/A     ;
; DAC_data_2M_direct[5]                                                                                                             ; pre-synthesis ; connected ; Top                            ; post-synthesis    ; DDS_lite:DDS_lite_inst|dac_data[5]                                                                                                                                                                                     ; N/A     ;
; DAC_data_2M_direct[6]                                                                                                             ; pre-synthesis ; connected ; Top                            ; post-synthesis    ; DDS_lite:DDS_lite_inst|dac_data[6]                                                                                                                                                                                     ; N/A     ;
; DAC_data_2M_direct[6]                                                                                                             ; pre-synthesis ; connected ; Top                            ; post-synthesis    ; DDS_lite:DDS_lite_inst|dac_data[6]                                                                                                                                                                                     ; N/A     ;
; DAC_data_2M_direct[7]                                                                                                             ; pre-synthesis ; connected ; Top                            ; post-synthesis    ; DDS_lite:DDS_lite_inst|dac_data[7]                                                                                                                                                                                     ; N/A     ;
; DAC_data_2M_direct[7]                                                                                                             ; pre-synthesis ; connected ; Top                            ; post-synthesis    ; DDS_lite:DDS_lite_inst|dac_data[7]                                                                                                                                                                                     ; N/A     ;
; DAC_data_2M_multi[0]                                                                                                              ; pre-synthesis ; connected ; Top                            ; post-synthesis    ; DDS_time_delay_2M:DDS_time_delay_2M_inst|DDS_lite_phase:u_DDS_lite_phase|dac_data[0]                                                                                                                                   ; N/A     ;
; DAC_data_2M_multi[0]                                                                                                              ; pre-synthesis ; connected ; Top                            ; post-synthesis    ; DDS_time_delay_2M:DDS_time_delay_2M_inst|DDS_lite_phase:u_DDS_lite_phase|dac_data[0]                                                                                                                                   ; N/A     ;
; DAC_data_2M_multi[1]                                                                                                              ; pre-synthesis ; connected ; Top                            ; post-synthesis    ; DDS_time_delay_2M:DDS_time_delay_2M_inst|DDS_lite_phase:u_DDS_lite_phase|dac_data[1]                                                                                                                                   ; N/A     ;
; DAC_data_2M_multi[1]                                                                                                              ; pre-synthesis ; connected ; Top                            ; post-synthesis    ; DDS_time_delay_2M:DDS_time_delay_2M_inst|DDS_lite_phase:u_DDS_lite_phase|dac_data[1]                                                                                                                                   ; N/A     ;
; DAC_data_2M_multi[2]                                                                                                              ; pre-synthesis ; connected ; Top                            ; post-synthesis    ; DDS_time_delay_2M:DDS_time_delay_2M_inst|DDS_lite_phase:u_DDS_lite_phase|dac_data[2]                                                                                                                                   ; N/A     ;
; DAC_data_2M_multi[2]                                                                                                              ; pre-synthesis ; connected ; Top                            ; post-synthesis    ; DDS_time_delay_2M:DDS_time_delay_2M_inst|DDS_lite_phase:u_DDS_lite_phase|dac_data[2]                                                                                                                                   ; N/A     ;
; DAC_data_2M_multi[3]                                                                                                              ; pre-synthesis ; connected ; Top                            ; post-synthesis    ; DDS_time_delay_2M:DDS_time_delay_2M_inst|DDS_lite_phase:u_DDS_lite_phase|dac_data[3]                                                                                                                                   ; N/A     ;
; DAC_data_2M_multi[3]                                                                                                              ; pre-synthesis ; connected ; Top                            ; post-synthesis    ; DDS_time_delay_2M:DDS_time_delay_2M_inst|DDS_lite_phase:u_DDS_lite_phase|dac_data[3]                                                                                                                                   ; N/A     ;
; DAC_data_2M_multi[4]                                                                                                              ; pre-synthesis ; connected ; Top                            ; post-synthesis    ; DDS_time_delay_2M:DDS_time_delay_2M_inst|DDS_lite_phase:u_DDS_lite_phase|dac_data[4]                                                                                                                                   ; N/A     ;
; DAC_data_2M_multi[4]                                                                                                              ; pre-synthesis ; connected ; Top                            ; post-synthesis    ; DDS_time_delay_2M:DDS_time_delay_2M_inst|DDS_lite_phase:u_DDS_lite_phase|dac_data[4]                                                                                                                                   ; N/A     ;
; DAC_data_2M_multi[5]                                                                                                              ; pre-synthesis ; connected ; Top                            ; post-synthesis    ; DDS_time_delay_2M:DDS_time_delay_2M_inst|DDS_lite_phase:u_DDS_lite_phase|dac_data[5]                                                                                                                                   ; N/A     ;
; DAC_data_2M_multi[5]                                                                                                              ; pre-synthesis ; connected ; Top                            ; post-synthesis    ; DDS_time_delay_2M:DDS_time_delay_2M_inst|DDS_lite_phase:u_DDS_lite_phase|dac_data[5]                                                                                                                                   ; N/A     ;
; DAC_data_2M_multi[6]                                                                                                              ; pre-synthesis ; connected ; Top                            ; post-synthesis    ; DDS_time_delay_2M:DDS_time_delay_2M_inst|DDS_lite_phase:u_DDS_lite_phase|dac_data[6]                                                                                                                                   ; N/A     ;
; DAC_data_2M_multi[6]                                                                                                              ; pre-synthesis ; connected ; Top                            ; post-synthesis    ; DDS_time_delay_2M:DDS_time_delay_2M_inst|DDS_lite_phase:u_DDS_lite_phase|dac_data[6]                                                                                                                                   ; N/A     ;
; DAC_data_2M_multi[7]                                                                                                              ; pre-synthesis ; connected ; Top                            ; post-synthesis    ; DDS_time_delay_2M:DDS_time_delay_2M_inst|DDS_lite_phase:u_DDS_lite_phase|dac_data[7]                                                                                                                                   ; N/A     ;
; DAC_data_2M_multi[7]                                                                                                              ; pre-synthesis ; connected ; Top                            ; post-synthesis    ; DDS_time_delay_2M:DDS_time_delay_2M_inst|DDS_lite_phase:u_DDS_lite_phase|dac_data[7]                                                                                                                                   ; N/A     ;
; DDS_lite:DDS_lite_inst|DDS_en                                                                                                     ; pre-synthesis ; connected ; Top                            ; post-synthesis    ; DDS_lite:DDS_lite_inst|DDS_en                                                                                                                                                                                          ; N/A     ;
; DDS_lite:DDS_lite_inst|dds_ctrl_lite:dds_ctrl_lite_inst|dac_data[0]                                                               ; pre-synthesis ; connected ; Top                            ; post-synthesis    ; DDS_lite:DDS_lite_inst|dds_ctrl_lite:dds_ctrl_lite_inst|rom_wave_sin:rom_ip_inst_1|altsyncram:altsyncram_component|altsyncram_6eb1:auto_generated|q_a[0]                                                               ; N/A     ;
; DDS_lite:DDS_lite_inst|dds_ctrl_lite:dds_ctrl_lite_inst|dac_data[0]                                                               ; pre-synthesis ; connected ; Top                            ; post-synthesis    ; DDS_lite:DDS_lite_inst|dds_ctrl_lite:dds_ctrl_lite_inst|rom_wave_sin:rom_ip_inst_1|altsyncram:altsyncram_component|altsyncram_6eb1:auto_generated|q_a[0]                                                               ; N/A     ;
; DDS_lite:DDS_lite_inst|dds_ctrl_lite:dds_ctrl_lite_inst|dac_data[1]                                                               ; pre-synthesis ; connected ; Top                            ; post-synthesis    ; DDS_lite:DDS_lite_inst|dds_ctrl_lite:dds_ctrl_lite_inst|rom_wave_sin:rom_ip_inst_1|altsyncram:altsyncram_component|altsyncram_6eb1:auto_generated|q_a[1]                                                               ; N/A     ;
; DDS_lite:DDS_lite_inst|dds_ctrl_lite:dds_ctrl_lite_inst|dac_data[1]                                                               ; pre-synthesis ; connected ; Top                            ; post-synthesis    ; DDS_lite:DDS_lite_inst|dds_ctrl_lite:dds_ctrl_lite_inst|rom_wave_sin:rom_ip_inst_1|altsyncram:altsyncram_component|altsyncram_6eb1:auto_generated|q_a[1]                                                               ; N/A     ;
; DDS_lite:DDS_lite_inst|dds_ctrl_lite:dds_ctrl_lite_inst|dac_data[2]                                                               ; pre-synthesis ; connected ; Top                            ; post-synthesis    ; DDS_lite:DDS_lite_inst|dds_ctrl_lite:dds_ctrl_lite_inst|rom_wave_sin:rom_ip_inst_1|altsyncram:altsyncram_component|altsyncram_6eb1:auto_generated|q_a[2]                                                               ; N/A     ;
; DDS_lite:DDS_lite_inst|dds_ctrl_lite:dds_ctrl_lite_inst|dac_data[2]                                                               ; pre-synthesis ; connected ; Top                            ; post-synthesis    ; DDS_lite:DDS_lite_inst|dds_ctrl_lite:dds_ctrl_lite_inst|rom_wave_sin:rom_ip_inst_1|altsyncram:altsyncram_component|altsyncram_6eb1:auto_generated|q_a[2]                                                               ; N/A     ;
; DDS_lite:DDS_lite_inst|dds_ctrl_lite:dds_ctrl_lite_inst|dac_data[3]                                                               ; pre-synthesis ; connected ; Top                            ; post-synthesis    ; DDS_lite:DDS_lite_inst|dds_ctrl_lite:dds_ctrl_lite_inst|rom_wave_sin:rom_ip_inst_1|altsyncram:altsyncram_component|altsyncram_6eb1:auto_generated|q_a[3]                                                               ; N/A     ;
; DDS_lite:DDS_lite_inst|dds_ctrl_lite:dds_ctrl_lite_inst|dac_data[3]                                                               ; pre-synthesis ; connected ; Top                            ; post-synthesis    ; DDS_lite:DDS_lite_inst|dds_ctrl_lite:dds_ctrl_lite_inst|rom_wave_sin:rom_ip_inst_1|altsyncram:altsyncram_component|altsyncram_6eb1:auto_generated|q_a[3]                                                               ; N/A     ;
; DDS_lite:DDS_lite_inst|dds_ctrl_lite:dds_ctrl_lite_inst|dac_data[4]                                                               ; pre-synthesis ; connected ; Top                            ; post-synthesis    ; DDS_lite:DDS_lite_inst|dds_ctrl_lite:dds_ctrl_lite_inst|rom_wave_sin:rom_ip_inst_1|altsyncram:altsyncram_component|altsyncram_6eb1:auto_generated|q_a[4]                                                               ; N/A     ;
; DDS_lite:DDS_lite_inst|dds_ctrl_lite:dds_ctrl_lite_inst|dac_data[4]                                                               ; pre-synthesis ; connected ; Top                            ; post-synthesis    ; DDS_lite:DDS_lite_inst|dds_ctrl_lite:dds_ctrl_lite_inst|rom_wave_sin:rom_ip_inst_1|altsyncram:altsyncram_component|altsyncram_6eb1:auto_generated|q_a[4]                                                               ; N/A     ;
; DDS_lite:DDS_lite_inst|dds_ctrl_lite:dds_ctrl_lite_inst|dac_data[5]                                                               ; pre-synthesis ; connected ; Top                            ; post-synthesis    ; DDS_lite:DDS_lite_inst|dds_ctrl_lite:dds_ctrl_lite_inst|rom_wave_sin:rom_ip_inst_1|altsyncram:altsyncram_component|altsyncram_6eb1:auto_generated|q_a[5]                                                               ; N/A     ;
; DDS_lite:DDS_lite_inst|dds_ctrl_lite:dds_ctrl_lite_inst|dac_data[5]                                                               ; pre-synthesis ; connected ; Top                            ; post-synthesis    ; DDS_lite:DDS_lite_inst|dds_ctrl_lite:dds_ctrl_lite_inst|rom_wave_sin:rom_ip_inst_1|altsyncram:altsyncram_component|altsyncram_6eb1:auto_generated|q_a[5]                                                               ; N/A     ;
; DDS_lite:DDS_lite_inst|dds_ctrl_lite:dds_ctrl_lite_inst|dac_data[6]                                                               ; pre-synthesis ; connected ; Top                            ; post-synthesis    ; DDS_lite:DDS_lite_inst|dds_ctrl_lite:dds_ctrl_lite_inst|rom_wave_sin:rom_ip_inst_1|altsyncram:altsyncram_component|altsyncram_6eb1:auto_generated|q_a[6]                                                               ; N/A     ;
; DDS_lite:DDS_lite_inst|dds_ctrl_lite:dds_ctrl_lite_inst|dac_data[6]                                                               ; pre-synthesis ; connected ; Top                            ; post-synthesis    ; DDS_lite:DDS_lite_inst|dds_ctrl_lite:dds_ctrl_lite_inst|rom_wave_sin:rom_ip_inst_1|altsyncram:altsyncram_component|altsyncram_6eb1:auto_generated|q_a[6]                                                               ; N/A     ;
; DDS_lite:DDS_lite_inst|dds_ctrl_lite:dds_ctrl_lite_inst|dac_data[7]                                                               ; pre-synthesis ; connected ; Top                            ; post-synthesis    ; DDS_lite:DDS_lite_inst|dds_ctrl_lite:dds_ctrl_lite_inst|rom_wave_sin:rom_ip_inst_1|altsyncram:altsyncram_component|altsyncram_6eb1:auto_generated|q_a[7]                                                               ; N/A     ;
; DDS_lite:DDS_lite_inst|dds_ctrl_lite:dds_ctrl_lite_inst|dac_data[7]                                                               ; pre-synthesis ; connected ; Top                            ; post-synthesis    ; DDS_lite:DDS_lite_inst|dds_ctrl_lite:dds_ctrl_lite_inst|rom_wave_sin:rom_ip_inst_1|altsyncram:altsyncram_component|altsyncram_6eb1:auto_generated|q_a[7]                                                               ; N/A     ;
; DDS_time_delay_2M:DDS_time_delay_2M_inst|DDS_lite_phase:u_DDS_lite_phase|DDS_en                                                   ; pre-synthesis ; connected ; Top                            ; post-synthesis    ; DDS_lite:DDS_lite_inst|DDS_en                                                                                                                                                                                          ; N/A     ;
; DDS_time_delay_2M:DDS_time_delay_2M_inst|DDS_lite_phase:u_DDS_lite_phase|dds_ctrl_lite_phase:dds_ctrl_lite_phase_inst|dac_data[0] ; pre-synthesis ; connected ; Top                            ; post-synthesis    ; DDS_time_delay_2M:DDS_time_delay_2M_inst|DDS_lite_phase:u_DDS_lite_phase|dds_ctrl_lite_phase:dds_ctrl_lite_phase_inst|rom_wave_sin:rom_ip_inst_1|altsyncram:altsyncram_component|altsyncram_6eb1:auto_generated|q_a[0] ; N/A     ;
; DDS_time_delay_2M:DDS_time_delay_2M_inst|DDS_lite_phase:u_DDS_lite_phase|dds_ctrl_lite_phase:dds_ctrl_lite_phase_inst|dac_data[0] ; pre-synthesis ; connected ; Top                            ; post-synthesis    ; DDS_time_delay_2M:DDS_time_delay_2M_inst|DDS_lite_phase:u_DDS_lite_phase|dds_ctrl_lite_phase:dds_ctrl_lite_phase_inst|rom_wave_sin:rom_ip_inst_1|altsyncram:altsyncram_component|altsyncram_6eb1:auto_generated|q_a[0] ; N/A     ;
; DDS_time_delay_2M:DDS_time_delay_2M_inst|DDS_lite_phase:u_DDS_lite_phase|dds_ctrl_lite_phase:dds_ctrl_lite_phase_inst|dac_data[1] ; pre-synthesis ; connected ; Top                            ; post-synthesis    ; DDS_time_delay_2M:DDS_time_delay_2M_inst|DDS_lite_phase:u_DDS_lite_phase|dds_ctrl_lite_phase:dds_ctrl_lite_phase_inst|rom_wave_sin:rom_ip_inst_1|altsyncram:altsyncram_component|altsyncram_6eb1:auto_generated|q_a[1] ; N/A     ;
; DDS_time_delay_2M:DDS_time_delay_2M_inst|DDS_lite_phase:u_DDS_lite_phase|dds_ctrl_lite_phase:dds_ctrl_lite_phase_inst|dac_data[1] ; pre-synthesis ; connected ; Top                            ; post-synthesis    ; DDS_time_delay_2M:DDS_time_delay_2M_inst|DDS_lite_phase:u_DDS_lite_phase|dds_ctrl_lite_phase:dds_ctrl_lite_phase_inst|rom_wave_sin:rom_ip_inst_1|altsyncram:altsyncram_component|altsyncram_6eb1:auto_generated|q_a[1] ; N/A     ;
; DDS_time_delay_2M:DDS_time_delay_2M_inst|DDS_lite_phase:u_DDS_lite_phase|dds_ctrl_lite_phase:dds_ctrl_lite_phase_inst|dac_data[2] ; pre-synthesis ; connected ; Top                            ; post-synthesis    ; DDS_time_delay_2M:DDS_time_delay_2M_inst|DDS_lite_phase:u_DDS_lite_phase|dds_ctrl_lite_phase:dds_ctrl_lite_phase_inst|rom_wave_sin:rom_ip_inst_1|altsyncram:altsyncram_component|altsyncram_6eb1:auto_generated|q_a[2] ; N/A     ;
; DDS_time_delay_2M:DDS_time_delay_2M_inst|DDS_lite_phase:u_DDS_lite_phase|dds_ctrl_lite_phase:dds_ctrl_lite_phase_inst|dac_data[2] ; pre-synthesis ; connected ; Top                            ; post-synthesis    ; DDS_time_delay_2M:DDS_time_delay_2M_inst|DDS_lite_phase:u_DDS_lite_phase|dds_ctrl_lite_phase:dds_ctrl_lite_phase_inst|rom_wave_sin:rom_ip_inst_1|altsyncram:altsyncram_component|altsyncram_6eb1:auto_generated|q_a[2] ; N/A     ;
; DDS_time_delay_2M:DDS_time_delay_2M_inst|DDS_lite_phase:u_DDS_lite_phase|dds_ctrl_lite_phase:dds_ctrl_lite_phase_inst|dac_data[3] ; pre-synthesis ; connected ; Top                            ; post-synthesis    ; DDS_time_delay_2M:DDS_time_delay_2M_inst|DDS_lite_phase:u_DDS_lite_phase|dds_ctrl_lite_phase:dds_ctrl_lite_phase_inst|rom_wave_sin:rom_ip_inst_1|altsyncram:altsyncram_component|altsyncram_6eb1:auto_generated|q_a[3] ; N/A     ;
; DDS_time_delay_2M:DDS_time_delay_2M_inst|DDS_lite_phase:u_DDS_lite_phase|dds_ctrl_lite_phase:dds_ctrl_lite_phase_inst|dac_data[3] ; pre-synthesis ; connected ; Top                            ; post-synthesis    ; DDS_time_delay_2M:DDS_time_delay_2M_inst|DDS_lite_phase:u_DDS_lite_phase|dds_ctrl_lite_phase:dds_ctrl_lite_phase_inst|rom_wave_sin:rom_ip_inst_1|altsyncram:altsyncram_component|altsyncram_6eb1:auto_generated|q_a[3] ; N/A     ;
; DDS_time_delay_2M:DDS_time_delay_2M_inst|DDS_lite_phase:u_DDS_lite_phase|dds_ctrl_lite_phase:dds_ctrl_lite_phase_inst|dac_data[4] ; pre-synthesis ; connected ; Top                            ; post-synthesis    ; DDS_time_delay_2M:DDS_time_delay_2M_inst|DDS_lite_phase:u_DDS_lite_phase|dds_ctrl_lite_phase:dds_ctrl_lite_phase_inst|rom_wave_sin:rom_ip_inst_1|altsyncram:altsyncram_component|altsyncram_6eb1:auto_generated|q_a[4] ; N/A     ;
; DDS_time_delay_2M:DDS_time_delay_2M_inst|DDS_lite_phase:u_DDS_lite_phase|dds_ctrl_lite_phase:dds_ctrl_lite_phase_inst|dac_data[4] ; pre-synthesis ; connected ; Top                            ; post-synthesis    ; DDS_time_delay_2M:DDS_time_delay_2M_inst|DDS_lite_phase:u_DDS_lite_phase|dds_ctrl_lite_phase:dds_ctrl_lite_phase_inst|rom_wave_sin:rom_ip_inst_1|altsyncram:altsyncram_component|altsyncram_6eb1:auto_generated|q_a[4] ; N/A     ;
; DDS_time_delay_2M:DDS_time_delay_2M_inst|DDS_lite_phase:u_DDS_lite_phase|dds_ctrl_lite_phase:dds_ctrl_lite_phase_inst|dac_data[5] ; pre-synthesis ; connected ; Top                            ; post-synthesis    ; DDS_time_delay_2M:DDS_time_delay_2M_inst|DDS_lite_phase:u_DDS_lite_phase|dds_ctrl_lite_phase:dds_ctrl_lite_phase_inst|rom_wave_sin:rom_ip_inst_1|altsyncram:altsyncram_component|altsyncram_6eb1:auto_generated|q_a[5] ; N/A     ;
; DDS_time_delay_2M:DDS_time_delay_2M_inst|DDS_lite_phase:u_DDS_lite_phase|dds_ctrl_lite_phase:dds_ctrl_lite_phase_inst|dac_data[5] ; pre-synthesis ; connected ; Top                            ; post-synthesis    ; DDS_time_delay_2M:DDS_time_delay_2M_inst|DDS_lite_phase:u_DDS_lite_phase|dds_ctrl_lite_phase:dds_ctrl_lite_phase_inst|rom_wave_sin:rom_ip_inst_1|altsyncram:altsyncram_component|altsyncram_6eb1:auto_generated|q_a[5] ; N/A     ;
; DDS_time_delay_2M:DDS_time_delay_2M_inst|DDS_lite_phase:u_DDS_lite_phase|dds_ctrl_lite_phase:dds_ctrl_lite_phase_inst|dac_data[6] ; pre-synthesis ; connected ; Top                            ; post-synthesis    ; DDS_time_delay_2M:DDS_time_delay_2M_inst|DDS_lite_phase:u_DDS_lite_phase|dds_ctrl_lite_phase:dds_ctrl_lite_phase_inst|rom_wave_sin:rom_ip_inst_1|altsyncram:altsyncram_component|altsyncram_6eb1:auto_generated|q_a[6] ; N/A     ;
; DDS_time_delay_2M:DDS_time_delay_2M_inst|DDS_lite_phase:u_DDS_lite_phase|dds_ctrl_lite_phase:dds_ctrl_lite_phase_inst|dac_data[6] ; pre-synthesis ; connected ; Top                            ; post-synthesis    ; DDS_time_delay_2M:DDS_time_delay_2M_inst|DDS_lite_phase:u_DDS_lite_phase|dds_ctrl_lite_phase:dds_ctrl_lite_phase_inst|rom_wave_sin:rom_ip_inst_1|altsyncram:altsyncram_component|altsyncram_6eb1:auto_generated|q_a[6] ; N/A     ;
; DDS_time_delay_2M:DDS_time_delay_2M_inst|DDS_lite_phase:u_DDS_lite_phase|dds_ctrl_lite_phase:dds_ctrl_lite_phase_inst|dac_data[7] ; pre-synthesis ; connected ; Top                            ; post-synthesis    ; DDS_time_delay_2M:DDS_time_delay_2M_inst|DDS_lite_phase:u_DDS_lite_phase|dds_ctrl_lite_phase:dds_ctrl_lite_phase_inst|rom_wave_sin:rom_ip_inst_1|altsyncram:altsyncram_component|altsyncram_6eb1:auto_generated|q_a[7] ; N/A     ;
; DDS_time_delay_2M:DDS_time_delay_2M_inst|DDS_lite_phase:u_DDS_lite_phase|dds_ctrl_lite_phase:dds_ctrl_lite_phase_inst|dac_data[7] ; pre-synthesis ; connected ; Top                            ; post-synthesis    ; DDS_time_delay_2M:DDS_time_delay_2M_inst|DDS_lite_phase:u_DDS_lite_phase|dds_ctrl_lite_phase:dds_ctrl_lite_phase_inst|rom_wave_sin:rom_ip_inst_1|altsyncram:altsyncram_component|altsyncram_6eb1:auto_generated|q_a[7] ; N/A     ;
; DDS_time_delay_2M:DDS_time_delay_2M_inst|delay_phase[0]                                                                           ; pre-synthesis ; connected ; Top                            ; post-synthesis    ; DDS_time_delay_2M:DDS_time_delay_2M_inst|delay_phase[0]                                                                                                                                                                ; N/A     ;
; DDS_time_delay_2M:DDS_time_delay_2M_inst|delay_phase[1]                                                                           ; pre-synthesis ; connected ; Top                            ; post-synthesis    ; DDS_time_delay_2M:DDS_time_delay_2M_inst|delay_phase[1]                                                                                                                                                                ; N/A     ;
; DDS_time_delay_2M:DDS_time_delay_2M_inst|delay_phase[2]                                                                           ; pre-synthesis ; connected ; Top                            ; post-synthesis    ; DDS_time_delay_2M:DDS_time_delay_2M_inst|delay_phase[2]                                                                                                                                                                ; N/A     ;
; DDS_time_delay_2M:DDS_time_delay_2M_inst|delay_phase[3]                                                                           ; pre-synthesis ; connected ; Top                            ; post-synthesis    ; DDS_time_delay_2M:DDS_time_delay_2M_inst|delay_phase[1]                                                                                                                                                                ; N/A     ;
; DDS_time_delay_2M:DDS_time_delay_2M_inst|delay_phase[4]                                                                           ; pre-synthesis ; connected ; Top                            ; post-synthesis    ; DDS_time_delay_2M:DDS_time_delay_2M_inst|delay_phase[4]                                                                                                                                                                ; N/A     ;
; DDS_time_delay_2M:DDS_time_delay_2M_inst|delay_phase[5]                                                                           ; pre-synthesis ; connected ; Top                            ; post-synthesis    ; DDS_time_delay_2M:DDS_time_delay_2M_inst|delay_phase[5]                                                                                                                                                                ; N/A     ;
; DDS_time_delay_2M:DDS_time_delay_2M_inst|delay_phase[6]                                                                           ; pre-synthesis ; connected ; Top                            ; post-synthesis    ; DDS_time_delay_2M:DDS_time_delay_2M_inst|delay_phase[6]                                                                                                                                                                ; N/A     ;
; DDS_time_delay_2M:DDS_time_delay_2M_inst|delay_phase[7]                                                                           ; pre-synthesis ; connected ; Top                            ; post-synthesis    ; DDS_time_delay_2M:DDS_time_delay_2M_inst|delay_phase[7]                                                                                                                                                                ; N/A     ;
; DDS_time_delay_2M:DDS_time_delay_2M_inst|parameter_delay_time[0]                                                                  ; pre-synthesis ; connected ; Top                            ; post-synthesis    ; SPI_STM32F4:u_SPI_STM32F4|SPI:u_SPI_inst|Dout[8]                                                                                                                                                                       ; N/A     ;
; DDS_time_delay_2M:DDS_time_delay_2M_inst|parameter_delay_time[1]                                                                  ; pre-synthesis ; connected ; Top                            ; post-synthesis    ; SPI_STM32F4:u_SPI_STM32F4|SPI:u_SPI_inst|Dout[9]                                                                                                                                                                       ; N/A     ;
; DDS_time_delay_2M:DDS_time_delay_2M_inst|parameter_delay_time[2]                                                                  ; pre-synthesis ; connected ; Top                            ; post-synthesis    ; SPI_STM32F4:u_SPI_STM32F4|SPI:u_SPI_inst|Dout[10]                                                                                                                                                                      ; N/A     ;
; DDS_time_delay_2M:DDS_time_delay_2M_inst|parameter_delay_time[3]                                                                  ; pre-synthesis ; connected ; Top                            ; post-synthesis    ; SPI_STM32F4:u_SPI_STM32F4|SPI:u_SPI_inst|Dout[11]                                                                                                                                                                      ; N/A     ;
; DDS_time_delay_2M:DDS_time_delay_2M_inst|parameter_delay_time[4]                                                                  ; pre-synthesis ; connected ; Top                            ; post-synthesis    ; SPI_STM32F4:u_SPI_STM32F4|SPI:u_SPI_inst|Dout[12]                                                                                                                                                                      ; N/A     ;
; DDS_time_delay_2M:DDS_time_delay_2M_inst|parameter_delay_time[5]                                                                  ; pre-synthesis ; connected ; Top                            ; post-synthesis    ; SPI_STM32F4:u_SPI_STM32F4|SPI:u_SPI_inst|Dout[13]                                                                                                                                                                      ; N/A     ;
; DDS_time_delay_2M:DDS_time_delay_2M_inst|parameter_delay_time[6]                                                                  ; pre-synthesis ; connected ; Top                            ; post-synthesis    ; SPI_STM32F4:u_SPI_STM32F4|SPI:u_SPI_inst|Dout[14]                                                                                                                                                                      ; N/A     ;
; DDS_time_delay_2M:DDS_time_delay_2M_inst|parameter_delay_time[7]                                                                  ; pre-synthesis ; connected ; Top                            ; post-synthesis    ; SPI_STM32F4:u_SPI_STM32F4|SPI:u_SPI_inst|Dout[15]                                                                                                                                                                      ; N/A     ;
; SPI_STM32F4:u_SPI_STM32F4|SPI:u_SPI_inst|Dout[0]~reg0                                                                             ; pre-synthesis ; connected ; Top                            ; post-synthesis    ; SPI_STM32F4:u_SPI_STM32F4|SPI:u_SPI_inst|Dout[0]                                                                                                                                                                       ; N/A     ;
; SPI_STM32F4:u_SPI_STM32F4|SPI:u_SPI_inst|Dout[10]~reg0                                                                            ; pre-synthesis ; connected ; Top                            ; post-synthesis    ; SPI_STM32F4:u_SPI_STM32F4|SPI:u_SPI_inst|Dout[10]                                                                                                                                                                      ; N/A     ;
; SPI_STM32F4:u_SPI_STM32F4|SPI:u_SPI_inst|Dout[11]~reg0                                                                            ; pre-synthesis ; connected ; Top                            ; post-synthesis    ; SPI_STM32F4:u_SPI_STM32F4|SPI:u_SPI_inst|Dout[11]                                                                                                                                                                      ; N/A     ;
; SPI_STM32F4:u_SPI_STM32F4|SPI:u_SPI_inst|Dout[12]~reg0                                                                            ; pre-synthesis ; connected ; Top                            ; post-synthesis    ; SPI_STM32F4:u_SPI_STM32F4|SPI:u_SPI_inst|Dout[12]                                                                                                                                                                      ; N/A     ;
; SPI_STM32F4:u_SPI_STM32F4|SPI:u_SPI_inst|Dout[13]~reg0                                                                            ; pre-synthesis ; connected ; Top                            ; post-synthesis    ; SPI_STM32F4:u_SPI_STM32F4|SPI:u_SPI_inst|Dout[13]                                                                                                                                                                      ; N/A     ;
; SPI_STM32F4:u_SPI_STM32F4|SPI:u_SPI_inst|Dout[14]~reg0                                                                            ; pre-synthesis ; connected ; Top                            ; post-synthesis    ; SPI_STM32F4:u_SPI_STM32F4|SPI:u_SPI_inst|Dout[14]                                                                                                                                                                      ; N/A     ;
; SPI_STM32F4:u_SPI_STM32F4|SPI:u_SPI_inst|Dout[15]~reg0                                                                            ; pre-synthesis ; connected ; Top                            ; post-synthesis    ; SPI_STM32F4:u_SPI_STM32F4|SPI:u_SPI_inst|Dout[15]                                                                                                                                                                      ; N/A     ;
; SPI_STM32F4:u_SPI_STM32F4|SPI:u_SPI_inst|Dout[16]~reg0                                                                            ; pre-synthesis ; connected ; Top                            ; post-synthesis    ; SPI_STM32F4:u_SPI_STM32F4|SPI:u_SPI_inst|Dout[16]                                                                                                                                                                      ; N/A     ;
; SPI_STM32F4:u_SPI_STM32F4|SPI:u_SPI_inst|Dout[17]~reg0                                                                            ; pre-synthesis ; connected ; Top                            ; post-synthesis    ; SPI_STM32F4:u_SPI_STM32F4|SPI:u_SPI_inst|Dout[17]                                                                                                                                                                      ; N/A     ;
; SPI_STM32F4:u_SPI_STM32F4|SPI:u_SPI_inst|Dout[18]~reg0                                                                            ; pre-synthesis ; connected ; Top                            ; post-synthesis    ; SPI_STM32F4:u_SPI_STM32F4|SPI:u_SPI_inst|Dout[18]                                                                                                                                                                      ; N/A     ;
; SPI_STM32F4:u_SPI_STM32F4|SPI:u_SPI_inst|Dout[19]~reg0                                                                            ; pre-synthesis ; connected ; Top                            ; post-synthesis    ; SPI_STM32F4:u_SPI_STM32F4|SPI:u_SPI_inst|Dout[19]                                                                                                                                                                      ; N/A     ;
; SPI_STM32F4:u_SPI_STM32F4|SPI:u_SPI_inst|Dout[1]~reg0                                                                             ; pre-synthesis ; connected ; Top                            ; post-synthesis    ; SPI_STM32F4:u_SPI_STM32F4|SPI:u_SPI_inst|Dout[1]                                                                                                                                                                       ; N/A     ;
; SPI_STM32F4:u_SPI_STM32F4|SPI:u_SPI_inst|Dout[20]~reg0                                                                            ; pre-synthesis ; connected ; Top                            ; post-synthesis    ; SPI_STM32F4:u_SPI_STM32F4|SPI:u_SPI_inst|Dout[20]                                                                                                                                                                      ; N/A     ;
; SPI_STM32F4:u_SPI_STM32F4|SPI:u_SPI_inst|Dout[21]~reg0                                                                            ; pre-synthesis ; connected ; Top                            ; post-synthesis    ; SPI_STM32F4:u_SPI_STM32F4|SPI:u_SPI_inst|Dout[21]                                                                                                                                                                      ; N/A     ;
; SPI_STM32F4:u_SPI_STM32F4|SPI:u_SPI_inst|Dout[22]~reg0                                                                            ; pre-synthesis ; connected ; Top                            ; post-synthesis    ; SPI_STM32F4:u_SPI_STM32F4|SPI:u_SPI_inst|Dout[22]                                                                                                                                                                      ; N/A     ;
; SPI_STM32F4:u_SPI_STM32F4|SPI:u_SPI_inst|Dout[23]~reg0                                                                            ; pre-synthesis ; connected ; Top                            ; post-synthesis    ; SPI_STM32F4:u_SPI_STM32F4|SPI:u_SPI_inst|Dout[23]                                                                                                                                                                      ; N/A     ;
; SPI_STM32F4:u_SPI_STM32F4|SPI:u_SPI_inst|Dout[24]~reg0                                                                            ; pre-synthesis ; connected ; Top                            ; post-synthesis    ; SPI_STM32F4:u_SPI_STM32F4|SPI:u_SPI_inst|Dout[24]                                                                                                                                                                      ; N/A     ;
; SPI_STM32F4:u_SPI_STM32F4|SPI:u_SPI_inst|Dout[25]~reg0                                                                            ; pre-synthesis ; connected ; Top                            ; post-synthesis    ; SPI_STM32F4:u_SPI_STM32F4|SPI:u_SPI_inst|Dout[25]                                                                                                                                                                      ; N/A     ;
; SPI_STM32F4:u_SPI_STM32F4|SPI:u_SPI_inst|Dout[26]~reg0                                                                            ; pre-synthesis ; connected ; Top                            ; post-synthesis    ; SPI_STM32F4:u_SPI_STM32F4|SPI:u_SPI_inst|Dout[26]                                                                                                                                                                      ; N/A     ;
; SPI_STM32F4:u_SPI_STM32F4|SPI:u_SPI_inst|Dout[27]~reg0                                                                            ; pre-synthesis ; connected ; Top                            ; post-synthesis    ; SPI_STM32F4:u_SPI_STM32F4|SPI:u_SPI_inst|Dout[27]                                                                                                                                                                      ; N/A     ;
; SPI_STM32F4:u_SPI_STM32F4|SPI:u_SPI_inst|Dout[28]~reg0                                                                            ; pre-synthesis ; connected ; Top                            ; post-synthesis    ; SPI_STM32F4:u_SPI_STM32F4|SPI:u_SPI_inst|Dout[28]                                                                                                                                                                      ; N/A     ;
; SPI_STM32F4:u_SPI_STM32F4|SPI:u_SPI_inst|Dout[29]~reg0                                                                            ; pre-synthesis ; connected ; Top                            ; post-synthesis    ; SPI_STM32F4:u_SPI_STM32F4|SPI:u_SPI_inst|Dout[29]                                                                                                                                                                      ; N/A     ;
; SPI_STM32F4:u_SPI_STM32F4|SPI:u_SPI_inst|Dout[2]~reg0                                                                             ; pre-synthesis ; connected ; Top                            ; post-synthesis    ; SPI_STM32F4:u_SPI_STM32F4|SPI:u_SPI_inst|Dout[2]                                                                                                                                                                       ; N/A     ;
; SPI_STM32F4:u_SPI_STM32F4|SPI:u_SPI_inst|Dout[30]~reg0                                                                            ; pre-synthesis ; connected ; Top                            ; post-synthesis    ; SPI_STM32F4:u_SPI_STM32F4|SPI:u_SPI_inst|Dout[30]                                                                                                                                                                      ; N/A     ;
; SPI_STM32F4:u_SPI_STM32F4|SPI:u_SPI_inst|Dout[31]~reg0                                                                            ; pre-synthesis ; connected ; Top                            ; post-synthesis    ; SPI_STM32F4:u_SPI_STM32F4|SPI:u_SPI_inst|Dout[31]                                                                                                                                                                      ; N/A     ;
; SPI_STM32F4:u_SPI_STM32F4|SPI:u_SPI_inst|Dout[3]~reg0                                                                             ; pre-synthesis ; connected ; Top                            ; post-synthesis    ; SPI_STM32F4:u_SPI_STM32F4|SPI:u_SPI_inst|Dout[3]                                                                                                                                                                       ; N/A     ;
; SPI_STM32F4:u_SPI_STM32F4|SPI:u_SPI_inst|Dout[4]~reg0                                                                             ; pre-synthesis ; connected ; Top                            ; post-synthesis    ; SPI_STM32F4:u_SPI_STM32F4|SPI:u_SPI_inst|Dout[4]                                                                                                                                                                       ; N/A     ;
; SPI_STM32F4:u_SPI_STM32F4|SPI:u_SPI_inst|Dout[5]~reg0                                                                             ; pre-synthesis ; connected ; Top                            ; post-synthesis    ; SPI_STM32F4:u_SPI_STM32F4|SPI:u_SPI_inst|Dout[5]                                                                                                                                                                       ; N/A     ;
; SPI_STM32F4:u_SPI_STM32F4|SPI:u_SPI_inst|Dout[6]~reg0                                                                             ; pre-synthesis ; connected ; Top                            ; post-synthesis    ; SPI_STM32F4:u_SPI_STM32F4|SPI:u_SPI_inst|Dout[6]                                                                                                                                                                       ; N/A     ;
; SPI_STM32F4:u_SPI_STM32F4|SPI:u_SPI_inst|Dout[7]~reg0                                                                             ; pre-synthesis ; connected ; Top                            ; post-synthesis    ; SPI_STM32F4:u_SPI_STM32F4|SPI:u_SPI_inst|Dout[7]                                                                                                                                                                       ; N/A     ;
; SPI_STM32F4:u_SPI_STM32F4|SPI:u_SPI_inst|Dout[8]~reg0                                                                             ; pre-synthesis ; connected ; Top                            ; post-synthesis    ; SPI_STM32F4:u_SPI_STM32F4|SPI:u_SPI_inst|Dout[8]                                                                                                                                                                       ; N/A     ;
; SPI_STM32F4:u_SPI_STM32F4|SPI:u_SPI_inst|Dout[9]~reg0                                                                             ; pre-synthesis ; connected ; Top                            ; post-synthesis    ; SPI_STM32F4:u_SPI_STM32F4|SPI:u_SPI_inst|Dout[9]                                                                                                                                                                       ; N/A     ;
; pll_ip:pll_ip_inst|c0                                                                                                             ; pre-synthesis ; connected ; Top                            ; post-synthesis    ; pll_ip:pll_ip_inst|altpll:altpll_component|pll_ip_altpll:auto_generated|wire_pll1_clk[0]                                                                                                                               ; N/A     ;
; spi_scl                                                                                                                           ; pre-synthesis ; connected ; Top                            ; post-synthesis    ; spi_scl                                                                                                                                                                                                                ; N/A     ;
; spi_sdi                                                                                                                           ; pre-synthesis ; connected ; Top                            ; post-synthesis    ; spi_sdi                                                                                                                                                                                                                ; N/A     ;
; spi_sdo                                                                                                                           ; pre-synthesis ; connected ; Top                            ; post-synthesis    ; ~GND                                                                                                                                                                                                                   ; N/A     ;
; spi_sel                                                                                                                           ; pre-synthesis ; connected ; Top                            ; post-synthesis    ; spi_sel                                                                                                                                                                                                                ; N/A     ;
; spi_sel                                                                                                                           ; pre-synthesis ; connected ; Top                            ; post-synthesis    ; spi_sel                                                                                                                                                                                                                ; N/A     ;
; auto_signaltap_0|gnd                                                                                                              ; post-fitting  ; connected ; sld_signaltap:auto_signaltap_0 ; post-synthesis    ; sld_signaltap:auto_signaltap_0|~GND                                                                                                                                                                                    ; N/A     ;
; auto_signaltap_0|gnd                                                                                                              ; post-fitting  ; connected ; sld_signaltap:auto_signaltap_0 ; post-synthesis    ; sld_signaltap:auto_signaltap_0|~GND                                                                                                                                                                                    ; N/A     ;
; auto_signaltap_0|gnd                                                                                                              ; post-fitting  ; connected ; sld_signaltap:auto_signaltap_0 ; post-synthesis    ; sld_signaltap:auto_signaltap_0|~GND                                                                                                                                                                                    ; N/A     ;
; auto_signaltap_0|gnd                                                                                                              ; post-fitting  ; connected ; sld_signaltap:auto_signaltap_0 ; post-synthesis    ; sld_signaltap:auto_signaltap_0|~GND                                                                                                                                                                                    ; N/A     ;
; auto_signaltap_0|gnd                                                                                                              ; post-fitting  ; connected ; sld_signaltap:auto_signaltap_0 ; post-synthesis    ; sld_signaltap:auto_signaltap_0|~GND                                                                                                                                                                                    ; N/A     ;
; auto_signaltap_0|gnd                                                                                                              ; post-fitting  ; connected ; sld_signaltap:auto_signaltap_0 ; post-synthesis    ; sld_signaltap:auto_signaltap_0|~GND                                                                                                                                                                                    ; N/A     ;
; auto_signaltap_0|gnd                                                                                                              ; post-fitting  ; connected ; sld_signaltap:auto_signaltap_0 ; post-synthesis    ; sld_signaltap:auto_signaltap_0|~GND                                                                                                                                                                                    ; N/A     ;
; auto_signaltap_0|gnd                                                                                                              ; post-fitting  ; connected ; sld_signaltap:auto_signaltap_0 ; post-synthesis    ; sld_signaltap:auto_signaltap_0|~GND                                                                                                                                                                                    ; N/A     ;
; auto_signaltap_0|gnd                                                                                                              ; post-fitting  ; connected ; sld_signaltap:auto_signaltap_0 ; post-synthesis    ; sld_signaltap:auto_signaltap_0|~GND                                                                                                                                                                                    ; N/A     ;
; auto_signaltap_0|gnd                                                                                                              ; post-fitting  ; connected ; sld_signaltap:auto_signaltap_0 ; post-synthesis    ; sld_signaltap:auto_signaltap_0|~GND                                                                                                                                                                                    ; N/A     ;
; auto_signaltap_0|gnd                                                                                                              ; post-fitting  ; connected ; sld_signaltap:auto_signaltap_0 ; post-synthesis    ; sld_signaltap:auto_signaltap_0|~GND                                                                                                                                                                                    ; N/A     ;
; auto_signaltap_0|gnd                                                                                                              ; post-fitting  ; connected ; sld_signaltap:auto_signaltap_0 ; post-synthesis    ; sld_signaltap:auto_signaltap_0|~GND                                                                                                                                                                                    ; N/A     ;
; auto_signaltap_0|gnd                                                                                                              ; post-fitting  ; connected ; sld_signaltap:auto_signaltap_0 ; post-synthesis    ; sld_signaltap:auto_signaltap_0|~GND                                                                                                                                                                                    ; N/A     ;
; auto_signaltap_0|gnd                                                                                                              ; post-fitting  ; connected ; sld_signaltap:auto_signaltap_0 ; post-synthesis    ; sld_signaltap:auto_signaltap_0|~GND                                                                                                                                                                                    ; N/A     ;
; auto_signaltap_0|gnd                                                                                                              ; post-fitting  ; connected ; sld_signaltap:auto_signaltap_0 ; post-synthesis    ; sld_signaltap:auto_signaltap_0|~GND                                                                                                                                                                                    ; N/A     ;
; auto_signaltap_0|gnd                                                                                                              ; post-fitting  ; connected ; sld_signaltap:auto_signaltap_0 ; post-synthesis    ; sld_signaltap:auto_signaltap_0|~GND                                                                                                                                                                                    ; N/A     ;
; auto_signaltap_0|vcc                                                                                                              ; post-fitting  ; connected ; sld_signaltap:auto_signaltap_0 ; post-synthesis    ; sld_signaltap:auto_signaltap_0|~VCC                                                                                                                                                                                    ; N/A     ;
; auto_signaltap_0|vcc                                                                                                              ; post-fitting  ; connected ; sld_signaltap:auto_signaltap_0 ; post-synthesis    ; sld_signaltap:auto_signaltap_0|~VCC                                                                                                                                                                                    ; N/A     ;
; auto_signaltap_0|vcc                                                                                                              ; post-fitting  ; connected ; sld_signaltap:auto_signaltap_0 ; post-synthesis    ; sld_signaltap:auto_signaltap_0|~VCC                                                                                                                                                                                    ; N/A     ;
; auto_signaltap_0|vcc                                                                                                              ; post-fitting  ; connected ; sld_signaltap:auto_signaltap_0 ; post-synthesis    ; sld_signaltap:auto_signaltap_0|~VCC                                                                                                                                                                                    ; N/A     ;
; auto_signaltap_0|vcc                                                                                                              ; post-fitting  ; connected ; sld_signaltap:auto_signaltap_0 ; post-synthesis    ; sld_signaltap:auto_signaltap_0|~VCC                                                                                                                                                                                    ; N/A     ;
; auto_signaltap_0|vcc                                                                                                              ; post-fitting  ; connected ; sld_signaltap:auto_signaltap_0 ; post-synthesis    ; sld_signaltap:auto_signaltap_0|~VCC                                                                                                                                                                                    ; N/A     ;
; auto_signaltap_0|vcc                                                                                                              ; post-fitting  ; connected ; sld_signaltap:auto_signaltap_0 ; post-synthesis    ; sld_signaltap:auto_signaltap_0|~VCC                                                                                                                                                                                    ; N/A     ;
; auto_signaltap_0|vcc                                                                                                              ; post-fitting  ; connected ; sld_signaltap:auto_signaltap_0 ; post-synthesis    ; sld_signaltap:auto_signaltap_0|~VCC                                                                                                                                                                                    ; N/A     ;
; auto_signaltap_0|vcc                                                                                                              ; post-fitting  ; connected ; sld_signaltap:auto_signaltap_0 ; post-synthesis    ; sld_signaltap:auto_signaltap_0|~VCC                                                                                                                                                                                    ; N/A     ;
; auto_signaltap_0|vcc                                                                                                              ; post-fitting  ; connected ; sld_signaltap:auto_signaltap_0 ; post-synthesis    ; sld_signaltap:auto_signaltap_0|~VCC                                                                                                                                                                                    ; N/A     ;
; auto_signaltap_0|vcc                                                                                                              ; post-fitting  ; connected ; sld_signaltap:auto_signaltap_0 ; post-synthesis    ; sld_signaltap:auto_signaltap_0|~VCC                                                                                                                                                                                    ; N/A     ;
; auto_signaltap_0|vcc                                                                                                              ; post-fitting  ; connected ; sld_signaltap:auto_signaltap_0 ; post-synthesis    ; sld_signaltap:auto_signaltap_0|~VCC                                                                                                                                                                                    ; N/A     ;
; auto_signaltap_0|vcc                                                                                                              ; post-fitting  ; connected ; sld_signaltap:auto_signaltap_0 ; post-synthesis    ; sld_signaltap:auto_signaltap_0|~VCC                                                                                                                                                                                    ; N/A     ;
; auto_signaltap_0|vcc                                                                                                              ; post-fitting  ; connected ; sld_signaltap:auto_signaltap_0 ; post-synthesis    ; sld_signaltap:auto_signaltap_0|~VCC                                                                                                                                                                                    ; N/A     ;
; auto_signaltap_0|vcc                                                                                                              ; post-fitting  ; connected ; sld_signaltap:auto_signaltap_0 ; post-synthesis    ; sld_signaltap:auto_signaltap_0|~VCC                                                                                                                                                                                    ; N/A     ;
; auto_signaltap_0|vcc                                                                                                              ; post-fitting  ; connected ; sld_signaltap:auto_signaltap_0 ; post-synthesis    ; sld_signaltap:auto_signaltap_0|~VCC                                                                                                                                                                                    ; N/A     ;
+-----------------------------------------------------------------------------------------------------------------------------------+---------------+-----------+--------------------------------+-------------------+------------------------------------------------------------------------------------------------------------------------------------------------------------------------------------------------------------------------+---------+


+-------------------------------+
; Analysis & Synthesis Messages ;
+-------------------------------+
Info: *******************************************************************
Info: Running Quartus Prime Analysis & Synthesis
    Info: Version 17.1.0 Build 590 10/25/2017 SJ Standard Edition
    Info: Processing started: Fri Aug 02 09:39:25 2024
Info: Command: quartus_map --read_settings_files=on --write_settings_files=off C_2024_2M -c C_2024_2M
Warning (18236): Number of processors has not been specified which may cause overloading on shared machines.  Set the global assignment NUM_PARALLEL_PROCESSORS in your QSF to an appropriate value for best performance.
Info (20030): Parallel compilation is enabled and will use 16 of the 24 processors detected
Info (12021): Found 1 design units, including 1 entities, in source file rtl/dds/dds_time_delay_2m.v
    Info (12023): Found entity 1: DDS_time_delay_2M File: D:/Quartus_code/C_2024_2M/rtl/DDS/DDS_time_delay_2M.v Line: 1
Info (12021): Found 1 design units, including 1 entities, in source file rtl/spi/spi_stm32f4.v
    Info (12023): Found entity 1: SPI_STM32F4 File: D:/Quartus_code/C_2024_2M/rtl/SPI/SPI_STM32F4.v Line: 1
Info (12021): Found 1 design units, including 1 entities, in source file rtl/spi/spi.v
    Info (12023): Found entity 1: SPI File: D:/Quartus_code/C_2024_2M/rtl/SPI/SPI.v Line: 2
Info (12021): Found 1 design units, including 1 entities, in source file ip/pll/pll_ip.v
    Info (12023): Found entity 1: pll_ip File: D:/Quartus_code/C_2024_2M/ip/pll/pll_ip.v Line: 39
Info (12021): Found 1 design units, including 1 entities, in source file ip/rom/rom_wave_sin.v
    Info (12023): Found entity 1: rom_wave_sin File: D:/Quartus_code/C_2024_2M/ip/rom/rom_wave_sin.v Line: 39
Info (12021): Found 1 design units, including 1 entities, in source file rtl/dds/dds_lite_phase.v
    Info (12023): Found entity 1: DDS_lite_phase File: D:/Quartus_code/C_2024_2M/rtl/DDS/DDS_lite_phase.v Line: 1
Info (12021): Found 1 design units, including 1 entities, in source file rtl/dds/dds_lite.v
    Info (12023): Found entity 1: DDS_lite File: D:/Quartus_code/C_2024_2M/rtl/DDS/DDS_lite.v Line: 1
Info (12021): Found 1 design units, including 1 entities, in source file rtl/dds/dds_ctrl_lite_phase.v
    Info (12023): Found entity 1: dds_ctrl_lite_phase File: D:/Quartus_code/C_2024_2M/rtl/DDS/dds_ctrl_lite_phase.v Line: 1
Info (12021): Found 1 design units, including 1 entities, in source file rtl/dds/dds_ctrl_lite.v
    Info (12023): Found entity 1: dds_ctrl_lite File: D:/Quartus_code/C_2024_2M/rtl/DDS/dds_ctrl_lite.v Line: 1
Info (12021): Found 1 design units, including 1 entities, in source file rtl/top/c_2024_2m.v
    Info (12023): Found entity 1: C_2024_2M File: D:/Quartus_code/C_2024_2M/rtl/TOP/C_2024_2M.v Line: 1
Info (12127): Elaborating entity "C_2024_2M" for the top level hierarchy
Info (12128): Elaborating entity "pll_ip" for hierarchy "pll_ip:pll_ip_inst" File: D:/Quartus_code/C_2024_2M/rtl/TOP/C_2024_2M.v Line: 36
Info (12128): Elaborating entity "altpll" for hierarchy "pll_ip:pll_ip_inst|altpll:altpll_component" File: D:/Quartus_code/C_2024_2M/ip/pll/pll_ip.v Line: 107
Info (12130): Elaborated megafunction instantiation "pll_ip:pll_ip_inst|altpll:altpll_component" File: D:/Quartus_code/C_2024_2M/ip/pll/pll_ip.v Line: 107
Info (12133): Instantiated megafunction "pll_ip:pll_ip_inst|altpll:altpll_component" with the following parameter: File: D:/Quartus_code/C_2024_2M/ip/pll/pll_ip.v Line: 107
    Info (12134): Parameter "bandwidth_type" = "AUTO"
    Info (12134): Parameter "clk0_divide_by" = "1"
    Info (12134): Parameter "clk0_duty_cycle" = "50"
    Info (12134): Parameter "clk0_multiply_by" = "10"
    Info (12134): Parameter "clk0_phase_shift" = "0"
    Info (12134): Parameter "clk1_divide_by" = "4"
    Info (12134): Parameter "clk1_duty_cycle" = "50"
    Info (12134): Parameter "clk1_multiply_by" = "7"
    Info (12134): Parameter "clk1_phase_shift" = "0"
    Info (12134): Parameter "compensate_clock" = "CLK0"
    Info (12134): Parameter "inclk0_input_frequency" = "83333"
    Info (12134): Parameter "intended_device_family" = "MAX 10"
    Info (12134): Parameter "lpm_hint" = "CBX_MODULE_PREFIX=pll_ip"
    Info (12134): Parameter "lpm_type" = "altpll"
    Info (12134): Parameter "operation_mode" = "NORMAL"
    Info (12134): Parameter "pll_type" = "AUTO"
    Info (12134): Parameter "port_activeclock" = "PORT_UNUSED"
    Info (12134): Parameter "port_areset" = "PORT_USED"
    Info (12134): Parameter "port_clkbad0" = "PORT_UNUSED"
    Info (12134): Parameter "port_clkbad1" = "PORT_UNUSED"
    Info (12134): Parameter "port_clkloss" = "PORT_UNUSED"
    Info (12134): Parameter "port_clkswitch" = "PORT_UNUSED"
    Info (12134): Parameter "port_configupdate" = "PORT_UNUSED"
    Info (12134): Parameter "port_fbin" = "PORT_UNUSED"
    Info (12134): Parameter "port_inclk0" = "PORT_USED"
    Info (12134): Parameter "port_inclk1" = "PORT_UNUSED"
    Info (12134): Parameter "port_locked" = "PORT_USED"
    Info (12134): Parameter "port_pfdena" = "PORT_UNUSED"
    Info (12134): Parameter "port_phasecounterselect" = "PORT_UNUSED"
    Info (12134): Parameter "port_phasedone" = "PORT_UNUSED"
    Info (12134): Parameter "port_phasestep" = "PORT_UNUSED"
    Info (12134): Parameter "port_phaseupdown" = "PORT_UNUSED"
    Info (12134): Parameter "port_pllena" = "PORT_UNUSED"
    Info (12134): Parameter "port_scanaclr" = "PORT_UNUSED"
    Info (12134): Parameter "port_scanclk" = "PORT_UNUSED"
    Info (12134): Parameter "port_scanclkena" = "PORT_UNUSED"
    Info (12134): Parameter "port_scandata" = "PORT_UNUSED"
    Info (12134): Parameter "port_scandataout" = "PORT_UNUSED"
    Info (12134): Parameter "port_scandone" = "PORT_UNUSED"
    Info (12134): Parameter "port_scanread" = "PORT_UNUSED"
    Info (12134): Parameter "port_scanwrite" = "PORT_UNUSED"
    Info (12134): Parameter "port_clk0" = "PORT_USED"
    Info (12134): Parameter "port_clk1" = "PORT_USED"
    Info (12134): Parameter "port_clk2" = "PORT_UNUSED"
    Info (12134): Parameter "port_clk3" = "PORT_UNUSED"
    Info (12134): Parameter "port_clk4" = "PORT_UNUSED"
    Info (12134): Parameter "port_clk5" = "PORT_UNUSED"
    Info (12134): Parameter "port_clkena0" = "PORT_UNUSED"
    Info (12134): Parameter "port_clkena1" = "PORT_UNUSED"
    Info (12134): Parameter "port_clkena2" = "PORT_UNUSED"
    Info (12134): Parameter "port_clkena3" = "PORT_UNUSED"
    Info (12134): Parameter "port_clkena4" = "PORT_UNUSED"
    Info (12134): Parameter "port_clkena5" = "PORT_UNUSED"
    Info (12134): Parameter "port_extclk0" = "PORT_UNUSED"
    Info (12134): Parameter "port_extclk1" = "PORT_UNUSED"
    Info (12134): Parameter "port_extclk2" = "PORT_UNUSED"
    Info (12134): Parameter "port_extclk3" = "PORT_UNUSED"
    Info (12134): Parameter "self_reset_on_loss_lock" = "OFF"
    Info (12134): Parameter "width_clock" = "5"
Info (12021): Found 1 design units, including 1 entities, in source file db/pll_ip_altpll.v
    Info (12023): Found entity 1: pll_ip_altpll File: D:/Quartus_code/C_2024_2M/db/pll_ip_altpll.v Line: 30
Info (12128): Elaborating entity "pll_ip_altpll" for hierarchy "pll_ip:pll_ip_inst|altpll:altpll_component|pll_ip_altpll:auto_generated" File: e:/quartus17.1/quartus/libraries/megafunctions/altpll.tdf Line: 897
Info (12128): Elaborating entity "SPI_STM32F4" for hierarchy "SPI_STM32F4:u_SPI_STM32F4" File: D:/Quartus_code/C_2024_2M/rtl/TOP/C_2024_2M.v Line: 89
Info (12128): Elaborating entity "SPI" for hierarchy "SPI_STM32F4:u_SPI_STM32F4|SPI:u_SPI_inst" File: D:/Quartus_code/C_2024_2M/rtl/SPI/SPI_STM32F4.v Line: 43
Info (12128): Elaborating entity "DDS_lite" for hierarchy "DDS_lite:DDS_lite_inst" File: D:/Quartus_code/C_2024_2M/rtl/TOP/C_2024_2M.v Line: 114
Info (12128): Elaborating entity "dds_ctrl_lite" for hierarchy "DDS_lite:DDS_lite_inst|dds_ctrl_lite:dds_ctrl_lite_inst" File: D:/Quartus_code/C_2024_2M/rtl/DDS/DDS_lite.v Line: 41
Info (12128): Elaborating entity "rom_wave_sin" for hierarchy "DDS_lite:DDS_lite_inst|dds_ctrl_lite:dds_ctrl_lite_inst|rom_wave_sin:rom_ip_inst_1" File: D:/Quartus_code/C_2024_2M/rtl/DDS/dds_ctrl_lite.v Line: 21
Info (12128): Elaborating entity "altsyncram" for hierarchy "DDS_lite:DDS_lite_inst|dds_ctrl_lite:dds_ctrl_lite_inst|rom_wave_sin:rom_ip_inst_1|altsyncram:altsyncram_component" File: D:/Quartus_code/C_2024_2M/ip/rom/rom_wave_sin.v Line: 81
Info (12130): Elaborated megafunction instantiation "DDS_lite:DDS_lite_inst|dds_ctrl_lite:dds_ctrl_lite_inst|rom_wave_sin:rom_ip_inst_1|altsyncram:altsyncram_component" File: D:/Quartus_code/C_2024_2M/ip/rom/rom_wave_sin.v Line: 81
Info (12133): Instantiated megafunction "DDS_lite:DDS_lite_inst|dds_ctrl_lite:dds_ctrl_lite_inst|rom_wave_sin:rom_ip_inst_1|altsyncram:altsyncram_component" with the following parameter: File: D:/Quartus_code/C_2024_2M/ip/rom/rom_wave_sin.v Line: 81
    Info (12134): Parameter "address_aclr_a" = "NONE"
    Info (12134): Parameter "clock_enable_input_a" = "BYPASS"
    Info (12134): Parameter "clock_enable_output_a" = "BYPASS"
    Info (12134): Parameter "init_file" = "D:/Quartus_code/C_2024_2M/ip/rom/sin_2M.mif"
    Info (12134): Parameter "intended_device_family" = "MAX 10"
    Info (12134): Parameter "lpm_hint" = "ENABLE_RUNTIME_MOD=NO"
    Info (12134): Parameter "lpm_type" = "altsyncram"
    Info (12134): Parameter "numwords_a" = "4096"
    Info (12134): Parameter "operation_mode" = "ROM"
    Info (12134): Parameter "outdata_aclr_a" = "NONE"
    Info (12134): Parameter "outdata_reg_a" = "CLOCK0"
    Info (12134): Parameter "widthad_a" = "12"
    Info (12134): Parameter "width_a" = "8"
    Info (12134): Parameter "width_byteena_a" = "1"
Info (12021): Found 1 design units, including 1 entities, in source file db/altsyncram_6eb1.tdf
    Info (12023): Found entity 1: altsyncram_6eb1 File: D:/Quartus_code/C_2024_2M/db/altsyncram_6eb1.tdf Line: 27
Info (12128): Elaborating entity "altsyncram_6eb1" for hierarchy "DDS_lite:DDS_lite_inst|dds_ctrl_lite:dds_ctrl_lite_inst|rom_wave_sin:rom_ip_inst_1|altsyncram:altsyncram_component|altsyncram_6eb1:auto_generated" File: e:/quartus17.1/quartus/libraries/megafunctions/altsyncram.tdf Line: 791
Info (12128): Elaborating entity "DDS_time_delay_2M" for hierarchy "DDS_time_delay_2M:DDS_time_delay_2M_inst" File: D:/Quartus_code/C_2024_2M/rtl/TOP/C_2024_2M.v Line: 131
Info (12128): Elaborating entity "DDS_lite_phase" for hierarchy "DDS_time_delay_2M:DDS_time_delay_2M_inst|DDS_lite_phase:u_DDS_lite_phase" File: D:/Quartus_code/C_2024_2M/rtl/DDS/DDS_time_delay_2M.v Line: 46
Info (12128): Elaborating entity "dds_ctrl_lite_phase" for hierarchy "DDS_time_delay_2M:DDS_time_delay_2M_inst|DDS_lite_phase:u_DDS_lite_phase|dds_ctrl_lite_phase:dds_ctrl_lite_phase_inst" File: D:/Quartus_code/C_2024_2M/rtl/DDS/DDS_lite_phase.v Line: 53
Info (12021): Found 1 design units, including 1 entities, in source file db/altsyncram_kl14.tdf
    Info (12023): Found entity 1: altsyncram_kl14 File: D:/Quartus_code/C_2024_2M/db/altsyncram_kl14.tdf Line: 27
Info (12021): Found 1 design units, including 1 entities, in source file db/mux_f7c.tdf
    Info (12023): Found entity 1: mux_f7c File: D:/Quartus_code/C_2024_2M/db/mux_f7c.tdf Line: 22
Info (12021): Found 1 design units, including 1 entities, in source file db/decode_3af.tdf
    Info (12023): Found entity 1: decode_3af File: D:/Quartus_code/C_2024_2M/db/decode_3af.tdf Line: 22
Info (12021): Found 1 design units, including 1 entities, in source file db/cntr_frh.tdf
    Info (12023): Found entity 1: cntr_frh File: D:/Quartus_code/C_2024_2M/db/cntr_frh.tdf Line: 27
Info (12021): Found 1 design units, including 1 entities, in source file db/cmpr_jrb.tdf
    Info (12023): Found entity 1: cmpr_jrb File: D:/Quartus_code/C_2024_2M/db/cmpr_jrb.tdf Line: 22
Info (12021): Found 1 design units, including 1 entities, in source file db/cntr_uji.tdf
    Info (12023): Found entity 1: cntr_uji File: D:/Quartus_code/C_2024_2M/db/cntr_uji.tdf Line: 25
Info (12021): Found 1 design units, including 1 entities, in source file db/cntr_2rh.tdf
    Info (12023): Found entity 1: cntr_2rh File: D:/Quartus_code/C_2024_2M/db/cntr_2rh.tdf Line: 27
Info (12021): Found 1 design units, including 1 entities, in source file db/cmpr_hrb.tdf
    Info (12023): Found entity 1: cmpr_hrb File: D:/Quartus_code/C_2024_2M/db/cmpr_hrb.tdf Line: 22
Info (12021): Found 1 design units, including 1 entities, in source file db/cntr_odi.tdf
    Info (12023): Found entity 1: cntr_odi File: D:/Quartus_code/C_2024_2M/db/cntr_odi.tdf Line: 27
Info (12021): Found 1 design units, including 1 entities, in source file db/cmpr_drb.tdf
    Info (12023): Found entity 1: cmpr_drb File: D:/Quartus_code/C_2024_2M/db/cmpr_drb.tdf Line: 22
Info (12033): Analysis and Synthesis generated Signal Tap or debug node instance "auto_signaltap_0"
Info (11170): Starting IP generation for the debug fabric: alt_sld_fab.
Info (11172): 2024.08.02.09:39:33 Progress: Loading sld677389ac/alt_sld_fab_wrapper_hw.tcl
Info (11172): Alt_sld_fab.alt_sld_fab: SLD fabric agents which did not specify prefer_host were connected to JTAG
Info (11172): Alt_sld_fab: Generating alt_sld_fab "alt_sld_fab" for QUARTUS_SYNTH
Info (11172): Alt_sld_fab: "alt_sld_fab" instantiated alt_sld_fab "alt_sld_fab"
Info (11172): Presplit: "alt_sld_fab" instantiated altera_super_splitter "presplit"
Info (11172): Splitter: "alt_sld_fab" instantiated altera_sld_splitter "splitter"
Info (11172): Sldfabric: "alt_sld_fab" instantiated altera_sld_jtag_hub "sldfabric"
Info (11172): Ident: "alt_sld_fab" instantiated altera_connection_identification_hub "ident"
Info (11172): Alt_sld_fab: Done "alt_sld_fab" with 6 modules, 6 files
Info (11171): Finished IP generation for the debug fabric: alt_sld_fab.
Info (12021): Found 1 design units, including 1 entities, in source file db/ip/sld677389ac/alt_sld_fab.v
    Info (12023): Found entity 1: alt_sld_fab File: D:/Quartus_code/C_2024_2M/db/ip/sld677389ac/alt_sld_fab.v Line: 9
Info (12021): Found 1 design units, including 1 entities, in source file db/ip/sld677389ac/submodules/alt_sld_fab_alt_sld_fab.v
    Info (12023): Found entity 1: alt_sld_fab_alt_sld_fab File: D:/Quartus_code/C_2024_2M/db/ip/sld677389ac/submodules/alt_sld_fab_alt_sld_fab.v Line: 9
Info (12021): Found 1 design units, including 1 entities, in source file db/ip/sld677389ac/submodules/alt_sld_fab_alt_sld_fab_ident.sv
    Info (12023): Found entity 1: alt_sld_fab_alt_sld_fab_ident File: D:/Quartus_code/C_2024_2M/db/ip/sld677389ac/submodules/alt_sld_fab_alt_sld_fab_ident.sv Line: 33
Info (12021): Found 1 design units, including 1 entities, in source file db/ip/sld677389ac/submodules/alt_sld_fab_alt_sld_fab_presplit.sv
    Info (12023): Found entity 1: alt_sld_fab_alt_sld_fab_presplit File: D:/Quartus_code/C_2024_2M/db/ip/sld677389ac/submodules/alt_sld_fab_alt_sld_fab_presplit.sv Line: 3
Info (12021): Found 2 design units, including 1 entities, in source file db/ip/sld677389ac/submodules/alt_sld_fab_alt_sld_fab_sldfabric.vhd
    Info (12022): Found design unit 1: alt_sld_fab_alt_sld_fab_sldfabric-rtl File: D:/Quartus_code/C_2024_2M/db/ip/sld677389ac/submodules/alt_sld_fab_alt_sld_fab_sldfabric.vhd Line: 102
    Info (12023): Found entity 1: alt_sld_fab_alt_sld_fab_sldfabric File: D:/Quartus_code/C_2024_2M/db/ip/sld677389ac/submodules/alt_sld_fab_alt_sld_fab_sldfabric.vhd Line: 11
Info (12021): Found 1 design units, including 1 entities, in source file db/ip/sld677389ac/submodules/alt_sld_fab_alt_sld_fab_splitter.sv
    Info (12023): Found entity 1: alt_sld_fab_alt_sld_fab_splitter File: D:/Quartus_code/C_2024_2M/db/ip/sld677389ac/submodules/alt_sld_fab_alt_sld_fab_splitter.sv Line: 3
Info (13000): Registers with preset signals will power-up high File: D:/Quartus_code/C_2024_2M/rtl/SPI/SPI.v Line: 40
Info (13003): DEV_CLRn pin will set, and not reset, register with preset signal due to NOT Gate Push-Back
Warning (13024): Output pins are stuck at VCC or GND
    Warning (13410): Pin "spi_sdo" is stuck at GND File: D:/Quartus_code/C_2024_2M/rtl/TOP/C_2024_2M.v Line: 9
    Warning (13410): Pin "DAC_9708_GND" is stuck at GND File: D:/Quartus_code/C_2024_2M/rtl/TOP/C_2024_2M.v Line: 19
Info (286031): Timing-Driven Synthesis is running on partition "Top"
Info (17016): Found the following redundant logic cells in design
    Info (17048): Logic cell "SPI_STM32F4:u_SPI_STM32F4|Dout[8]" File: D:/Quartus_code/C_2024_2M/rtl/SPI/SPI_STM32F4.v Line: 24
    Info (17048): Logic cell "SPI_STM32F4:u_SPI_STM32F4|Dout[9]" File: D:/Quartus_code/C_2024_2M/rtl/SPI/SPI_STM32F4.v Line: 24
    Info (17048): Logic cell "SPI_STM32F4:u_SPI_STM32F4|Dout[10]" File: D:/Quartus_code/C_2024_2M/rtl/SPI/SPI_STM32F4.v Line: 24
    Info (17048): Logic cell "SPI_STM32F4:u_SPI_STM32F4|Dout[11]" File: D:/Quartus_code/C_2024_2M/rtl/SPI/SPI_STM32F4.v Line: 24
    Info (17048): Logic cell "SPI_STM32F4:u_SPI_STM32F4|Dout[12]" File: D:/Quartus_code/C_2024_2M/rtl/SPI/SPI_STM32F4.v Line: 24
    Info (17048): Logic cell "SPI_STM32F4:u_SPI_STM32F4|Dout[13]" File: D:/Quartus_code/C_2024_2M/rtl/SPI/SPI_STM32F4.v Line: 24
    Info (17048): Logic cell "SPI_STM32F4:u_SPI_STM32F4|Dout[14]" File: D:/Quartus_code/C_2024_2M/rtl/SPI/SPI_STM32F4.v Line: 24
    Info (17048): Logic cell "SPI_STM32F4:u_SPI_STM32F4|Dout[15]" File: D:/Quartus_code/C_2024_2M/rtl/SPI/SPI_STM32F4.v Line: 24
    Info (17048): Logic cell "SPI_STM32F4:u_SPI_STM32F4|Dout[27]" File: D:/Quartus_code/C_2024_2M/rtl/SPI/SPI_STM32F4.v Line: 24
    Info (17048): Logic cell "SPI_STM32F4:u_SPI_STM32F4|Dout[25]" File: D:/Quartus_code/C_2024_2M/rtl/SPI/SPI_STM32F4.v Line: 24
    Info (17048): Logic cell "SPI_STM32F4:u_SPI_STM32F4|Dout[24]" File: D:/Quartus_code/C_2024_2M/rtl/SPI/SPI_STM32F4.v Line: 24
    Info (17048): Logic cell "SPI_STM32F4:u_SPI_STM32F4|Dout[26]" File: D:/Quartus_code/C_2024_2M/rtl/SPI/SPI_STM32F4.v Line: 24
Info (35024): Successfully connected in-system debug instance "auto_signaltap_0" to all 152 required data inputs, trigger inputs, acquisition clocks, and dynamic pins
Info (16010): Generating hard_block partition "hard_block:auto_generated_inst"
    Info (16011): Adding 1 node(s), including 0 DDIO, 1 PLL, 0 transceiver and 0 LCELL
Info (21057): Implemented 1934 device resources after synthesis - the final resource count might be different
    Info (21058): Implemented 8 input pins
    Info (21059): Implemented 21 output pins
    Info (21061): Implemented 1801 logic cells
    Info (21064): Implemented 102 RAM segments
    Info (21065): Implemented 1 PLLs
Info: Quartus Prime Analysis & Synthesis was successful. 0 errors, 4 warnings
    Info: Peak virtual memory: 4906 megabytes
    Info: Processing ended: Fri Aug 02 09:39:38 2024
    Info: Elapsed time: 00:00:13
    Info: Total CPU time (on all processors): 00:00:07


